t,N,H,I
0,0,0,0
0.01000100010001,0.00656009769868076,0.00107745546080651,-0.00296801133287617
0.02000200020002,0.0172140337199549,0.00112529571574645,-0.00487897361040738
0.03000300030003,0.0270815438722668,0.00204958896886018,-0.00588916305894803
0.04000400040004,0.0361094374322856,5.05900944187797e-05,-0.00521752225925591
0.05000500050005,0.045293660819847,0.000811746396556221,-0.00692717136839172
0.06000600060006,0.0577040538710364,0.00166706125121644,-0.00653393966473026
0.07000700070007,0.0703374756338871,0.00299577915704645,-0.00626607784998222
0.08000800080008,0.0822930646275682,0.00367078064695662,-0.0054228219090361
0.09000900090009,0.0944430201400282,0.0067051805429545,-0.00571564182254807
0.1000100010001,0.10726093649453,0.00344238687526026,-0.00718197427051927
0.11001100110011,0.118404594864982,0.00520653359740927,-0.00670041013522127
0.12001200120012,0.13270370620214,0.00864949565519801,-0.00712201769377876
0.13001300130013,0.146287321204723,0.00933653193074908,-0.00717718676621509
0.14001400140014,0.153704628127683,0.00661554306796381,-0.00863622358386477
0.15001500150015,0.162977988136211,0.0108334425925857,-0.00647882284111112
0.16001600160016,0.172487449132302,0.00905696389660651,-0.00825963751512305
0.17001700170017,0.184875457737265,0.0130425906668738,-0.00888947507634285
0.18001800180018,0.195286132981177,0.0138262165150816,-0.00736874089439959
0.19001900190019,0.207166610671705,0.0144795880160154,-0.00895705873113879
0.2000200020002,0.218920669875363,0.0150626609806874,-0.00694137683338788
0.21002100210021,0.229344886584963,0.0163212782460702,-0.00664718441434721
0.22002200220022,0.239038435478811,0.0195471841224866,-0.00763320900719947
0.23002300230023,0.248296968617335,0.0219936073266706,-0.0103682763189191
0.24002400240024,0.258903989197511,0.0223105443637606,-0.0126401130929595
0.25002500250025,0.269134545933104,0.0244246073766547,-0.0116985505438734
0.26002600260026,0.281820860712526,0.0264484321010199,-0.0122392104039548
0.27002700270027,0.291110681463227,0.027422600977156,-0.0102681522279341
0.28002800280028,0.300907908319687,0.0281622708779976,-0.00880749462517351
0.29002900290029,0.312476487186327,0.0262643887069283,-0.0101806318729699
0.3000300030003,0.323923101200897,0.0289078514003148,-0.0096371413436223
0.31003100310031,0.333143073127123,0.0306259810802369,-0.0125566773208798
0.32003200320032,0.341532057923951,0.0334727512650397,-0.00910270276425303
0.33003300330033,0.352877933054629,0.0357705315520302,-0.0115672328943368
0.34003400340034,0.361420491023658,0.0390268111169757,-0.00928864257742939
0.35003500350035,0.371763093803215,0.0424309136087002,-0.0131574114989002
0.36003600360036,0.381272180558249,0.0428586024729618,-0.0127917803392713
0.37003700370037,0.393167505329763,0.0440955291362647,-0.0151780562729314
0.38003800380038,0.401012845285217,0.0457640872251959,-0.0156257971835324
0.39003900390039,0.409801933254461,0.0506228899359493,-0.0126181936208436
0.4000400040004,0.415997383160431,0.0537264332058152,-0.0149088767516127
0.41004100410041,0.424188631348401,0.0562759483707203,-0.00944682537813232
0.42004200420042,0.433676766133949,0.0573239361449641,-0.0106000195711868
0.43004300430043,0.444293185474298,0.0588750752436343,-0.0119420979060475
0.44004400440044,0.454292406508646,0.0638314555640372,-0.0130317435259701
0.45004500450045,0.463338437311195,0.0633018218952842,-0.0158107716871222
0.46004600460046,0.474006654831905,0.0671359581065226,-0.0172234550768798
0.47004700470047,0.48586525702484,0.0665843570011999,-0.0146015041755493
0.48004800480048,0.498534327294171,0.0684541684169763,-0.016105656870983
0.49004900490049,0.50956895490517,0.0702940739726581,-0.0149670108560034
0.5000500050005,0.517889718073936,0.0749950823246231,-0.0161955605963986
0.51005100510051,0.528499563390889,0.0810796680984415,-0.0169781976938227
0.52005200520052,0.539067904738224,0.0886586657317728,-0.0164407941283718
0.53005300530053,0.550003745784366,0.0920483017952227,-0.0178753661866611
0.54005400540054,0.559811513204954,0.0954172207942987,-0.0193019207736379
0.55005500550055,0.568271503206329,0.0996078344884273,-0.0220091851589587
0.56005600560056,0.5758760139308,0.104616032530769,-0.0232571355102596
0.57005700570057,0.584909723602878,0.107839256733625,-0.0219169042279332
0.58005800580058,0.597524380742262,0.109280241378778,-0.0206738876323861
0.59005900590059,0.609062744009895,0.112047787559107,-0.0189252635969337
0.6000600060006,0.617760367302628,0.117174515254473,-0.022232404679097
0.61006100610061,0.628986305139638,0.121151966985629,-0.02060141013319
0.62006200620062,0.637937320619915,0.121491394429157,-0.0221852364459635
0.63006300630063,0.64545840985431,0.125234741636636,-0.0200172243044842
0.64006400640064,0.656574265169577,0.126126227643997,-0.0184237051160028
0.65006500650065,0.667247073081822,0.128366801230695,-0.0175286529316697
0.66006600660066,0.675242124309206,0.132162345426627,-0.0157772900433974
0.67006700670067,0.684582008779508,0.136135347920955,-0.0146573336860943
0.68006800680068,0.694440815466237,0.1417949667481,-0.0115556380373199
0.69006900690069,0.701666129503058,0.144817166572682,-0.00996728380094699
0.7000700070007,0.709869913192232,0.145766011360058,-0.0138282173951519
0.71007100710071,0.720241138602995,0.153090089779243,-0.0119094680763628
0.72007200720072,0.733239331930635,0.156875905534489,-0.00710657367561789
0.73007300730073,0.743199652632122,0.164401072304482,-0.00537115069187191
0.74007400740074,0.750244458950372,0.167594467514627,-0.0032165955735746
0.75007500750075,0.758311067210644,0.173134408780902,-0.00336256881937835
0.76007600760076,0.766877337493839,0.177473847232765,0.000696991146535804
0.77007700770077,0.775266936976612,0.180934905409696,-0.000149962956290172
0.78007800780078,0.784920143361308,0.183432590043239,0.00169640419931321
0.79007900790079,0.794662081832541,0.187063730242621,0.000572272566907199
0.8000800080008,0.803765183871838,0.192256273565256,0.00335546502467197
0.81008100810081,0.812667470466018,0.195641599603465,0.00845469554111683
0.82008200820082,0.824167100589261,0.195184279727235,0.00993222188298945
0.83008300830083,0.833598332346714,0.196838356883487,0.0113817849968284
0.84008400840084,0.844434752456699,0.20053154300092,0.0146604531551082
0.85008500850085,0.853121148728106,0.206220175672818,0.0130462447470247
0.86008600860086,0.861289817730195,0.209612688902416,0.0158418855602958
0.87008700870087,0.871986507377542,0.213110478550436,0.0139894050310426
0.88008800880088,0.883918632317234,0.219728047097264,0.0159703042040211
0.89008900890089,0.894514943756752,0.222499323030695,0.017698700856025
0.9000900090009,0.901534799569825,0.225883973750785,0.0190928821722158
0.91009100910091,0.909864163394482,0.232387105328213,0.0205876651550594
0.92009200920092,0.919107718594336,0.235417632739812,0.0154518322417771
0.93009300930093,0.930836164134,0.242770288775077,0.0125714037061653
0.94009400940094,0.940742615709355,0.244156362858852,0.0135548926436196
0.95009500950095,0.951879085849146,0.24969084766779,0.0170799383450591
0.96009600960096,0.96248582338478,0.255247223565561,0.0144199806786262
0.97009700970097,0.972019269502512,0.256997820705651,0.0185340161280058
0.98009800980098,0.98397943194639,0.26037089862808,0.02140103006726
0.99009900990099,0.99295951204531,0.267872570680023,0.0238312974804132
1.000100010001,1.00449245070683,0.274925653080024,0.0277960300547456
1.01010101010101,1.01488183699289,0.281669015410403,0.0292527176697524
1.02010201020102,1.02704784270029,0.289047242694384,0.0298918242744068
1.03010301030103,1.03465220047371,0.296953072422683,0.0315433264597972
1.04010401040104,1.04341447452531,0.301213605515231,0.032727935939426
1.05010501050105,1.05485445738943,0.304511705820175,0.0342652962346073
1.06010601060106,1.06424261508572,0.30856754653009,0.0383814547251305
1.07010701070107,1.07117611383995,0.313150014075425,0.0382672108247723
1.08010801080108,1.08298577250848,0.320865317924409,0.0379742886574346
1.09010901090109,1.09584481340416,0.33068436744232,0.039565099088009
1.1001100110011,1.10408858908255,0.336433500486851,0.0407258686140384
1.11011101110111,1.11040171425496,0.341493674151458,0.0421033195458249
1.12011201120112,1.12045135204114,0.348635052452543,0.0418371810809692
1.13011301130113,1.13319823151236,0.351202186030983,0.0424011786423399
1.14011401140114,1.14068383851033,0.354803186039505,0.0402635358624287
1.15011501150115,1.15185632094303,0.359977018156545,0.0416220165339833
1.16011601160116,1.16308927771048,0.361802581656609,0.0430665727813166
1.17011701170117,1.17335228163224,0.368666881381963,0.0412037034604043
1.18011801180118,1.18347795932452,0.376539914829821,0.044044530466755
1.19011901190119,1.19403413040111,0.379326293110845,0.0432121101711978
1.2001200120012,1.20309624853861,0.38558028868961,0.0430622558526586
1.21012101210121,1.21390867508177,0.388082158001104,0.0483019453052345
1.22012201220122,1.2232061107433,0.394825416184093,0.0477457992351005
1.23012301230123,1.23382713391412,0.400916416961268,0.0475611436124978
1.24012401240124,1.24888307485595,0.407096974632058,0.049861889937683
1.25012501250125,1.25698015015625,0.412272780722298,0.0512343879848135
1.26012601260126,1.26846895004935,0.420759881221832,0.0578240593473583
1.27012701270127,1.27979231112795,0.428665513029547,0.0595439433292902
1.28012801280128,1.29107250059465,0.432938851221549,0.0597634525305292
1.29012901290129,1.30217287401854,0.439229151165157,0.0634865973402628
1.3001300130013,1.31514677727736,0.444952129327691,0.0647322432699134
1.31013101310131,1.32429607271252,0.449812604265016,0.0683286672884724
1.32013201320132,1.33222555089322,0.458619211444158,0.0713430522723461
1.33013301330133,1.34156873656261,0.46512317701527,0.0732523234671865
1.34013401340134,1.34756903423172,0.473315906474301,0.0762127931863088
1.35013501350135,1.35611949360358,0.477620831376548,0.0784534403082711
1.36013601360136,1.364587853182,0.486393263896125,0.0780898277906658
1.37013701370137,1.37639095424166,0.492599394025876,0.079488317676322
1.38013801380138,1.385468021844,0.501007566825719,0.082398876365515
1.39013901390139,1.39552229536774,0.506800474950408,0.0816160106992734
1.4001400140014,1.41046443721835,0.511541348988923,0.0856312808633873
1.41014101410141,1.42118887942253,0.516960801754254,0.0831702949825436
1.42014201420142,1.43221763455505,0.521609515158144,0.0839296137323428
1.43014301430143,1.44249453503711,0.5299957060205,0.0865945013713394
1.44014401440144,1.45154134507837,0.536415672026523,0.0899333528119085
1.45014501450145,1.46306980901566,0.544067303185909,0.0938491073524547
1.46014601460146,1.47399902380155,0.550289916686456,0.0948581403800991
1.47014701470147,1.48896864631225,0.558593806808816,0.0956476491685171
1.48014801480148,1.49661519647428,0.563139279459656,0.0972947102555583
1.49014901490149,1.50299655721403,0.572234416023646,0.100075176373574
1.5001500150015,1.51504746783836,0.57651379065679,0.0999796753636357
1.51015101510151,1.52327077452474,0.583645609281154,0.102330979909077
1.52015201520152,1.53169076940647,0.590760030134754,0.108666223634817
1.53015301530153,1.54414323046647,0.600791977561442,0.114915343135931
1.54015401540154,1.55336932828362,0.604411441350417,0.120712352914795
1.55015501550155,1.56776084899994,0.610611576447571,0.127063736789139
1.56015601560156,1.57908183401073,0.620903876423695,0.130164227857896
1.57015701570157,1.5894799503496,0.622078732305677,0.132004828147748
1.58015801580158,1.60021933446705,0.629971352504499,0.131678607097596
1.59015901590159,1.60986579115998,0.641808950156082,0.131998676800931
1.6001600160016,1.61958053336148,0.650761562771994,0.13457686001325
1.61016101610161,1.63163800424317,0.658684802478851,0.139204604379528
1.62016201620162,1.63965797499259,0.664036958065302,0.141152821854106
1.63016301630163,1.65206056869291,0.672604512042817,0.143264338115188
1.64016401640164,1.66048481951089,0.679003509521576,0.148426838214447
1.65016501650165,1.6676614040442,0.68465701827701,0.148786713407855
1.66016601660166,1.67823057865068,0.689622765454136,0.149935938168457
1.67016701670167,1.68754140663633,0.700976050608718,0.152353241884483
1.68016801680168,1.69545077246366,0.705566287977906,0.153745658533853
1.69016901690169,1.70390467763507,0.711552518813454,0.159074811982128
1.7001700170017,1.71511156148359,0.721010076775285,0.157410164583331
1.71017101710171,1.72690329746559,0.73306580939313,0.159552767013023
1.72017201720172,1.73993676355457,0.741370375975622,0.159213622168165
1.73017301730173,1.75026934655145,0.750325115951575,0.162285457057977
1.74017401740174,1.75996004985831,0.762171017963356,0.168497403097602
1.75017501750175,1.76972537744356,0.769732368217729,0.171975132960354
1.76017601760176,1.77903108754812,0.777601014732825,0.174080416450825
1.77017701770177,1.78727865548803,0.788703143627652,0.176975559943602
1.78017801780178,1.79703414345672,0.796012920391001,0.180513225612038
1.79017901790179,1.8068918424193,0.804807570133348,0.183917511101299
1.8001800180018,1.81811832595599,0.814193601502432,0.185255556144446
1.81018101810181,1.82658685412367,0.821318625733265,0.19065296438048
1.82018201820182,1.84116661918259,0.829361257363219,0.194966794968276
1.83018301830183,1.85248749329989,0.8370367621569,0.196716594306299
1.84018401840184,1.86257110003847,0.847087876047865,0.200851168450387
1.85018501850185,1.87464663795146,0.856584998320232,0.206516096458251
1.86018601860186,1.88443999508166,0.86674149258557,0.208867234604303
1.87018701870187,1.89411651919556,0.876416252493779,0.210785198413977
1.88018801880188,1.90377192450018,0.885635173026639,0.211756729953715
1.89018901890189,1.90869283729899,0.897167774063214,0.214038819063591
1.9001900190019,1.91863727871706,0.90970329206194,0.217514944499195
1.91019101910191,1.9249349091479,0.919288523033317,0.219531131981368
1.92019201920192,1.9347489464059,0.925388451129814,0.222439721620221
1.93019301930193,1.94696138604245,0.935182231278889,0.22587029493544
1.94019401940194,1.95484691318992,0.941976275756543,0.229833200842744
1.95019501950195,1.96706690355316,0.952175421587877,0.233081793305646
1.96019601960196,1.97500543202636,0.960925029779857,0.233645425074887
1.97019701970197,1.98698945941213,0.971721071031193,0.237058767414481
1.98019801980198,1.99616466735103,0.975555184600062,0.243348680954474
1.99019901990199,2.00765516501252,0.984854153112732,0.247552952104287
2.000200020002,2.01272751199039,0.992661007902881,0.251256743070057
2.01020102010201,2.02322334674137,1.00321951492948,0.254137378795434
2.02020202020202,2.03189891697431,1.0143626918798,0.256137341327808
2.03020302030203,2.03893988490671,1.02515457566775,0.260454242515074
2.04020402040204,2.04737290443942,1.03616282115531,0.265565661014121
2.05020502050205,2.05541160668436,1.04501830414822,0.271163635903219
2.06020602060206,2.06741843298349,1.05217200372754,0.277790497022971
2.07020702070207,2.07805734312225,1.06378723494196,0.278905396486159
2.08020802080208,2.08869246763619,1.07382264429231,0.280036427012492
2.09020902090209,2.09904204832304,1.08039310349193,0.284615645134742
2.1002100210021,2.10825210621962,1.09381983282044,0.291682140691705
2.11021102110211,2.11695106194852,1.10049742245967,0.299153812908409
2.12021202120212,2.12554513307032,1.11184054115881,0.300417654480832
2.13021302130213,2.13262627986379,1.12265582441795,0.308392552749217
2.14021402140214,2.14335009155721,1.1295473590128,0.312764662499757
2.15021502150215,2.15241312218324,1.13713509168582,0.314354941017223
2.16021602160216,2.16251005478156,1.14218975763407,0.315096747362129
2.17021702170217,2.17054922601809,1.15626218311707,0.318507729455371
2.18021802180218,2.18111410433878,1.16627704867355,0.320974575148445
2.19021902190219,2.19270870109027,1.17350507724125,0.325768436489728
2.2002200220022,2.20382899558758,1.1808588857159,0.3296579064061
2.21022102210221,2.21682740886119,1.19101279101728,0.335142382284993
2.22022202220222,2.2278020568705,1.19816770587373,0.33794753216298
2.23022302230223,2.2382504314896,1.20495497669896,0.341913294907935
2.24022402240224,2.24588037490609,1.21442226112645,0.344411968867417
2.25022502250225,2.25842908549614,1.22665551138424,0.347820750220328
2.26022602260226,2.26376773586608,1.23577629301239,0.351894281921752
2.27022702270227,2.27568715901548,1.24593847705727,0.355931498379219
2.28022802280228,2.28733340316639,1.25578748327707,0.362212441996981
2.29022902290229,2.2963163249622,1.26711634645471,0.366915907553879
2.3002300230023,2.30750494188008,1.27721156646817,0.371123852334978
2.31023102310231,2.31697533165003,1.28438095868913,0.375952846327634
2.32023202320232,2.32859535740744,1.29616923789283,0.380264054017549
2.33023302330233,2.33868971557604,1.30633851842047,0.383175436680495
2.34023402340234,2.35102333776376,1.31306867928031,0.386347920846188
2.35023502350235,2.35953014761352,1.32067802245096,0.392679596488174
2.36023602360236,2.36827442682974,1.33456455732125,0.397555125711861
2.37023702370237,2.37720901336212,1.33995396764417,0.402264386660961
2.38023802380238,2.38798540554142,1.35102483879256,0.404371189920201
2.39023902390239,2.39477432948599,1.36569757518373,0.409607699353187
2.4002400240024,2.40634688688095,1.37462454057174,0.415197997168228
2.41024102410241,2.41956328208495,1.38161154095258,0.419524236751635
2.42024202420242,2.43028291991844,1.39483166287488,0.423479922983694
2.43024302430243,2.43881389204595,1.39999855742064,0.426978475683109
2.44024402440244,2.45045348215776,1.40887799174213,0.431646530617029
2.45024502450245,2.46189986622043,1.41672969777262,0.437788631706352
2.46024602460246,2.47323420757141,1.42771020024034,0.446553628370899
2.47024702470247,2.48534705595264,1.43755908097789,0.450171448709266
2.48024802480248,2.49390782696726,1.44899229666171,0.455732381433818
2.49024902490249,2.50212669653754,1.46402607949793,0.461592373210929
2.5002500250025,2.51592558352174,1.47667974372072,0.464524776059991
2.51025102510251,2.52201006993741,1.48736187866341,0.471321985105011
2.52025202520252,2.53483571147852,1.49887207529642,0.473697543646342
2.53025302530253,2.54612239427187,1.51040616424279,0.477834812497611
2.54025402540254,2.55603341976362,1.52061410285589,0.482456223544137
2.55025502550255,2.56720979379272,1.52890508887672,0.489413305409368
2.56025602560256,2.57526153801531,1.54341729249035,0.492508715409229
2.57025702570257,2.58404225104973,1.55259123157034,0.497400632100931
2.58025802580258,2.59643685195182,1.56088248925257,0.503235118603091
2.59025902590259,2.60640859537456,1.57145614183934,0.506770191198222
2.6002600260026,2.61435294600701,1.58728331394185,0.509718147187763
2.61026102610261,2.62363506844664,1.59766552793069,0.511055395202145
2.62026202620262,2.63250213486665,1.60634777666968,0.512223262367888
2.63026302630263,2.64353108024529,1.61624227956757,0.518868824730542
2.64026402640264,2.65447556888453,1.6300358837725,0.522065555858012
2.65026502650265,2.6646704290772,1.63916613280215,0.526277825089391
2.66026602660266,2.67728501554997,1.65075502522514,0.533834592378753
2.67026702670267,2.68672500403689,1.66049631885479,0.542432439558307
2.68026802680268,2.69815836751607,1.67161387269271,0.549615361002971
2.69026902690269,2.70967388483747,1.68313755213856,0.554958441500601
2.7002700270027,2.72134104856015,1.69540948279204,0.560386790438991
2.71027102710271,2.72967887871376,1.70726860913014,0.569488992346612
2.72027202720272,2.74229569164094,1.72109860091638,0.574078462787144
2.73027302730273,2.75087837425036,1.73531675998911,0.580437927011822
2.74027402740274,2.75982457378365,1.74587853544844,0.587883186083216
2.75027502750275,2.76832422151815,1.75572835136456,0.595685807639276
2.76027602760276,2.77754612355106,1.76629285854067,0.599657375619802
2.77027702770277,2.7869942370083,1.77361355861974,0.601741280317394
2.78027802780278,2.80077532507212,1.7856351587219,0.609545587487883
2.79027902790279,2.80871913605981,1.80001027782184,0.612672221891678
2.8002800280028,2.81588079106742,1.81414828951239,0.617327751057715
2.81028102810281,2.82540478737823,1.82609358371836,0.619811739252276
2.82028202820282,2.83940377630335,1.8379828387666,0.62913764039793
2.83028302830283,2.8509148923976,1.85304886768341,0.635528648803768
2.84028402840284,2.86329524964063,1.86388195730837,0.64342989548954
2.85028502850285,2.87077082189378,1.87298706802777,0.647670495352716
2.86028602860286,2.87916526053387,1.88569720190528,0.655736982308539
2.87028702870287,2.88855917942952,1.90139739244978,0.658795138947028
2.88028802880288,2.89796460066822,1.91451336581866,0.663138124522185
2.89028902890289,2.90920249164133,1.92540706009798,0.669581206161548
2.9002900290029,2.91663639916922,1.93746526730282,0.677486332174101
2.91029102910291,2.92574565408144,1.95255469337071,0.681618661151519
2.92029202920292,2.93727369656255,1.96652574124331,0.685061978443699
2.93029302930293,2.94903226863981,1.98020069100143,0.686454473963424
2.94029402940294,2.9623192637836,1.9921304681073,0.696350944461638
2.95029502950295,2.97380326213701,2.00659031168282,0.702302516999931
2.96029602960296,2.98086633849358,2.01329263587544,0.707869826180616
2.97029702970297,2.98977358852172,2.02569454594197,0.715278496528591
2.98029802980298,2.99689208086799,2.04134147071761,0.721560363827054
2.99029902990299,3.00936296129868,2.04998065844329,0.721505586013511
3.000300030003,3.01801607416796,2.06229041339054,0.727626716590916
3.01030103010301,3.02974905277562,2.07554190318591,0.733990788463048
3.02030203020302,3.03898824402671,2.08624550144152,0.744611076724447
3.03030303030303,3.04745277901683,2.10058378168098,0.749543115604251
3.04030403040304,3.05586419312565,2.11073646013661,0.759392204746109
3.05030503050305,3.06471162321812,2.12550954152294,0.762519696521329
3.06030603060306,3.07178694494837,2.13734541149132,0.770240063449175
3.07030703070307,3.08282187130649,2.15625412060596,0.775423771765035
3.08030803080308,3.0914212026306,2.16978788848653,0.783937036509077
3.09030903090309,3.10330039928914,2.18174779037615,0.788758198121369
3.1003100310031,3.11065659829801,2.19554575332457,0.793334701965185
3.11031103110311,3.12008925873816,2.2091169949394,0.801664272333128
3.12031203120312,3.12757997696175,2.2207901047128,0.811809266634746
3.13031303130313,3.13662862072774,2.2328240513198,0.821841445254769
3.14031403140314,3.14885758758992,2.24942841079863,0.829554812867131
3.15031503150315,3.15861674777392,2.26336621719119,0.839082460563767
3.16031603160316,3.16609423019607,2.2746540203682,0.848107826014878
3.17031703170317,3.1740813146291,2.29036322292541,0.857751470587044
3.18031803180318,3.18657588775362,2.30418201006208,0.864314053056746
3.19031903190319,3.19700479650318,2.3175041841859,0.869277373833814
3.2003200320032,3.20652367725826,2.33226319713489,0.880476252048
3.21032103210321,3.21216148961567,2.34684649085753,0.889752007966521
3.22032203220322,3.22269992589567,2.36281082702469,0.900191156246665
3.23032303230323,3.23187217495286,2.3755044339884,0.909476417776401
3.24032403240324,3.24184501401415,2.38849640891606,0.918025361361344
3.25032503250325,3.25254817219268,2.40207199909277,0.925451171103899
3.26032603260326,3.26356525527814,2.416213185641,0.933672976895217
3.27032703270327,3.27196575212787,2.42744722507415,0.940450544377064
3.28032803280328,3.2822064239437,2.44219303684209,0.950388564121605
3.29032903290329,3.29156173548867,2.45884295379069,0.958653902372917
3.3003300330033,3.29779741133204,2.46880192828655,0.964910205678397
3.31033103310331,3.30544472584669,2.48135462246874,0.975340075255633
3.32033203320332,3.31548741049575,2.49895094171298,0.984757259070693
3.33033303330333,3.32673879320493,2.50847474352756,0.992554143502202
3.34033403340334,3.33733444416602,2.52247878976193,0.999194835225541
3.35033503350335,3.34469722859462,2.53921320832841,1.00929601476791
3.36033603360336,3.35626431171947,2.55315214440051,1.0190076495316
3.37033703370337,3.36394607192808,2.56708408675729,1.02299429528704
3.38033803380338,3.37562926380659,2.57936426664891,1.03199479643718
3.39033903390339,3.38146381531168,2.59216449115258,1.04077610682012
3.4003400340034,3.38938293498845,2.60454454895642,1.0512597660337
3.41034103410341,3.39983926390941,2.61858668857168,1.06172689669771
3.42034203420342,3.41232582070655,2.63477536824602,1.07077965033848
3.43034303430343,3.42397466008473,2.64853190808045,1.07853402797487
3.44034403440344,3.43273013356962,2.66268885060499,1.08904001808926
3.45034503450345,3.44117440830389,2.67906223643962,1.10055614660735
3.46034603460346,3.45050399508381,2.69168644163921,1.10878283515134
3.47034703470347,3.46059004597361,2.71167053543548,1.11676778512782
3.48034803480348,3.47182842742123,2.72857325739076,1.12739155547426
3.49034903490349,3.48284139052157,2.73922526894521,1.13457457631694
3.5003500350035,3.49158094541229,2.75862900082735,1.14465575012222
3.51035103510351,3.50273812169976,2.76894850785477,1.152044493653
3.52035203520352,3.5128110530882,2.78363316619072,1.16106945702542
3.53035303530353,3.52647873243945,2.80156818311242,1.16759568941003
3.54035403540354,3.53698364616456,2.81465976598265,1.17626339563762
3.55035503550355,3.54267689840299,2.83125362422898,1.18277901796093
3.56035603560356,3.55048289676766,2.84497845365597,1.19379416908603
3.57035703570357,3.55741418138259,2.86140154129077,1.20548243122607
3.58035803580358,3.56875522749553,2.87429273553057,1.21696626851779
3.59035903590359,3.5760196202784,2.88687007707742,1.22749103254389
3.6003600360036,3.58688950086746,2.90070212107178,1.23535109957822
3.61036103610361,3.595520144459,2.9165725903073,1.24300533418222
3.62036203620362,3.60810778056051,2.93201993971166,1.25150294479718
3.63036303630363,3.61812636407438,2.94959971603009,1.26288276402458
3.64036403640364,3.6267743295003,2.96878588037786,1.27206671887303
3.65036503650365,3.63715191879862,2.98431007037838,1.27809349578947
3.66036603660366,3.64893891098915,2.99381358989822,1.28988404182853
3.67036703670367,3.66032298736066,3.01088126489266,1.29958795433434
3.68036803680368,3.67166494431682,3.02354806809785,1.30906686890055
3.69036903690369,3.68617773122905,3.04069184354526,1.31438484348925
3.7003700370037,3.69804283306463,3.05856678459302,1.32273294651318
3.71037103710371,3.70788470794967,3.07351690613224,1.33493236559593
3.72037203720372,3.71845090479879,3.08770488975607,1.34069267309293
3.73037303730373,3.72608575965038,3.10443102118067,1.34897354085365
3.74037403740374,3.73635967499682,3.12147692189742,1.35795324831416
3.75037503750375,3.74687021669748,3.13807986830077,1.3653573990429
3.76037603760376,3.75383991694101,3.15675408249913,1.37621765228349
3.77037703770377,3.76062044770045,3.17486099211815,1.38507166690259
3.78037803780378,3.77375804925732,3.18850137753269,1.3920287063081
3.79037903790379,3.78060380303557,3.20567743972977,1.40180222505738
3.8003800380038,3.7914842399739,3.22443474150076,1.41366892732944
3.81038103810381,3.80240088280085,3.23669613512057,1.42633264413117
3.82038203820382,3.81316812012425,3.2548653351444,1.43463284639815
3.83038303830383,3.82755163448296,3.27086362719972,1.44582002778235
3.84038403840384,3.83808653893365,3.28048861617347,1.454619709525
3.85038503850385,3.84670139232228,3.29066580446965,1.46256786077911
3.86038603860386,3.85704518288234,3.30584606165845,1.47148840510807
3.87038703870387,3.86666218997077,3.32165621723382,1.47915071598087
3.88038803880388,3.87374839325281,3.33924419223539,1.48943940136855
3.89038903890389,3.88581876164015,3.35562371381463,1.49925516680043
3.9003900390039,3.8955144787313,3.37455920149428,1.51113302473488
3.91039103910391,3.90792134535947,3.39157606843695,1.51944516800905
3.92039203920392,3.91609731386838,3.40741475101691,1.53064966963094
3.93039303930393,3.92562891657577,3.42460615244115,1.54041755665931
3.94039403940394,3.93613101444853,3.44008066632776,1.55093207688389
3.95039503950395,3.94828647034366,3.45322040298917,1.5617706301384
3.96039603960396,3.96017659173368,3.46975394446879,1.56949115153648
3.97039703970397,3.96659844593431,3.48562700097995,1.57889990713782
3.98039803980398,3.97517649227214,3.50163116627447,1.58752178532451
3.99039903990399,3.9865947473458,3.52085145123676,1.59917163906775
4.000400040004,3.99559893172267,3.53708850820248,1.61060407562668
4.01040104010401,4.00587923866256,3.54816344190017,1.62172470557633
4.02040204020402,4.01624190519687,3.56699708077056,1.62883181928823
4.03040304030403,4.02494189326334,3.57961232855623,1.64092355920139
4.04040404040404,4.03256848526214,3.59999345570783,1.65083601693876
4.05040504050405,4.04209834477746,3.61764266142639,1.66543766319732
4.06040604060406,4.05027668295692,3.63279319049005,1.67620850597817
4.07040704070407,4.05913987284075,3.64606906613392,1.68896686796687
4.08040804080408,4.06853138298365,3.66165837345122,1.6988564235196
4.09040904090409,4.07830231154246,3.67642930922802,1.70670419242953
4.1004100410041,4.09243865884388,3.69435681895155,1.71771142304098
4.11041104110411,4.10452832077384,3.71044593157811,1.72780512059523
4.12041204120412,4.11400773968802,3.72842934476655,1.73781398775683
4.13041304130413,4.12310890141948,3.74665084162119,1.75002234305272
4.14041404140414,4.13373280631001,3.76199331144841,1.76071268494817
4.15041504150415,4.14168330540441,3.77801668617199,1.77049354050667
4.16041604160416,4.15653437551143,3.79616077322209,1.7826307780997
4.17041704170417,4.1687931669539,3.81286777593906,1.79318041734225
4.18041804180418,4.17508231933433,3.83148983548638,1.80642050578813
4.19041904190419,4.18502969258884,3.84365048338833,1.82015895407788
4.2004200420042,4.19957906506265,3.86158371023469,1.83103956183578
4.21042104210421,4.20979904198306,3.87721027742799,1.84360216147778
4.22042204220422,4.22306821383794,3.89568160378097,1.85516517440687
4.23042304230423,4.23360775680217,3.9107495414217,1.86410452912769
4.24042404240424,4.24275930746199,3.92982316769041,1.87509342625262
4.25042504250425,4.2510298898886,3.94612061544666,1.8855897459194
4.26042604260426,4.25999992212012,3.95873520881802,1.89737746206506
4.27042704270427,4.27399584996208,3.97710540618825,1.91229624798563
4.28042804280428,4.28697200885715,3.99222508244926,1.92080120911771
4.29042904290429,4.29601078453304,4.00969346189542,1.93432146269781
4.3004300430043,4.30404818484273,4.02755998673185,1.94516778643639
4.31043104310431,4.31508261274727,4.04476173170531,1.95486644133707
4.32043204320432,4.3247690463545,4.06358002428416,1.96137840737313
4.33043304330433,4.33349317438653,4.0803830805733,1.97424960697692
4.34043404340434,4.34133735247549,4.09542084660681,1.98770832225181
4.35043504350435,4.352167760935,4.11293656880244,2.00234867298281
4.36043604360436,4.36072391610199,4.12945239505349,2.01292360315363
4.37043704370437,4.36881706592859,4.14832239396607,2.02574844178276
4.38043804380438,4.38140566442421,4.16751381412367,2.03387181840734
4.39043904390439,4.39041742252383,4.18714927251099,2.04465037377378
4.4004400440044,4.39904925428345,4.20333373836509,2.05832303173293
4.41044104410441,4.40966882486818,4.22018611995913,2.0732164976322
4.42044204420442,4.41887996912306,4.23691850121146,2.08598641148112
4.43044304430443,4.42803133129472,4.25584793132544,2.09526141188275
4.44044404440444,4.43670010714143,4.27224122460324,2.10754681312814
4.45044504450445,4.44733897430653,4.28913453995968,2.11867688582059
4.46044604460446,4.45666747166916,4.30736207048009,2.12997834639626
4.47044704470447,4.46990019572053,4.32534219192311,2.14438467100072
4.48044804480448,4.47499720912522,4.34153743005714,2.15798415263062
4.49044904490449,4.48473291446977,4.35683947108604,2.16815911237638
4.5004500450045,4.49321686457884,4.37208172510895,2.17948436351735
4.51045104510451,4.50239668157917,4.39110235298849,2.19078503570248
4.52045204520452,4.51157344299174,4.40724347982318,2.20445048112781
4.53045304530453,4.52137971386903,4.4272051779256,2.21603215465108
4.54045404540454,4.53220341483829,4.44650425000882,2.22691733647969
4.55045504550455,4.54487009542666,4.46503463889833,2.24146209887362
4.56045604560456,4.55908987997496,4.48249527525515,2.25144492670562
4.57045704570457,4.56915805810896,4.5004121941151,2.26387359088609
4.58045804580458,4.58267823305004,4.51581909115659,2.27815117658625
4.59045904590459,4.59308017044737,4.53515177286647,2.29156785284885
4.6004600460046,4.60642033918431,4.55446500057501,2.30082383061865
4.61046104610461,4.6133920929777,4.57098083318668,2.3117845040561
4.62046204620462,4.62529686064339,4.59129322665582,2.32556961738331
4.63046304630463,4.63543622464662,4.61105147739896,2.33443471371344
4.64046404640464,4.64533487191486,4.6257278213298,2.34310366548202
4.65046504650465,4.6547808304123,4.64387135867804,2.35419514487444
4.66046604660466,4.66606813457142,4.66093671255096,2.36497333734633
4.67046704670467,4.67449861849467,4.67647677935622,2.37778709891007
4.68046804680468,4.68704566396863,4.6944539448317,2.39179006739345
4.69046904690469,4.70037234717282,4.7088677530086,2.40510509439262
4.7004700470047,4.71196355252746,4.72797472914274,2.4182633905773
4.71047104710471,4.72477327133674,4.74856518470904,2.43177670245514
4.72047204720472,4.73211753380985,4.76856459455929,2.44584426872115
4.73047304730473,4.74419659337424,4.78523721440915,2.45657459939993
4.74047404740474,4.75319747350294,4.79974430574018,2.47115787552334
4.75047504750475,4.76325615430585,4.818151762084,2.48295489981167
4.76047604760476,4.7742173616317,4.83863949487112,2.49204550579473
4.77047704770477,4.78585812401661,4.85684500400517,2.50272640654431
4.78047804780478,4.79521568654453,4.87437857458036,2.51247667491496
4.79047904790479,4.80703884840879,4.89355376786165,2.5202190219323
4.8004800480048,4.81765166283719,4.91378710114191,2.5365862434315
4.81048104810481,4.82220137153328,4.93321381064163,2.55412820460936
4.82048204820482,4.82952462540367,4.95301469313824,2.56822673775587
4.83048304830483,4.84152738652153,4.9752721938669,2.57773582876388
4.84048404840484,4.85057575313664,4.99584771936672,2.58830999213244
4.85048504850485,4.86382490632765,5.01561193264396,2.5997816398433
4.86048604860486,4.87228421756373,5.0340892436687,2.61140550536917
4.87048704870487,4.88376697702191,5.05100640450554,2.62445049347916
4.88048804880488,4.89556064707032,5.07350405014575,2.63833964137524
4.89048904890489,4.90487540970951,5.0926620950274,2.65104005339536
4.9004900490049,4.91419976430249,5.11091147760378,2.66465836909214
4.91049104910491,4.92261897207378,5.1339005237496,2.67712702182794
4.92049204920492,4.93190406082368,5.15367586015453,2.68937911740138
4.93049304930493,4.94306892579088,5.17162905769966,2.70446724358914
4.94049404940494,4.95153956393189,5.19204382873099,2.71766201263904
4.95049504950495,4.96272667982364,5.21035271631969,2.73009785563032
4.96049604960496,4.97307486849934,5.23087550803558,2.74126859525662
4.97049704970497,4.98419572855497,5.24777488603992,2.75751074367317
4.98049804980498,4.99611925653604,5.27100400329546,2.77023270728415
4.99049904990499,5.00791958839847,5.2915479146315,2.78041493857156
5.000500050005,5.02054877003268,5.30840481665793,2.79210521724108
5.01050105010501,5.03144267459293,5.32962175385964,2.80591754493025
5.02050205020502,5.04294231840322,5.35118320885576,2.81321452840406
5.03050305030503,5.05426852004623,5.36862782193749,2.82743364099909
5.04050405040504,5.06301375114243,5.39066784161367,2.84372413998438
5.05050505050505,5.07383819224747,5.41297986083098,2.8575909909751
5.06050605060506,5.08611513207955,5.43258137790682,2.87227006921201
5.07050705070507,5.09533051791471,5.45046248688727,2.88533992989037
5.08050805080508,5.10725680491411,5.47541446240843,2.89569492649459
5.09050905090509,5.11900102481276,5.49664329221569,2.90728949924636
5.1005100510051,5.13126093818706,5.51785146037315,2.91904488210375
5.11051105110511,5.14199525844353,5.53870645136313,2.93234858561067
5.12051205120512,5.15432032316984,5.55965345925657,2.94440573696319
5.13051305130513,5.16704825427811,5.57984131660228,2.95688589233863
5.14051405140514,5.17698663494035,5.59701877689835,2.97148505459718
5.15051505150515,5.18895651121538,5.61610996150693,2.98602496500475
5.16051605160516,5.20029129678543,5.63870284450346,2.99762527380707
5.17051705170517,5.21085395608373,5.66026789997416,3.01278168137627
5.18051805180518,5.22460215891594,5.68013507583481,3.0280031540999
5.19051905190519,5.23305244257863,5.70132470930473,3.03922111133534
5.2005200520052,5.24460142400867,5.72412014029878,3.05468425532091
5.21052105210521,5.25434056665386,5.74366923737132,3.0696766493481
5.22052205220522,5.26213722560037,5.76341973904658,3.08255216558365
5.23052305230523,5.27077955752527,5.78663734736458,3.09421391967843
5.24052405240524,5.27754671190034,5.80477948584854,3.10613257212059
5.25052505250525,5.29236532070569,5.82464847410874,3.12206899346292
5.26052605260526,5.30030062360303,5.84439305672932,3.13511684641882
5.27052705270527,5.30894386332755,5.86170449597769,3.15071961832634
5.28052805280528,5.31953054712196,5.88278177807297,3.16721664094823
5.29052905290529,5.32754604100963,5.9016720779129,3.17989507477935
5.3005300530053,5.33474468156751,5.92171405220245,3.19365417451998
5.31053105310531,5.34335782786109,5.94544995538665,3.20610809619137
5.32053205320532,5.35430102080478,5.96899857683405,3.22124197708573
5.33053305330533,5.36829628658012,5.99041217166323,3.2375204505228
5.34053405340534,5.37880180265491,6.01049471403979,3.25248080222509
5.35053505350535,5.39019532532198,6.02948411261431,3.26569567214231
5.36053605360536,5.40714876498074,6.05131254461919,3.28185266116783
5.37053705370537,5.41983226198745,6.07357203596537,3.2967399098076
5.38053805380538,5.42639016435868,6.09409855007476,3.31211472909953
5.39053905390539,5.43563176607632,6.11803988674672,3.32500126882151
5.4005400540054,5.44544161796927,6.13889056181902,3.3379482367176
5.41054105410541,5.45458576900399,6.16231622177061,3.34996986595205
5.42054205420542,5.46359134396204,6.18544918759472,3.36321323687761
5.43054305430543,5.47481129149456,6.20482889606014,3.37872404563612
5.44054405440544,5.48614853753192,6.22435984436517,3.39104896533691
5.45054505450545,5.49641596315917,6.24675876927242,3.40214538686714
5.46054605460546,5.50805488067326,6.26613993054913,3.41461257944701
5.47054705470547,5.51433335659498,6.28734646806297,3.42705889533185
5.48054805480548,5.5232224899573,6.30849996011159,3.44059040908343
5.49054905490549,5.53203270500661,6.3296690669948,3.45637247903847
5.5005500550055,5.54049258759467,6.35278636504697,3.4730440291891
5.51055105510551,5.54889884861502,6.37640588227937,3.48791554588082
5.52055205520552,5.55656451579369,6.39861252804607,3.50404677848857
5.53055305530553,5.56620731714343,6.42056470015329,3.5156579816757
5.54055405540554,5.57777042304003,6.44113368128318,3.53175723517991
5.55055505550555,5.58835171553189,6.46384121044094,3.54848167784263
5.56055605560556,5.59514885722376,6.48467015560478,3.56527195701415
5.57055705570557,5.60288011552859,6.50820325952522,3.57971042152945
5.58055805580558,5.61276228102241,6.53104038764867,3.59438447002307
5.59055905590559,5.62177220326623,6.55251888714801,3.60808272240533
5.6005600560056,5.629242219541,6.57474713587349,3.62483246441568
5.61056105610561,5.64360502751317,6.59497359611946,3.63927035382809
5.62056205620562,5.64942539071763,6.61629462555744,3.65915352345394
5.63056305630563,5.65879756598951,6.63751443778845,3.67394577371805
5.64056405640564,5.6678658108561,6.65570860277319,3.68984400694997
5.65056505650565,5.6791055057193,6.67729641341799,3.70372929108825
5.66056605660566,5.69254400795563,6.70034279124254,3.71903255040167
5.67056705670567,5.70354140845041,6.72192536227557,3.73314767135109
5.68056805680568,5.71281168720776,6.74370457590595,3.74708470520316
5.69056905690569,5.72328069776503,6.76235405094712,3.7609591707952
5.7005700570057,5.73539404623127,6.7818683130302,3.77330138107867
5.71057105710571,5.74791181483999,6.80561286031473,3.78591719014064
5.72057205720572,5.75815682084075,6.82799666234941,3.79666826185262
5.73057305730573,5.76589699391261,6.84878369807748,3.81195556137715
5.74057405740574,5.77746858778614,6.87150647615621,3.8266460676156
5.75057505750575,5.78776534686266,6.89201597328173,3.84145046627774
5.76057605760576,5.79576252268589,6.9142063838829,3.85424588317354
5.77057705770577,5.80281364909969,6.93903546484709,3.87033401833788
5.78057805780578,5.81228661849307,6.95689476030077,3.88638003278993
5.79057905790579,5.81891247361629,6.97861501741175,3.89924546797488
5.8005800580058,5.82606551417236,7.00156317034167,3.91080514937352
5.81058105810581,5.8347273977713,7.02176054735966,3.92605549927689
5.82058205820582,5.84318097719416,7.04606817820598,3.94108894896895
5.83058305830583,5.85586782107211,7.06768431522197,3.95331602451756
5.84058405840584,5.86658210658924,7.08950896082552,3.96786918232927
5.85058505850585,5.87712086578546,7.11516212478846,3.97774683301001
5.86058605860586,5.88855159562597,7.13955418278727,3.98970851619639
5.87058705870587,5.89976510687222,7.16014355273057,4.00910739298212
5.88058805880588,5.91171684809408,7.18300668474835,4.02721201707633
5.89058905890589,5.9204448979279,7.20735344010105,4.03897058688353
5.9005900590059,5.93005347321053,7.22995207861163,4.0559087055242
5.91059105910591,5.93996493738537,7.25114251244314,4.0714289180841
5.92059205920592,5.9501534692387,7.27349075278847,4.08520764114536
5.93059305930593,5.95732621306725,7.29150008714374,4.10176511551473
5.94059405940594,5.96707883338513,7.31575765835368,4.11732875409207
5.95059505950595,5.97359785053256,7.33869254948151,4.13425846980129
5.96059605960596,5.98330180263485,7.36575839875442,4.15182119906588
5.97059705970597,5.99636332142436,7.38794608732978,4.1679381099051
5.98059805980598,6.00603675763078,7.40930411661635,4.18190760483821
5.99059905990599,6.01828230839582,7.43114954899199,4.19690303986623
6.000600060006,6.02533734561498,7.45593380663548,4.21246748744846
6.01060106010601,6.03693887852472,7.47843585154873,4.22747107975157
6.02060206020602,6.04888453869859,7.50156645553527,4.24485828100318
6.03060306030603,6.05651257774885,7.52242103790848,4.25824436081508
6.04060406040604,6.06841687547039,7.5442498489372,4.27292796022885
6.05060506050605,6.07902750110033,7.56421481992543,4.28573748194143
6.06060606060606,6.08932820916943,7.5887406719996,4.29779439662776
6.07060706070607,6.09684039262507,7.6095336081909,4.31590130071753
6.08060806080608,6.10601269453138,7.63104423582435,4.32994934257316
6.09060906090609,6.11664682105921,7.65513198268983,4.34707179730852
6.1006100610061,6.12685805476287,7.67643019013332,4.36375746677221
6.11061106110611,6.14015425673906,7.69965358977241,4.37685348698404
6.12061206120612,6.15093444397931,7.72088926722719,4.38755834722678
6.13061306130613,6.15906512657712,7.74595368557004,4.40127853106224
6.14061406140614,6.16835116980169,7.7688338700859,4.41538794245764
6.15061506150615,6.17556276707121,7.79581767277562,4.43279803140697
6.16061606160616,6.18528652357806,7.81867406297379,4.44758754145685
6.17061706170617,6.19530396478976,7.84286835695334,4.46168052507879
6.18061806180618,6.20520878403027,7.86628736595717,4.47729646866913
6.19061906190619,6.215860578972,7.88958582579183,4.49236358125661
6.2006200620062,6.22444561703084,7.91475642129276,4.50872350475837
6.21062106210621,6.23618323186065,7.93724668203389,4.52558708605712
6.22062206220622,6.24271841854429,7.96057486029605,4.54010704494494
6.23062306230623,6.25424770488396,7.98716062890999,4.55796921283523
6.24062406240624,6.26375902202126,8.01228949568742,4.57074083061516
6.25062506250625,6.27233928801732,8.03665070216592,4.58609864618154
6.26062606260626,6.28609646225576,8.05845808807395,4.60035926690258
6.27062706270627,6.2977495600045,8.07840017201139,4.61756653140185
6.28062806280628,6.30931071988502,8.10072737896023,4.63312967636851
6.29062906290629,6.3213937534197,8.12508739941998,4.64845464548721
6.3006300630063,6.33297318963715,8.1475628309396,4.66384151056849
6.31063106310631,6.34306630499456,8.17483971626103,4.67639034943446
6.32063206320632,6.35592264542328,8.19694299213693,4.69083551507203
6.33063306330633,6.36248345348684,8.22058905825986,4.71007723629407
6.34063406340634,6.37284672758388,8.23987450440032,4.72633592747639
6.35063506350635,6.38343608668921,8.26539360432971,4.73982981273491
6.36063606360636,6.39670338795278,8.28752585531351,4.75202500691401
6.37063706370637,6.40981640975676,8.30958597740331,4.76504068703128
6.38063806380638,6.41953097681569,8.33554883808386,4.77727138508159
6.39063906390639,6.42924708326002,8.35327592172644,4.79546871476063
6.4006400640064,6.43924778039445,8.37654214079298,4.80885324186464
6.41064106410641,6.44362715620281,8.40326349798024,4.8255220327184
6.42064206420642,6.45427125394969,8.42846762374595,4.83615703466768
6.43064306430643,6.46504458138872,8.45095750229198,4.8499278624869
6.44064406440644,6.47360706000738,8.47527400274768,4.86264319845692
6.45064506450645,6.48320421454532,8.49945587724019,4.8774028608747
6.46064606460646,6.49774139877424,8.52232947815425,4.88942971833038
6.47064706470647,6.51199151808419,8.54691120434295,4.90814226686719
6.48064806480648,6.52279559576299,8.57411441647513,4.92577187031757
6.49064906490649,6.53347172442132,8.59790498673922,4.93836006447034
6.5006500650065,6.54445592901178,8.61993579605025,4.9512468036884
6.51065106510651,6.5547055247437,8.64588746945389,4.96410450624851
6.52065206520652,6.56110263863173,8.66817509518588,4.97859006526978
6.53065306530653,6.56601940341477,8.69039442410962,4.99244067434989
6.54065406540654,6.5753177529871,8.71608452278793,5.01197082204637
6.55065506550655,6.58426300329468,8.74043742864735,5.02584230053299
6.56065606560656,6.59620895953917,8.76724417024271,5.04033404559914
6.57065706570657,6.60674022745441,8.7921914490799,5.05578956661885
6.58065806580658,6.61650584044571,8.81667718214049,5.06973077842586
6.59065906590659,6.62822511709349,8.83962124760466,5.08709862797197
6.6006600660066,6.63739738670746,8.86264726195165,5.10612425252678
6.61066106610661,6.64854762095742,8.88768266390529,5.11908954865884
6.62066206620662,6.66044484373863,8.91277465558516,5.13595270169888
6.63066306630663,6.67070603650249,8.93474858172782,5.15239630278204
6.64066406640664,6.68300670421928,8.95403643429869,5.16668827433401
6.65066506650665,6.69322877783637,8.9769099148621,5.18214243286805
6.66066606660666,6.7000671560693,9.00027968768493,5.19743782454406
6.67066706670667,6.7097296499001,9.02484550319469,5.21221299017773
6.68066806680668,6.72195218653314,9.04792361128336,5.22561914825572
6.69066906690669,6.73275945176108,9.07294504067702,5.2383711917246
6.7006700670067,6.74336021782478,9.0962612788816,5.25526300169165
6.71067106710671,6.75494043236239,9.11747347340741,5.26900998740723
6.72067206720672,6.76416270566223,9.14463573686285,5.28206473824002
6.73067306730673,6.77432492999575,9.16896667004987,5.29780622805902
6.74067406740674,6.78619800902484,9.19102317524099,5.31382052765277
6.75067506750675,6.79893008962138,9.21782604118895,5.32798568171005
6.76067606760676,6.8058758465026,9.24107671322747,5.34333737259939
6.77067706770677,6.81639740930084,9.26665441407159,5.35666112334012
6.78067806780678,6.82299428402739,9.29237466209499,5.37143454446375
6.79067906790679,6.83170669308018,9.31833493933648,5.38834793852487
6.8006800680068,6.84115854479397,9.34468030966504,5.39833429282685
6.81068106810681,6.85239844270853,9.37117480862015,5.41019301642894
6.82068206820682,6.86127104280146,9.39681391206737,5.42747005537386
6.83068306830683,6.87301238826525,9.42020848593693,5.44087740319838
6.84068406840684,6.88233600222107,9.44636313757367,5.45660063918676
6.85068506850685,6.89271682608599,9.46873302160783,5.47059223694993
6.86068606860686,6.90496571013623,9.49482451258288,5.49020470137212
6.87068706870687,6.91617819033815,9.51643069465574,5.50686449811663
6.88068806880688,6.92602872295606,9.54104321399648,5.51993544302572
6.89068906890689,6.93541080369547,9.56583761269042,5.53537639983357
6.9006900690069,6.94242287518679,9.59027635909107,5.54695692738505
6.91069106910691,6.95386967753405,9.61515964248514,5.56122970959815
6.92069206920692,6.96323805350453,9.63992112120699,5.57484155371727
6.93069306930693,6.97749316344868,9.66506301224318,5.58867275509527
6.94069406940694,6.98872054139734,9.69076939235966,5.6004335094569
6.95069506950695,6.99550987731893,9.71449899873286,5.61518039785545
6.96069606960696,7.00791515559749,9.73855034805791,5.62957171471159
6.97069706970697,7.01645530527197,9.76468324716901,5.64300259781342
6.98069806980698,7.0274878973416,9.78730956555454,5.65842423890634
6.99069906990699,7.03529298026847,9.81348234776157,5.67303933576762
7.000700070007,7.04434121240675,9.83768330359975,5.68583549580676
7.01070107010701,7.05410686810189,9.85971311279647,5.69693548826659
7.02070207020702,7.06036609564567,9.88777719696623,5.71305323215456
7.03070307030703,7.07340382258394,9.9138740188989,5.72911287091736
7.04070407040704,7.0853334830419,9.94089778498094,5.74619161698403
7.05070507050705,7.09544919460533,9.96778941145806,5.75888742808153
7.06070607060706,7.10615674972737,9.9923709812727,5.7740683650962
7.07070707070707,7.11372630652974,10.0184424892006,5.78828466788065
7.08070807080708,7.12156719905903,10.0455629522437,5.79768276337535
7.09070907090709,7.13311926245512,10.0738549320587,5.81226134026029
7.1007100710071,7.14134046775764,10.0972606418832,5.82663153947426
7.11071107110711,7.15273378107165,10.126485999256,5.83989617389238
7.12071207120712,7.16375482685881,10.1523115888288,5.85269695787211
7.13071307130713,7.17184773400633,10.1770211168155,5.87091341857401
7.14071407140714,7.18209098924965,10.2019283135067,5.88439939614548
7.15071507150715,7.19165313951549,10.229034126728,5.89805060212457
7.16071607160716,7.20551618793216,10.2536411619087,5.9120246373373
7.17071707170717,7.2163870704395,10.278297498293,5.92621758912456
7.18071807180718,7.22933047645514,10.3062176659136,5.94669640925683
7.19071907190719,7.24029311863866,10.3314756002998,5.95938605274537
7.2007200720072,7.2495698198484,10.3594257745873,5.9743672017085
7.21072107210721,7.25845767852772,10.3834489459359,5.98822047732569
7.22072207220722,7.26852219594173,10.4093717759542,6.00345058610314
7.23072307230723,7.27807882674195,10.4376258262915,6.02071514863285
7.24072407240724,7.28794008060357,10.4624203336774,6.03168574717342
7.25072507250725,7.29936367709957,10.4863981356121,6.04391465517293
7.26072607260726,7.30407826916789,10.5116368639992,6.05983323062004
7.27072707270727,7.31325969555613,10.538228384439,6.07305703740335
7.28072807280728,7.32305095735079,10.5650164256803,6.08925219493085
7.29072907290729,7.3367704325056,10.5901626675638,6.10127528381466
7.3007300730073,7.34561157634131,10.6195209821044,6.11818262212454
7.31073107310731,7.35182171771368,10.6475047811949,6.13019780127976
7.32073207320732,7.36312498052219,10.6745649779846,6.14434260938889
7.33073307330733,7.37161841589933,10.7020776776244,6.16018620211109
7.34073407340734,7.38068643623202,10.7274914230362,6.17671225585569
7.35073507350735,7.38879242717466,10.7560206015158,6.1942968736756
7.36073607360736,7.39841541904528,10.7801480755934,6.20658756181615
7.37073707370737,7.41067725763244,10.8088833276408,6.21926479226949
7.38073807380738,7.42249092707247,10.8362422390094,6.23282863013259
7.39073907390739,7.43305294244344,10.8590609674961,6.24780749887498
7.4007400740074,7.43931636569795,10.883753861734,6.26589582804462
7.41074107410741,7.45118704740331,10.9076185405646,6.27792890767632
7.42074207420742,7.46046718707507,10.938650601307,6.29467409198507
7.43074307430743,7.47018508918747,10.9647701197121,6.30440519048167
7.44074407440744,7.48206131838099,10.9918443136022,6.32110613355734
7.45074507450745,7.49038182620699,11.0178386580881,6.33545880592197
7.46074607460746,7.49770898896273,11.0483770774258,6.34935623199822
7.47074707470747,7.50551877299069,11.0712243170828,6.36631583872878
7.48074807480748,7.5178768794635,11.0938613827522,6.38112161930685
7.49074907490749,7.52651371303836,11.1193352739507,6.39892456942546
7.5007500750075,7.53705461388497,11.1445657701056,6.41137795423317
7.51075107510751,7.548630588543,11.1713335761043,6.42813263106838
7.52075207520752,7.56127606197928,11.2001880436658,6.43785757146549
7.53075307530753,7.5718438533591,11.227620696947,6.45467215547422
7.54075407540754,7.58619068155423,11.2556829648954,6.46710761600479
7.55075507550755,7.59990700108294,11.2835231740185,6.48126030732867
7.56075607560756,7.61036245717,11.3099433193993,6.49731351136135
7.57075707570757,7.62192297742595,11.3384297754846,6.50999539517709
7.58075807580758,7.63299913933441,11.3659669971222,6.52514804508558
7.59075907590759,7.64273981429427,11.3941644892419,6.54068744533197
7.6007600760076,7.65152514146247,11.4198387778022,6.55452656667924
7.61076107610761,7.6617255263031,11.4450630790013,6.5723252949191
7.62076207620762,7.67303580429323,11.4755918214186,6.58558341444846
7.63076307630763,7.68076243846914,11.5023878069,6.60117064995227
7.64076407640764,7.6873169652931,11.5299267757574,6.61569440644011
7.65076507650765,7.69834031056964,11.5586531205809,6.630253722595
7.66076607660766,7.70614510022162,11.5852974370345,6.64721459808333
7.67076707670767,7.7132054792919,11.6118361874539,6.66206636309153
7.68076807680768,7.71573877007707,11.6407291030684,6.67831925183582
7.69076907690769,7.72563889037418,11.667096666372,6.69542167593816
7.7007700770077,7.73583437337338,11.6912600324229,6.71126786268089
7.71077107710771,7.74477968472809,11.7210235218072,6.72448930664314
7.72077207720772,7.75626447599847,11.7478823109667,6.73568409716115
7.73077307730773,7.76652785493279,11.7757617219123,6.75077364217574
7.74077407740774,7.77758582331441,11.802404532223,6.76222674134457
7.75077507750775,7.78805775083345,11.827713239905,6.77823950275711
7.76077607760776,7.79740549746377,11.8528403168376,6.79128468350317
7.77077707770777,7.80939731465243,11.8793464518677,6.80561356073816
7.78077807780778,7.81886152324975,11.9064053797797,6.81946482206285
7.79077907790779,7.82799464437728,11.9363809251879,6.83468872326507
7.8007800780078,7.83920578993393,11.9661969775042,6.85056756214543
7.81078107810781,7.84854324848757,11.9953229344181,6.86364220266134
7.82078207820782,7.86023773033286,12.0225653930752,6.87781576504359
7.83078307830783,7.86873243571215,12.0507785489348,6.88874931552208
7.84078407840784,7.87954536072354,12.0794881094885,6.90398129939816
7.85078507850785,7.88920533632177,12.1067270312494,6.91763195289713
7.86078607860786,7.8979092619576,12.1354207886553,6.93353299984732
7.87078707870787,7.90974896491776,12.1621509935602,6.94814457103608
7.88078807880788,7.91957829439351,12.1898151351442,6.96170782418798
7.89078907890789,7.92875956173191,12.2143909086955,6.97628957264944
7.9007900790079,7.93846685960644,12.2428081666286,6.98967996095836
7.91079107910791,7.94910546411885,12.267674598982,7.0034035492744
7.92079207920792,7.96022611070164,12.2971192057043,7.01742142691484
7.93079307930793,7.96963326525521,12.3240153080064,7.03226371983556
7.94079407940794,7.98434961995722,12.3539254392378,7.04548603884718
7.95079507950795,7.99598787500299,12.3840962887087,7.05574879423743
7.96079607960796,8.00803044830345,12.4109931536167,7.07312045545859
7.97079707970797,8.01781532747819,12.43996947253,7.08662434883165
7.98079807980798,8.0297331969893,12.4695941741421,7.10117682884487
7.99079907990799,8.04062832050155,12.4962080035503,7.11585860998188
8.000800080008,8.05004743482095,12.5216465910405,7.12690684582232
8.01080108010801,8.05986006286702,12.5509792424748,7.13722807819641
8.02080208020802,8.06912855961886,12.5766614106115,7.15019680317724
8.03080308030803,8.08108856621265,12.6042808070208,7.16435188917292
8.04080408040804,8.09197839299892,12.6327942111658,7.17904202238134
8.05080508050805,8.10518192405276,12.6611219064026,7.19446953164132
8.06080608060806,8.11582422778119,12.6846858887462,7.20581999775755
8.07080708070807,8.12467043591214,12.714061749735,7.2210599343962
8.08080808080808,8.13576274778073,12.7372640776763,7.23602114623058
8.09080908090809,8.1467142389864,12.7657757680536,7.25079748320384
8.1008100810081,8.15712195590963,12.7918702028908,7.26526759050245
8.11081108110811,8.16842989581893,12.8206868605016,7.27401484179934
8.12081208120812,8.17631000365134,12.8496963550714,7.28776100829369
8.13081308130813,8.18384431478192,12.8786325008271,7.30141905322975
8.14081408140814,8.19378265688131,12.9067161886503,7.31281554755607
8.15081508150815,8.20370463068961,12.9353654397954,7.32905133004359
8.16081608160816,8.213766209992,12.9643343398448,7.34309639819863
8.17081708170817,8.22437207008935,12.9947460749849,7.35723022336174
8.18081808180818,8.23487094557222,13.022185031083,7.37012090730016
8.19081908190819,8.24594548702354,13.0484265369152,7.38494214530755
8.2008200820082,8.25593865616236,13.0743049572935,7.3992307016804
8.21082108210821,8.2681413844043,13.1040860846834,7.41116253460504
8.22082208220822,8.27732306857479,13.1330983471754,7.42503551821907
8.23082308230823,8.28974855011309,13.1630595702773,7.43556249270592
8.24082408240824,8.29944176080535,13.1932591213756,7.44843647419569
8.25082508250825,8.30992518240828,13.2209654511811,7.46230845861068
8.26082608260826,8.31857162354893,13.2474626327561,7.47575735790672
8.27082708270827,8.32754352215754,13.2769909693392,7.48967544275889
8.28082808280828,8.33996037528348,13.3030216390501,7.50126908698887
8.29082908290829,8.35211507591613,13.3300054060664,7.51607802123327
8.3008300830083,8.36110182073899,13.3558423008084,7.52843740944709
8.31083108310831,8.37076415473014,13.386074327033,7.53712766926829
8.32083208320832,8.38243324831472,13.4135183974264,7.55035752211626
8.33083308330833,8.39293035009804,13.4398880829877,7.56513424589605
8.34083408340834,8.39914332364394,13.467935973696,7.58035142887417
8.35083508350835,8.41133102051509,13.4971049173368,7.59496118786439
8.36083608360836,8.4231907108257,13.52616602883,7.6060253848987
8.37083708370837,8.43417898800714,13.5567686957457,7.62297164931249
8.38083808380838,8.44542431891488,13.585239312044,7.63610506734041
8.39083908390839,8.45710107050708,13.6166330110338,7.65193525970555
8.4008400840084,8.46676991347883,13.6453462117099,7.66618870663007
8.41084108410841,8.48056665548934,13.6717312307659,7.67855015611893
8.42084208420842,8.49155963247751,13.7013362424067,7.68912879818834
8.43084308430843,8.50079733327911,13.7293327700841,7.70138600687113
8.44084408440844,8.51051010953033,13.7590503227072,7.71818705579045
8.45084508450845,8.52222662322197,13.7862724129113,7.73088215078172
8.46084608460846,8.53301089385261,13.8178335933778,7.74772294904508
8.47084708470847,8.54500068578771,13.847783307939,7.75746356168057
8.48084808480848,8.55536483421531,13.8775744952439,7.77408674791158
8.49084908490849,8.55949245462974,13.9079855192618,7.78891022151073
8.5008500850085,8.56848879636964,13.9327142701339,7.80222784374881
8.51085108510851,8.57698569851978,13.9647169084786,7.81419269021543
8.52085208520852,8.58615372877362,13.9938734318736,7.82539848633765
8.53085308530853,8.59895784881289,14.0212029346573,7.83726491848989
8.54085408540854,8.61359633071788,14.0511658213378,7.84988108805864
8.55085508550855,8.62770133646509,14.0808642513055,7.86507514236547
8.56085608560856,8.64132668322236,14.1084292234538,7.87655471590702
8.57085708570857,8.64839147801088,14.138735617455,7.89370370062997
8.58085808580858,8.65739275312072,14.1667210002535,7.90564205045246
8.59085908590859,8.66724252211882,14.1945789694584,7.91627936100236
8.6008600860086,8.67844435503113,14.2262441188342,7.93014174409107
8.61086108610861,8.68337741348296,14.2537606024104,7.94620036452637
8.62086208620862,8.69435314436604,14.2861544551469,7.95828923647162
8.63086308630863,8.70186965548775,14.3142789805266,7.97300032991944
8.64086408640864,8.71038449272767,14.3448283253679,7.98576409430244
8.65086508650865,8.72068713330672,14.3739957148601,8.00399840419808
8.66086608660866,8.73189519797919,14.4022135731915,8.01685317356675
8.67086708670867,8.74131449711996,14.4282003143236,8.03311579249778
8.68086808680868,8.75180379964168,14.4603121165339,8.04757757597052
8.69086908690869,8.75962095692434,14.4911628627951,8.0633281011945
8.7008700870087,8.76979279793654,14.5189313700257,8.07812097803669
8.71087108710871,8.78268294487983,14.548713223922,8.09082469940887
8.72087208720872,8.78953167741665,14.577901970828,8.10366527927883
8.73087308730873,8.79555695554976,14.6061609920454,8.11703240141689
8.74087408740874,8.80437020220971,14.6321266951349,8.13488122636871
8.75087508750875,8.81515330605247,14.663583759092,8.14425245309218
8.76087608760876,8.82559109572711,14.6920609367802,8.16029412815663
8.77087708770877,8.83540888973854,14.7194877074086,8.17625904680908
8.78087808780878,8.85070580352548,14.7489247013546,8.18590633679248
8.79087908790879,8.86074179372441,14.7761632784371,8.19675932553895
8.8008800880088,8.87445993418732,14.8041127718607,8.20923454318187
8.81088108810881,8.8845823681831,14.8281158387927,8.22280851344329
8.82088208820882,8.89404914470273,14.857260149637,8.23408182674353
8.83088308830883,8.90329549531076,14.8847049746351,8.2502082553947
8.84088408840884,8.91084278683368,14.9141752898597,8.26105353264847
8.85088508850885,8.92183853735463,14.9407747053887,8.27215217025969
8.86088608860886,8.93384364389457,14.9725700014359,8.28147212275514
8.87088708870887,8.94471978043648,15.006999718625,8.29256663318233
8.88088808880888,8.95696923378627,15.0377898433883,8.30641557647139
8.89088908890889,8.96852318894312,15.0692772020666,8.31927150082992
8.9008900890089,8.97824158826126,15.1011717214019,8.32925333372164
8.91089108910891,8.98725341022469,15.1287350531342,8.34158081131155
8.92089208920892,8.99468121487025,15.1613830932477,8.35511781458574
8.93089308930893,9.00290720915337,15.1931248284924,8.36839025884703
8.94089408940894,9.01408282440842,15.2233397677279,8.3866240462263
8.95089508950895,9.02582497115389,15.2522529465839,8.39916023962456
8.96089608960896,9.03590363511414,15.2825730030773,8.411185248045
8.97089708970897,9.04599559297352,15.3135175787055,8.42664921795085
8.98089808980898,9.05662661337224,15.3433179180326,8.43710743438831
8.99089908990899,9.0649675962713,15.3749622780162,8.44897674537968
9.000900090009,9.07818973619289,15.4050656476186,8.46210601064123
9.01090109010901,9.08827679910585,15.440672776688,8.47497521249413
9.02090209020902,9.09665336890722,15.4691535285377,8.49204464024148
9.03090309030903,9.10144152501957,15.4997508050882,8.50651310965042
9.04090409040904,9.11523428261818,15.5312276202235,8.51860424212155
9.05090509050905,9.12521715089802,15.561200566417,8.52983220246461
9.06090609060906,9.13705522717459,15.5881652986335,8.53954866072876
9.07090709070907,9.14621619496424,15.6178274294788,8.54961438619118
9.08090809080908,9.15680367058612,15.6483429571179,8.56213950296168
9.09090909090909,9.17035816786633,15.6795294478631,8.57604438981411
9.1009100910091,9.1790922342025,15.7098188776689,8.59044526104498
9.11091109110911,9.19223244713427,15.7376720089553,8.6009616351941
9.12091209120912,9.20198899702689,15.7687621742216,8.61593614208049
9.13091309130913,9.20877128345568,15.79970379824,8.6298793192464
9.14091409140914,9.21860363733639,15.8293327498804,8.64405351112589
9.15091509150915,9.22796036581639,15.8598924034954,8.65796597171808
9.16091609160916,9.23874341543714,15.8886943077059,8.67077237279946
9.17091709170917,9.24965550728819,15.915271796161,8.68139450296006
9.18091809180918,9.25987045341679,15.945932950114,8.69707982816274
9.19091909190919,9.26889586934208,15.9739826179014,8.7117219854986
9.2009200920092,9.27774606391194,16.0096354391556,8.72445998987838
9.21092109210921,9.28598148284928,16.0398399349639,8.73453249641117
9.22092209220922,9.29361335927097,16.0687821250782,8.74551329470125
9.23092309230923,9.30183106000721,16.0993816226675,8.75857439814245
9.24092409240924,9.31051215292242,16.1318319916661,8.77284067647051
9.25092509250925,9.31832627266488,16.1621001487172,8.78655283675076
9.26092609260926,9.32827801320212,16.193465439971,8.8031589332107
9.27092709270927,9.33992466563531,16.2264533588178,8.81437105999105
9.28092809280928,9.35177023072323,16.2570403345263,8.82546931864445
9.29092909290929,9.35985036133785,16.287034078708,8.84313991818589
9.3009300930093,9.37188435791068,16.3165107602239,8.85318833989496
9.31093109310931,9.37948426664204,16.3475292612868,8.86916629970667
9.32093209320932,9.38955314308817,16.3787658252513,8.87894982368783
9.33093309330933,9.39913928714336,16.4093628519701,8.89337269663672
9.34093409340934,9.40496831792695,16.4425649215514,8.90640468942062
9.35093509350935,9.41538147217716,16.474876265758,8.91920565190163
9.36093609360936,9.42691340778887,16.5061755474494,8.93194005840304
9.37093709370937,9.43950322262033,16.5380380956545,8.94410064885179
9.38093809380938,9.44812541625824,16.5707726350799,8.95548203042764
9.39093909390939,9.45847579182238,16.6011130820346,8.9691203417386
9.4009400940094,9.47051561483672,16.6345280409372,8.97883352140054
9.41094109410941,9.47961918403735,16.6645907229805,8.99180994622092
9.42094209420942,9.48809536158208,16.6957544548136,9.00588829693379
9.43094309430943,9.49655375661721,16.7262311490319,9.01812986681428
9.44094409440944,9.51023701641095,16.7548682918567,9.03213636697555
9.45094509450945,9.52196703243898,16.7851476920508,9.04497145768958
9.46094609460946,9.5309501141517,16.8136790579533,9.05821028098282
9.47094709470947,9.54155601188906,16.8421636881971,9.07161074700597
9.48094809480948,9.55158892484017,16.8723155325264,9.08498619653433
9.49094909490949,9.55852142926125,16.9038894975638,9.09974069998669
9.5009500950095,9.56733326414086,16.9336224034251,9.11140361574114
9.51095109510951,9.57796418828693,16.9642545591884,9.12415044047768
9.52095209520952,9.58794558041467,16.9945008600382,9.13223792112341
9.53095309530953,9.5972389261408,17.0261652256281,9.14107839347185
9.54095409540954,9.60746303020392,17.0572192636196,9.15298133736098
9.55095509550955,9.6137265723542,17.0897208445571,9.16944387157951
9.56095609560956,9.62721031602378,17.1181723412105,9.18144093316157
9.57095709570957,9.63436905218478,17.148786114057,9.19636845706715
9.58095809580958,9.6452610130184,17.181492817276,9.2102082188326
9.59095909590959,9.65465385778012,17.2123020275614,9.22183167549704
9.6009600960096,9.66389224530031,17.2415855140736,9.23733627091531
9.61096109610961,9.67604958688847,17.2717160127553,9.24513427090049
9.62096209620962,9.68624686788154,17.3050033320595,9.25581787639784
9.63096309630963,9.699272335876,17.3399853882317,9.26966980732078
9.64096409640964,9.71223755435193,17.3707596968536,9.28314095790222
9.65096509650965,9.72545006362033,17.402025527932,9.29210728359238
9.66096609660966,9.73401135641947,17.4308950641559,9.30339238034346
9.67096709670967,9.74412971348991,17.4628562671943,9.3179697683326
9.68096809680968,9.75598019453478,17.4941535287745,9.33014238769024
9.69096909690969,9.76807260760795,17.5271047554881,9.34228724842707
9.7009700970097,9.77977531233443,17.5595614695149,9.35398941722552
9.71097109710971,9.7940602865183,17.5901128926883,9.36515606771067
9.72097209720972,9.80382764309367,17.622723763731,9.37689089686997
9.73097309730973,9.81254819111359,17.6538955544558,9.38960798155439
9.74097409740974,9.82445635844926,17.68433956278,9.40145107372772
9.75097509750975,9.83314782247752,17.7162818847273,9.41390564996131
9.76097609760976,9.84134564834512,17.7496128561498,9.4225999209456
9.77097709770977,9.85135016065503,17.7819284822487,9.43793087787868
9.78097809780978,9.86247633157512,17.8151976036733,9.4505257482806
9.79097909790979,9.87661772856694,17.8473298510649,9.46116149980879
9.8009800980098,9.888333838531,17.8752136869039,9.47463008597494
9.81098109810981,9.89869837697569,17.9046924210666,9.48746704070227
9.82098209820982,9.91017928824341,17.933961217131,9.50042727589992
9.83098309830983,9.9211813005668,17.9650755617268,9.51358420813482
9.84098409840984,9.93177587370658,17.9952892224655,9.52707534855884
9.85098509850985,9.94374899095892,18.024584622765,9.53749458564178
9.86098609860986,9.94988947081751,18.0550987606359,9.54648648627708
9.87098709870987,9.96209125726756,18.0863266254631,9.5583712371498
9.88098809880988,9.97430244143232,18.1180254489517,9.56840231447815
9.89098909890989,9.98188244810672,18.1499096439965,9.58125605804584
9.9009900990099,9.99194637336022,18.1813648576634,9.59373334924488
9.91099109910991,9.99868197340865,18.2131223645011,9.60795806474617
9.92099209920992,10.0061909350588,18.2464474093991,9.61983949077663
9.93099309930993,10.0162998429998,18.2785369474324,9.63218669796844
9.94099409940994,10.0266055896198,18.3103140296919,9.64352479658935
9.95099509950995,10.0379669867044,18.3443460100435,9.65417467053524
9.96099609960996,10.0443982377491,18.3755739611547,9.66780620285157
9.97099709970997,10.0564810164764,18.4058829616641,9.67900886249782
9.98099809980998,10.0672468557529,18.439577258252,9.69105668766029
9.99099909990999,10.0783785363363,18.4715250653374,9.70222373972554
10.00100010001,10.0887251545728,18.5040568783805,9.71926660037544
10.01100110011,10.0981107904572,18.5341008485072,9.72848491142489
10.02100210021,10.1089253858914,18.5667739754898,9.73879379683233
10.03100310031,10.1190042128666,18.599104279003,9.74785880965621
10.04100410041,10.1332372198446,18.6319990569689,9.75650806896157
10.0510051005101,10.1418681753727,18.6631563541709,9.76965807086981
10.0610061006101,10.1519843193462,18.6934517105966,9.77970381435829
10.0710071007101,10.1642020363237,18.7229930928212,9.79147113399054
10.0810081008101,10.1754851385344,18.7575377670695,9.80442070542534
10.0910091009101,10.1874158896078,18.7920400140137,9.81664816058201
10.1010101010101,10.1972574941763,18.8249167688846,9.8300540411969
10.1110111011101,10.203294373718,18.8554238955062,9.84320404767116
10.1210121012101,10.2121230742983,18.8874275567081,9.85579164965366
10.1310131013101,10.2205724688285,18.9189489714199,9.86819468790843
10.1410141014101,10.2312824989077,18.9543500292244,9.87774493276933
10.1510151015102,10.242707025288,18.9874268880684,9.89106930364892
10.1610161016102,10.2510429941503,19.0202627235112,9.90471548442713
10.1710171017102,10.2637716312028,19.0494287283245,9.91570023226283
10.1810181018102,10.2716510106659,19.0814711419221,9.92345553763994
10.1910191019102,10.2839361849815,19.1092318471997,9.93611693277671
10.2010201020102,10.2910405785737,19.1414190674236,9.94851211941619
10.2110211021102,10.3020253406114,19.1710954313302,9.9611049599798
10.2210221022102,10.3107454030368,19.2059495328502,9.971707880112
10.2310231023102,10.3180892566369,19.2383870725864,9.98323016544024
10.2410241024102,10.3309278618976,19.2723329569398,9.9945187548837
10.2510251025103,10.3388277778197,19.3031488072015,10.003125180074
10.2610261026103,10.34913930116,19.3369965084846,10.0168454838677
10.2710271027103,10.3613255200365,19.3672585464245,10.028885530751
10.2810281028103,10.3738228310471,19.4005579671298,10.0397619737656
10.2910291029103,10.3847050092499,19.436079528431,10.0526265675824
10.3010301030103,10.3936893527249,19.4687560812265,10.065103842391
10.3110311031103,10.4048818513755,19.5000526472535,10.0766726961706
10.3210321032103,10.4160206571006,19.5325304363368,10.0920578701448
10.3310331033103,10.428131406352,19.5661075752928,10.1032236415993
10.3410341034103,10.4386501492572,19.5988477689573,10.1143126379933
10.3510351035104,10.4499780791687,19.632883054372,10.123827560616
10.3610361036104,10.4590595116423,19.6657216126745,10.1365756682864
10.3710371037104,10.4703350631712,19.6981094952279,10.1501925639418
10.3810381038104,10.4816761882821,19.7311657147301,10.1634166213346
10.3910391039104,10.4892088215767,19.7635411971108,10.1750283382159
10.4010401040104,10.5000287325321,19.7984031610969,10.1883932927348
10.4110411041104,10.5092938334911,19.8346893781831,10.2007734416605
10.4210421042104,10.518064766465,19.8682545329501,10.2106806131165
10.4310431043104,10.5297339650924,19.9030523769879,10.2256099087245
10.4410441044104,10.5363753709911,19.9342528907951,10.2345667474239
10.4510451045105,10.546606903115,19.9659137420837,10.2456722493729
10.4610461046105,10.557490001176,19.9990984058308,10.2586912691638
10.4710471047105,10.5680768196778,20.0320215686388,10.2710487840844
10.4810481048105,10.5786606844658,20.063147345283,10.2840144388564
10.4910491049105,10.5873662019533,20.0971280512654,10.295193180514
10.5010501050105,10.596718910761,20.1293654426299,10.3057807597304
10.5110511051105,10.6085531892153,20.1674729726559,10.3159414546654
10.5210521052105,10.6146878366189,20.198543672092,10.3272716584832
10.5310531053105,10.6226883518643,20.2263781290993,10.3391109890922
10.5410541054105,10.6321329217651,20.2572623091119,10.3541762127505
10.5510551055106,10.6396050015057,20.2880447883222,10.3700119343924
10.5610561056106,10.652342498951,20.3206494593054,10.3834042855503
10.5710571057106,10.6608035432203,20.3544249938575,10.3962902944574
10.5810581058106,10.6729151816829,20.3899062890519,10.4060935652211
10.5910591059106,10.6843339717752,20.4204493561875,10.4165743980905
10.6010601060106,10.6938055634319,20.4520763869764,10.428879274875
10.6110611061106,10.7023602451742,20.482641171256,10.4397318536281
10.6210621062106,10.7187804421367,20.512109563025,10.4512284778986
10.6310631063106,10.7290993376485,20.5460371110832,10.4625124368412
10.6410641064106,10.7402487933866,20.5783479898392,10.4724712280762
10.6510651065107,10.7518722113374,20.6076362947812,10.480876938864
10.6610661066107,10.762404832193,20.6396515809272,10.4919245068944
10.6710671067107,10.7752590924146,20.6685946323656,10.5025551969255
10.6810681068107,10.7818686844143,20.7031624351623,10.5154242237888
10.6910691069107,10.7911911258485,20.7406585122949,10.5283617732991
10.7010701070107,10.8026969932087,20.7730506672469,10.5412792295331
10.7110711071107,10.8112222983667,20.8056118948826,10.553184579069
10.7210721072107,10.8203831859358,20.8388887049351,10.5611603161467
10.7310731073107,10.8305203730554,20.8705031208854,10.5723315326662
10.7410741074107,10.8426570731316,20.9035478919922,10.5836667678819
10.7510751075108,10.8532879170533,20.9358728522977,10.5927499379721
10.7610761076108,10.8566490970168,20.9710138055664,10.6039814571726
10.7710771077108,10.866005249037,21.0039511789771,10.611017347003
10.7810781078108,10.8794054456481,21.0381758296705,10.6230633901566
10.7910791079108,10.8883368527448,21.0742977141514,10.6366644875973
10.8010801080108,10.9006482844418,21.1130440987783,10.651025119138
10.8110811081108,10.9125116290839,21.14554699335,10.6602868264538
10.8210821082108,10.9204739894741,21.1808366362663,10.6683242829956
10.8310831083108,10.927289256951,21.2117609417386,10.6799364587677
10.8410841084108,10.9367079704648,21.247298207719,10.6885508469393
10.8510851085109,10.9471449220584,21.2778301891083,10.698268019079
10.8610861086109,10.9565228173885,21.3131836859881,10.7085556859739
10.8710871087109,10.9629030708737,21.3473421073546,10.7184324034962
10.8810881088109,10.9693046888005,21.3804495454344,10.7275889663554
10.8910891089109,10.9779716442178,21.4120077338582,10.7401612435382
10.9010901090109,10.9862432238102,21.445244891076,10.7507077577566
10.9110911091109,10.9958808865248,21.475922407252,10.760974944309
10.9210921092109,11.0082520397419,21.5121609958323,10.7735403968076
10.9310931093109,11.0181773557326,21.5467849024084,10.7846539248466
10.9410941094109,11.0289792696944,21.581071015011,10.7973979234134
10.951095109511,11.0395025113423,21.616614092535,10.8109757296914
10.961096109611,11.0538907247894,21.6513985986696,10.8225759328527
10.971097109711,11.0630585283877,21.686158393921,10.8328498463142
10.981098109811,11.0765728900872,21.7222264711458,10.8432252491462
10.991099109911,11.0859060211547,21.7565575191407,10.8530599924206
11.001100110011,11.0964586208657,21.7932363233359,10.8682958543453
11.011101110111,11.1048766229689,21.8298048807591,10.8782374262439
11.021102110211,11.1145828820384,21.8654183553513,10.8883474176826
11.031103110311,11.1247218815068,21.8996964673688,10.8994094807159
11.041104110411,11.1350776219339,21.9324962320489,10.9096812962796
11.0511051105111,11.1465590673869,21.9654401547882,10.9218943138668
11.0611061106111,11.1563500464881,21.9977022529078,10.9333266240255
11.0711071107111,11.1685182793292,22.034630717388,10.9471487290816
11.0811081108111,11.1787482532508,22.0697249570267,10.9570954265912
11.0911091109111,11.189909145797,22.1061150188021,10.9704602784716
11.1011101110111,11.2043401151547,22.1444395621697,10.983982986957
11.1111111111111,11.2116009772216,22.1731201751758,10.9995230705749
11.1211121112111,11.2238338980197,22.2082558260433,11.0132279889227
11.1311131113111,11.2341200772318,22.2441695172687,11.0262101277354
11.1411141114111,11.2451557042535,22.2813464799077,11.035929444068
11.1511151115112,11.2559052380205,22.317610258874,11.0470547436953
11.1611161116112,11.2669081888723,22.3523546085919,11.0609920301147
11.1711171117112,11.2769246084954,22.385578415104,11.0732940286062
11.1811181118112,11.2881719110817,22.4188498491229,11.0834139709666
11.1911191119112,11.30267299619,22.4535501588584,11.0984656273497
11.2011201120112,11.3112350727551,22.4866920789036,11.1097931373702
11.2111211121112,11.3211019080554,22.5197889274442,11.1196144323747
11.2211221122112,11.3292583354784,22.5539686258193,11.1304522447216
11.2311231123112,11.3421898607095,22.5872487103292,11.1441443153406
11.2411241124112,11.3511968604412,22.6247840062104,11.1560043890702
11.2511251125113,11.3636338866033,22.658203445794,11.1658001604696
11.2611261126113,11.3737706889894,22.6941593106685,11.1758572876537
11.2711271127113,11.3838489517833,22.7287364559493,11.1866970451222
11.2811281128113,11.3945488783102,22.761411154872,11.1981412416079
11.2911291129113,11.402131285627,22.7926785450277,11.2122116655898
11.3011301130113,11.4125511422531,22.8277463304238,11.222641384394
11.3111311131113,11.4223392851061,22.8596731142088,11.2311158061363
11.3211321132113,11.4368031935781,22.8965191496848,11.2422363745494
11.3311331133113,11.446745182364,22.9299741282929,11.253778791757
11.3411341134113,11.4594170471336,22.9626303644902,11.2677989934873
11.3511351135114,11.4710809018225,22.9954103030966,11.2812022401774
11.3611361136114,11.4826590464717,23.0302767177244,11.2918393302273
11.3711371137114,11.4917803500768,23.0666174383704,11.3037001334422
11.3811381138114,11.5032253878108,23.0986782533786,11.3147641484174
11.3911391139114,11.5132041753445,23.1324032812194,11.327560929534
11.4011401140114,11.5213714793346,23.1691735257105,11.3382695667722
11.4111411141114,11.5285325608354,23.2004644620933,11.3501874139422
11.4211421142114,11.5374150567131,23.2319934111352,11.3593764492977
11.4311431143114,11.5479791586911,23.2607467196181,11.3731726937425
11.4411441144114,11.5586951113133,23.2964225006166,11.3821531913951
11.4511451145115,11.5709175174705,23.3328165083295,11.3938277277596
11.4611461146115,11.579445444497,23.36815039618,11.4038610559906
11.4711471147115,11.5875490196846,23.4024170386786,11.4136346370216
11.4811481148115,11.59637414941,23.4342637134569,11.423384015322
11.4911491149115,11.6067481808324,23.4707991001491,11.4357002018678
11.5011501150115,11.6159658811968,23.5044371337861,11.4500169461117
11.5111511151115,11.6229780582445,23.5377309672421,11.458854210528
11.5211521152115,11.6319229410548,23.5767380116949,11.4672174264572
11.5311531153115,11.6439810365361,23.6145149784309,11.4783470485026
11.5411541154115,11.6546713671615,23.6506646940047,11.4873169431292
11.5511551155116,11.663834559785,23.6846724645438,11.4963618042231
11.5611561156116,11.6730221097029,23.7193249480794,11.5083698382223
11.5711571157116,11.6826038311926,23.7536973134626,11.5177767104061
11.5811581158116,11.6922261067041,23.7866189776945,11.5276379978221
11.5911591159116,11.7026515283981,23.8196995118833,11.5389699893714
11.6011601160116,11.7101303127551,23.8575494074053,11.5483091638036
11.6111611161116,11.7178388513753,23.8915560829057,11.5602139307736
11.6211621162116,11.7289476070122,23.9260973724242,11.57177660048
11.6311631163116,11.7403738077179,23.9587200528989,11.5823649589197
11.6411641164116,11.7519059482301,23.9909056459111,11.5940664329801
11.6511651165117,11.760029656338,24.024296524294,11.6073321691674
11.6611661166117,11.7703403958398,24.0581381757298,11.6152895038882
11.6711671167117,11.7815432991761,24.0920032754296,11.6261804927482
11.6811681168117,11.7928668257893,24.1290184409287,11.637192792627
11.6911691169117,11.8032543851906,24.1626529976619,11.6516047419447
11.7011701170117,11.8106625864233,24.1980590938451,11.6597675897886
11.7111711171117,11.8197927870904,24.2322222884571,11.6707188600892
11.7211721172117,11.8260239583952,24.2682376421937,11.685237540792
11.7311731173117,11.8365747439508,24.3018116210682,11.6958389560674
11.7411741174117,11.8470487567489,24.3359185222742,11.7062016406861
11.7511751175118,11.8565785183002,24.3720036836311,11.7141784254607
11.7611761176118,11.8654369561924,24.4087264873102,11.7269472678198
11.7711771177118,11.8767234970837,24.4446286083898,11.7398076487543
11.7811781178118,11.8853118309511,24.4801901321697,11.7519183176484
11.7911791179118,11.8933395219319,24.5127847851144,11.7609974539027
11.8011801180118,11.9024721469307,24.5498724045894,11.7725175745191
11.8111811181118,11.9115589672556,24.5847603305792,11.7813406326065
11.8211821182118,11.9195104765551,24.6217022640735,11.7959643334495
11.8311831183118,11.929208625563,24.6566935751357,11.8095784799351
11.8411841184118,11.939678598683,24.6943456191196,11.8223825354561
11.8511851185119,11.9515984658043,24.7276393111005,11.8369369290177
11.8611861186119,11.9611445414084,24.7590689609863,11.8471086553996
11.8711871187119,11.9686127960956,24.7933700365202,11.8564582050136
11.8811881188119,11.9787950579487,24.8256863438035,11.8672932406746
11.8911891189119,11.9892158603643,24.8634087883906,11.8794176800764
11.9011901190119,11.996741303702,24.8951112387918,11.8894761979288
11.9111911191119,12.0092168934549,24.9338723206116,11.9005399608376
11.9211921192119,12.0188303847613,24.9690346904175,11.9080600244288
11.9311931193119,12.0278915756919,25.006709257191,11.9186936414602
11.9411941194119,12.037108006397,25.0404773006337,11.9302146817829
11.951195119512,12.0466592840204,25.0735451842915,11.9390205567023
11.961196119612,12.0554456516581,25.1131230108281,11.9480527623798
11.971197119712,12.0669348661636,25.1492106783823,11.9581734188101
11.981198119812,12.0738318746476,25.1872004102028,11.9695642500547
11.991199119912,12.0869450017516,25.2184813132053,11.980121075992
12.001200120012,12.0935531994481,25.2545451377168,11.992433398497
12.011201120112,12.1071792041793,25.2894637874218,12.0028277484084
12.021202120212,12.1174352525304,25.3245896512052,12.0118596778944
12.031203120312,12.1291117630532,25.3577178168689,12.0231481104898
12.041204120412,12.1399870104526,25.3915230340708,12.0345321986672
12.0512051205121,12.1475931048179,25.4270037246714,12.0472559728701
12.0612061206121,12.1610918449761,25.4631377948497,12.0599499175634
12.0712071207121,12.1703751017165,25.4978072746942,12.0714943420841
12.0812081208121,12.1793427166653,25.5346391582614,12.0804717920987
12.0912091209121,12.1883038939551,25.569303506593,12.088048686174
12.1012101210121,12.1995641231208,25.6048523905468,12.1038939187577
12.1112111211121,12.2071903037547,25.6392622316237,12.1142441459027
12.1212121212121,12.2172955525131,25.6738016622633,12.1247504082313
12.1312131213121,12.2250231824664,25.7088923550984,12.1356356754986
12.1412141214121,12.2377729300501,25.7413316986021,12.1471900133652
12.1512151215122,12.2466338455376,25.7776735370551,12.1577046472435
12.1612161216122,12.2539247432221,25.8090657680237,12.168084379078
12.1712171217122,12.264172526471,25.8470826365557,12.1800734089856
12.1812181218122,12.273280079288,25.8823176121036,12.1915060455232
12.1912191219122,12.2817459910684,25.9125653107211,12.2022541262577
12.2012201220122,12.2904001875087,25.9501297465806,12.2149608919408
12.2112211221122,12.300613814934,25.9840427320135,12.2270940966874
12.2212221222122,12.312839784841,26.0173672889725,12.2369695410083
12.2312231223122,12.3228167489948,26.0536083820032,12.2512359762673
12.2412241224122,12.331482573693,26.0868276614553,12.2616879051761
12.2512251225123,12.3400780016798,26.1251054619488,12.2737788936901
12.2612261226123,12.3527873777677,26.1599815562604,12.2865527264702
12.2712271227123,12.3618298639931,26.1976699274454,12.299505490804
12.2812281228123,12.3712623129204,26.2322822062285,12.3103971590982
12.2912291229123,12.3816798218723,26.2710147761251,12.3188411831776
12.3012301230123,12.3937597350029,26.3079913022182,12.3278564748357
12.3112311231123,12.4046420545913,26.3427434827399,12.3365956805794
12.3212321232123,12.4147621112412,26.3754102988765,12.3469177051581
12.3312331233123,12.4278024564567,26.4104867677149,12.3574288699599
12.3412341234123,12.4380262395107,26.4480175562379,12.3686958232722
12.3512351235124,12.4473664507903,26.4855109713998,12.3775011836698
12.3612361236124,12.4553740132553,26.5223871404718,12.387879016298
12.3712371237124,12.4645182223411,26.5594414437744,12.3981025298821
12.3812381238124,12.4738253794277,26.595908984152,12.4088602810455
12.3912391239124,12.4825081146135,26.6296496109988,12.4174039438484
12.4012401240124,12.4924073221546,26.6659755242261,12.4276553330185
12.4112411241124,12.5042632094998,26.6989090378075,12.4423368350028
12.4212421242124,12.5126766986609,26.734831610922,12.4575309409324
12.4312431243124,12.5208394571122,26.7752408510207,12.4709779278425
12.4412441244124,12.5342236882702,26.8108912546369,12.4826496156445
12.4512451245125,12.5428170529533,26.8464537525011,12.4930530406511
12.4612461246125,12.5575503681911,26.8842404691603,12.5057489688407
12.4712471247125,12.5684568528942,26.9238456543741,12.5106225749395
12.4812481248125,12.5771548086992,26.9599559793195,12.5179993046333
12.4912491249125,12.5837879997063,26.997878354997,12.5296844295414
12.5012501250125,12.5960583462535,27.0318000222332,12.5375186608407
12.5112511251125,12.6043463838946,27.0618230440392,12.5486986432703
12.5212521252125,12.6135204856098,27.0982867015134,12.5567864894551
12.5312531253125,12.624416037925,27.1346574569936,12.5651943283831
12.5412541254125,12.6359005277876,27.1711872145581,12.576410101522
12.5512551255126,12.6442995428135,27.2040268260644,12.5878397576303
12.5612561256126,12.6545503674543,27.2400254375519,12.5991684457004
12.5712571257126,12.6671790851273,27.2707614640535,12.6087565569764
12.5812581258126,12.6786966981514,27.3050275392681,12.6212693990657
12.5912591259126,12.6909878807736,27.3394887340852,12.6315932677073
12.6012601260126,12.69863581468,27.3751828001577,12.6427885020318
12.6112611261126,12.7096529386733,27.4086237701229,12.6541472561605
12.6212621262126,12.7176672731431,27.4448872704507,12.6641376418449
12.6312631263126,12.7292407204812,27.4797466014955,12.6733356957871
12.6412641264126,12.7411615563599,27.51684866286,12.6822852600533
12.6512651265127,12.7474926919582,27.5520143279817,12.6917130317274
12.6612661266127,12.7560191764374,27.5871392796552,12.7054756513635
12.6712671267127,12.7680786048586,27.6248335558904,12.7147331869903
12.6812681268127,12.7777723591001,27.659549918946,12.7259089696703
12.6912691269127,12.7862826153067,27.692585839683,12.73444869059
12.7012701270127,12.7937782335992,27.7305637510643,12.7403541159531
12.7112711271127,12.8040762804882,27.7690671431675,12.7503295786606
12.7212721272127,12.8121669760169,27.8046309232334,12.7630806499822
12.7312731273127,12.8234691890491,27.8426927847334,12.7709978600306
12.7412741274127,12.8335276962337,27.878792638453,12.7841023535
12.7512751275128,12.8440132043452,27.9176034352257,12.796816162856
12.7612761276128,12.8524979475726,27.9530088650018,12.8088976841941
12.7712771277128,12.8644080003542,27.9945644604183,12.8209429767308
12.7812781278128,12.8752434714881,28.0298742619466,12.8274442255945
12.7912791279128,12.884636947847,28.0666666591783,12.8393840628523
12.8012801280128,12.8924101538213,28.1034716442969,12.8509366557994
12.8112811281128,12.9019604722336,28.1399868812436,12.8597554947098
12.8212821282128,12.914720999206,28.1776291751589,12.8694301700647
12.8312831283128,12.9244609904391,28.210561354424,12.8807018396393
12.8412841284128,12.9325201019204,28.2490681039567,12.8917415841466
12.8512851285129,12.9402785115644,28.2838417356735,12.9008553430399
12.8612861286129,12.952285047604,28.319182461815,12.9077651983056
12.8712871287129,12.9601486032742,28.3551812095085,12.9161907627385
12.8812881288129,12.9700358570804,28.3916479071734,12.9306982589565
12.8912891289129,12.9793959098786,28.4288327682266,12.9442769262003
12.9012901290129,12.9856949467124,28.4640551468498,12.9560089997543
12.9112911291129,12.9964604944516,28.4992766474996,12.9673817894559
12.9212921292129,13.0064218374634,28.5374425893783,12.9790992285092
12.9312931293129,13.0182148432986,28.5722952807601,12.9888322675451
12.9412941294129,13.0274039507065,28.6094804589769,12.9986553689114
12.951295129513,13.0350705957739,28.6497560710219,13.0111434829101
12.961296129613,13.0425175260398,28.6885030780488,13.0226079038558
12.971297129713,13.0528498109953,28.7256001639318,13.033634777182
12.981298129813,13.0675324355293,28.7637641855871,13.0451458832103
12.991299129913,13.0798746740115,28.8024195467992,13.0564743169482
13.001300130013,13.0912724108398,28.84225033465,13.0690367356219
13.011301130113,13.1026562210469,28.8784038312912,13.0792513246306
13.021302130213,13.1113893205676,28.9153534699033,13.0874384944168
13.031303130313,13.1264442932136,28.950227606619,13.0959763865288
13.041304130413,13.1365231002023,28.9863635877133,13.1082068510953
13.0513051305131,13.1479989102848,29.0251216705256,13.1203495254228
13.0613061306131,13.1598473086833,29.0582010698097,13.1315665465682
13.0713071307131,13.1676283952327,29.0954879201584,13.1407041655825
13.0813081308131,13.1811569434369,29.1287699303817,13.150421205349
13.0913091309131,13.1925622121944,29.1653913927237,13.1583625853181
13.1013101310131,13.201883654537,29.2044587029945,13.1650220233061
13.1113111311131,13.212980836432,29.2426214679982,13.1728141306372
13.1213121312131,13.2256413894225,29.2765883485413,13.1821531739931
13.1313131313131,13.2385897171253,29.3148406185682,13.1933370857211
13.1413141314131,13.2490834094486,29.352274504794,13.2013111222666
13.1513151315132,13.2635051240205,29.3909060012436,13.2125810074895
13.1613161316132,13.2726401812841,29.42960599528,13.2202367839481
13.1713171317132,13.28318385069,29.4680038581231,13.2283813203563
13.1813181318132,13.2934373877119,29.5043149541046,13.2387067978071
13.1913191319132,13.3050120860743,29.5404098146966,13.2465149349996
13.2013201320132,13.3171454861859,29.5791692846545,13.2580598947659
13.2113211321132,13.3259689622721,29.6141848030634,13.267726945129
13.2213221322132,13.3364303897775,29.6500703870186,13.2801027958704
13.2313231323132,13.3467759368014,29.6867243803105,13.2903952809988
13.2413241324132,13.3586824767537,29.7223502757945,13.3010633698808
13.2513251325133,13.3681225089514,29.758923545191,13.3062103670463
13.2613261326133,13.3778130299664,29.7977646117645,13.3186447430114
13.2713271327133,13.3907149329265,29.8320230203681,13.332418492604
13.2813281328133,13.4013817127094,29.8688373409163,13.3413292266451
13.2913291329133,13.4091422761808,29.9083209281242,13.3510746543862
13.3013301330133,13.4194346143928,29.9443700913805,13.3617434861543
13.3113311331133,13.4312988927299,29.9827310642796,13.3729703188451
13.3213321332133,13.4439970568864,30.0208778455727,13.3865981640984
13.3313331333133,13.4529846865799,30.0602758089416,13.394214857222
13.3413341334133,13.4655081828509,30.0957148408386,13.407197313215
13.3513351335134,13.4747320794153,30.1310440139568,13.4143586121548
13.3613361336134,13.4881218744177,30.1668466219932,13.4274395600583
13.3713371337134,13.497795687697,30.2017034615161,13.4376775453217
13.3813381338134,13.5091913097135,30.2392357380019,13.4492367973224
13.3913391339134,13.5200048438843,30.2791945982734,13.4614306589737
13.4013401340134,13.5313762710804,30.319364852354,13.4699681778792
13.4113411341134,13.5424424083042,30.3561004777438,13.4810243661768
13.4213421342134,13.5510792058045,30.3931910004239,13.4913684475192
13.4313431343134,13.5628941359913,30.4307604131231,13.499590112211
13.4413441344134,13.5684564626819,30.4681741448722,13.508900951056
13.4513451345135,13.5790858793027,30.5043815441251,13.5172705600703
13.4613461346135,13.5893251651784,30.5396463589559,13.5257910444293
13.4713471347135,13.603355578452,30.5760580039026,13.5366222352481
13.4813481348135,13.61403360038,30.6122573360701,13.5455207145845
13.4913491349135,13.6199270395601,30.6525270383775,13.5576342387082
13.5013501350135,13.6307455767957,30.688375113908,13.5698167985128
13.5113511351135,13.6428821467739,30.7289720641113,13.5821571214367
13.5213521352135,13.652319764386,30.7660135811439,13.5945311211905
13.5313531353135,13.6616644220092,30.8056650201086,13.6061202308393
13.5413541354135,13.6735660926358,30.8416530389388,13.6166581212204
13.5513551355136,13.6835129614807,30.8800278596383,13.6280647272266
13.5613561356136,13.6944462141332,30.9173208251233,13.637603718148
13.5713571357136,13.7046882291153,30.9546484746703,13.648266501422
13.5813581358136,13.7140452463008,30.9925024871119,13.6576866627907
13.5913591359136,13.7230558170162,31.0310855878566,13.6679127310528
13.6013601360136,13.7342792555057,31.0691902546146,13.6801784959919
13.6113611361136,13.744501157406,31.1025543392166,13.6887343548744
13.6213621362136,13.7555136608198,31.1413786854701,13.6966828539984
13.6313631363136,13.7634702582781,31.1797839543032,13.7079348703879
13.6413641364136,13.7734869271539,31.2131651708422,13.716883540244
13.6513651365137,13.7851645047343,31.2512554693261,13.7292625009017
13.6613661366137,13.7933219155328,31.2915491126962,13.7373583971071
13.6713671367137,13.8042360975063,31.3270554159886,13.7441856937731
13.6813681368137,13.8118287604628,31.364856877359,13.7541192502207
13.6913691369137,13.8223827041348,31.4036470801806,13.763922154885
13.7013701370137,13.8307802049333,31.4439054598972,13.7729788286262
13.7113711371137,13.8404884200405,31.4840101350939,13.7874994696379
13.7213721372137,13.849921181061,31.5227041548485,13.7995645568264
13.7313731373137,13.8654843687025,31.5598314294647,13.8123108782936
13.7413741374137,13.8742698711383,31.5974182456358,13.8211003614498
13.7513751375138,13.8814726770693,31.6361446513322,13.8311675293487
13.7613761376138,13.889048607429,31.6744170289877,13.8383066352488
13.7713771377138,13.8995858146369,31.7107316513397,13.8467610022604
13.7813781378138,13.9108817918603,31.7521795545236,13.8601342510518
13.7913791379138,13.9227699666819,31.7900705344222,13.8737709915664
13.8013801380138,13.9353763078229,31.8252377477766,13.884083992095
13.8113811381138,13.9454668058271,31.863463319717,13.8925443676573
13.8213821382138,13.9572649279576,31.9037288133904,13.9010937063444
13.8313831383138,13.9644825778156,31.9413877420218,13.9069062431611
13.8413841384138,13.9767500555378,31.9819528235047,13.918971098264
13.8513851385139,13.9884629631637,32.0203442122619,13.9274489098798
13.8613861386139,13.9997683555506,32.062096215812,13.9334782679919
13.8713871387139,14.0099239672608,32.1020661217214,13.9432409897168
13.8813881388139,14.0216425929839,32.1422226924511,13.9498802777245
13.8913891389139,14.03158503684,32.1813042831029,13.961384191171
13.9013901390139,14.0375441035196,32.2173887214864,13.9736275784704
13.9113911391139,14.0458224517406,32.2562442765073,13.9839991211081
13.9213921392139,14.0528414073667,32.2913569594096,13.9923636541214
13.9313931393139,14.0597926457611,32.3307244211568,14.0011029565609
13.9413941394139,14.0702619661386,32.3704655863418,14.0090980113169
13.951395139514,14.0784758429956,32.4084537537972,14.0181459262319
13.961396139614,14.0906823349664,32.4471110434033,14.0306585819782
13.971397139714,14.1000749633969,32.4847500266525,14.0419395605662
13.981398139814,14.1095802712275,32.5238249720839,14.0570545978842
13.991399139914,14.1222351142179,32.5612530757172,14.0705993695245
14.001400140014,14.1303586142787,32.5985582982032,14.0811065612992
14.011401140114,14.1408312854572,32.6361075385667,14.0915300273102
14.021402140214,14.1496608605441,32.6749933379091,14.0975832970268
14.031403140314,14.1583696270239,32.711502604843,14.1056235112923
14.041404140414,14.1717843333327,32.7518172951359,14.1188478734413
14.0514051405141,14.1806863755626,32.7878951545832,14.1301452737913
14.0614061406141,14.1909282034655,32.8265110043767,14.1364822998655
14.0714071407141,14.2015101668165,32.8624987444115,14.1460310088394
14.0814081408141,14.2120098121668,32.9012725827455,14.1600066525094
14.0914091409141,14.2214726788393,32.9383761411228,14.172937315646
14.1014101410141,14.2303029800353,32.9752428428245,14.1852519165975
14.1114111411141,14.2402584010428,33.0159593062331,14.1953106863296
14.1214121412141,14.252878779587,33.0514040665054,14.2028513287204
14.1314131413141,14.2642503464444,33.0897952160522,14.2123472421951
14.1414141414141,14.2716176440804,33.1278047677268,14.2204789202455
14.1514151415142,14.2835577235462,33.1620980939002,14.2312255645238
14.1614161416142,14.2930787855433,33.2013563554222,14.2423421329159
14.1714171417142,14.3028250409985,33.2393400415762,14.2540772794248
14.1814181418142,14.3100183067824,33.2768297692845,14.261749860999
14.1914191419142,14.3209811019962,33.3137879032029,14.2734785961729
14.2014201420142,14.3296152761918,33.3547511577413,14.284123165301
14.2114211421142,14.3414970752651,33.3917554378513,14.2947663931361
14.2214221422142,14.3497368911565,33.4276013874138,14.3064170715977
14.2314231423142,14.3610865942051,33.4694011468089,14.3154915953235
14.2414241424142,14.3693473289468,33.5068784996166,14.3231851488255
14.2514251425143,14.3797809631701,33.5473307493392,14.3320506572411
14.2614261426143,14.3893623047713,33.583639794985,14.3443977000075
14.2714271427143,14.3999138106394,33.620687396229,14.3563877946733
14.2814281428143,14.412443422118,33.6577477077974,14.367340877535
14.2914291429143,14.4223740689588,33.6929066090865,14.3763670320087
14.3014301430143,14.4331608133854,33.7275307250699,14.3914081632969
14.3114311431143,14.4425650204503,33.7661741111066,14.4045830571973
14.3214321432143,14.452874885326,33.8037351580056,14.4139973880925
14.3314331433143,14.463797031318,33.8424063378324,14.4234557358086
14.3414341434143,14.4750469811239,33.8805090501642,14.4322102970001
14.3514351435144,14.4873703068632,33.9168942710118,14.446595812692
14.3614361436144,14.4981762982404,33.9558543333044,14.4532072849352
14.3714371437144,14.506061776121,33.9947000646036,14.4659628916794
14.3814381438144,14.5126419160031,34.032784946214,14.4731009881089
14.3914391439144,14.5218837851315,34.0707171432743,14.4834070462065
14.4014401440144,14.53390091715,34.1102646698887,14.4937584068594
14.4114411441144,14.5432460405955,34.1486395866321,14.5013475914111
14.4214421442144,14.5531098893776,34.1887671114906,14.512177277553
14.4314431443144,14.5632499184042,34.2294612817008,14.5260437999362
14.4414441444144,14.5702842373422,34.2703665431301,14.5379575067527
14.4514451445145,14.5765807279086,34.3095183385718,14.5450816966814
14.4614461446145,14.5872156104384,34.3483383905287,14.5561954711902
14.4714471447145,14.5955134695366,34.3866497405525,14.566537647408
14.4814481448145,14.6069551176115,34.4243534011188,14.5785471252927
14.4914491449145,14.6135062670356,34.4633247092452,14.592062630758
14.5014501450145,14.6225239354508,34.5012871209869,14.6017080590999
14.5114511451145,14.6316120476369,34.5387096125767,14.6139934439433
14.5214521452145,14.6431125585626,34.5723850848012,14.624210392909
14.5314531453145,14.6528110182738,34.6117575788552,14.6311156996245
14.5414541454145,14.6626920998882,34.649657747768,14.6378157273554
14.5514551455146,14.6719252508892,34.6913238306435,14.646498258505
14.5614561456146,14.6819654278352,34.7300486568708,14.6563640178047
14.5714571457146,14.6915687241765,34.7661674903883,14.6668648428883
14.5814581458146,14.7024501196327,34.8058303902583,14.6753530016615
14.5914591459146,14.7140666417457,34.8455567190564,14.6858459553811
14.6014601460146,14.7257039295366,34.8849647036173,14.6923856721201
14.6114611461146,14.7365212179207,34.928521967994,14.7026142562636
14.6214621462146,14.7478411022842,34.9660970610131,14.7109620279038
14.6314631463146,14.757833729505,35.0033620961894,14.7202529840526
14.6414641464146,14.7682344122052,35.0465297232298,14.7323502205728
14.6514651465147,14.7777091848009,35.0890938902691,14.7434148909935
14.6614661466147,14.7877128859261,35.1290996315789,14.7495082741174
14.6714671467147,14.7995469210486,35.1673047525231,14.7611694946945
14.6814681468147,14.8141109047532,35.2075665441391,14.7651251822347
14.6914691469147,14.8244071557151,35.251328112076,14.773892134382
14.7014701470147,14.832309611303,35.2878596073206,14.7832977927412
14.7114711471147,14.8400831084698,35.3262666719608,14.7922982274537
14.7214721472147,14.849490563408,35.366660595123,14.8059815218653
14.7314731473147,14.8578252358379,35.4035483635551,14.8189764839588
14.7414741474147,14.8697854887852,35.4405632592594,14.8271024245252
14.7514751475148,14.8746392415159,35.4770613091318,14.8340267122231
14.7614761476148,14.8868386089133,35.5168703299642,14.8397095705556
14.7714771477148,14.8957536151523,35.55508281542,14.8494116388654
14.7814781478148,14.9034063669736,35.594378780892,14.8574495191653
14.7914791479148,14.9105474858606,35.6307945213176,14.8666492929247
14.8014801480148,14.9183476216311,35.6690128851401,14.8771145085595
14.8114811481148,14.9303931344499,35.7078125292673,14.8869883542756
14.8214821482148,14.9387102830328,35.7469236924617,14.8949096263414
14.8314831483148,14.9517808800975,35.7838886653157,14.904654396068
14.8414841484148,14.9620802248292,35.8239517939605,14.9140325574629
14.8514851485149,14.972602834981,35.8632375153401,14.9278046672385
14.8614861486149,14.983488357748,35.9023959686917,14.9366769959317
14.8714871487149,14.9976743067399,35.9435182226798,14.9466327529238
14.8814881488149,15.0112705828141,35.9845393097361,14.9531481294333
14.8914891489149,15.021455787457,36.0228839241861,14.9639795413278
14.9014901490149,15.0367547059677,36.0614134951755,14.9718084614104
14.9114911491149,15.0499342742587,36.0987041203359,14.981450588137
14.9214921492149,15.0614866631148,36.1356584006184,14.9937282193692
14.9314931493149,15.0726649360111,36.1752745874449,15.0036788632837
14.9414941494149,15.0808276700248,36.2114607827452,15.0152109502681
14.951495149515,15.0890321605515,36.2522097242631,15.0268502000804
14.961496149615,15.0977644620179,36.2920383794339,15.0384287049401
14.971497149715,15.1082764380153,36.3293659858207,15.0480067714876
14.981498149815,15.1144857684188,36.3678424817075,15.0586714369523
14.991499149915,15.1205935241103,36.406600786651,15.0667569201403
15.001500150015,15.1325465855382,36.4433718956999,15.0760011706237
15.011501150115,15.142149024392,36.4826594517846,15.0851590984902
15.021502150215,15.1546149939863,36.5234442442269,15.0912888703411
15.031503150315,15.1661542947667,36.5609404733052,15.1032656032507
15.041504150415,15.1793927215038,36.604348196399,15.1123610727221
15.0515051505151,15.1869252177415,36.6434189319421,15.1227363668116
15.0615061506151,15.1940205699834,36.6835138927626,15.1305790107153
15.0715071507151,15.203483250797,36.7242468824282,15.1441856681274
15.0815081508151,15.2131511993695,36.7617021017515,15.1546356952909
15.0915091509151,15.2195246182855,36.8005841005629,15.163100318074
15.1015101510151,15.2334953117102,36.8410692664653,15.1733612805035
15.1115111511151,15.2407806409994,36.881942146168,15.1807076751096
15.1215121512151,15.2491676491913,36.9227600696016,15.1908801749138
15.1315131513151,15.2583361245221,36.962205438837,15.1992746071695
15.1415141514151,15.2687623104949,37.0015983857102,15.2090097356957
15.1515151515152,15.2804607320001,37.0451708048831,15.2165839571358
15.1615161516152,15.2878091743687,37.0839537385166,15.2281817747617
15.1715171517152,15.2983304948948,37.1241880294184,15.2384899368282
15.1815181518152,15.3109416927312,37.1661176553616,15.2480346242813
15.1915191519152,15.3207723923046,37.20700053288,15.2582941516063
15.2015201520152,15.3266885014411,37.2491380504605,15.2685621660191
15.2115211521152,15.3402813357517,37.2883996245621,15.2771128399052
15.2215221522152,15.3480451288028,37.3308119426402,15.2869365065372
15.2315231523152,15.3542415220553,37.3678179813706,15.2977393348411
15.2415241524152,15.3629058683539,37.4098946714342,15.304847025529
15.2515251525153,15.3705228918593,37.4543897040383,15.3092416551484
15.2615261526153,15.3808831071426,37.4949250145765,15.3199492880209
15.2715271527153,15.3882443222746,37.5387412201883,15.3256511270815
15.2815281528153,15.4010752774552,37.5763565347488,15.3359147260586
15.2915291529153,15.4070524700176,37.6141415197,15.348789374807
15.3015301530153,15.417643225825,37.6527786094792,15.354492209912
15.3115311531153,15.4312898873149,37.6913424812604,15.3670891533757
15.3215321532153,15.4413808152548,37.7299685550759,15.3785949136358
15.3315331533153,15.454174976404,37.7683872397354,15.3838160812649
15.3415341534153,15.4638102719211,37.8067193277595,15.39482240841
15.3515351535154,15.4762837726285,37.8502303533934,15.4058998258592
15.3615361536154,15.488323156017,37.8898322138514,15.4143120418866
15.3715371537154,15.4958000149418,37.9300038230281,15.424797115021
15.3815381538154,15.5051845926607,37.9698679006052,15.4359687899878
15.3915391539154,15.5136510156454,38.0067607984884,15.4477879922698
15.4015401540154,15.5280218348243,38.0472648312817,15.4543165870034
15.4115411541154,15.5393411946874,38.0875517423435,15.4633337074815
15.4215421542154,15.5530686125491,38.1297393458856,15.4728023494905
15.4315431543154,15.5643194927778,38.1675556986422,15.4813047299961
15.4415441544154,15.5751197217643,38.2085373695084,15.491162655716
15.4515451545155,15.5865328207757,38.2464050046817,15.5052373807781
15.4615461546155,15.5980703212153,38.2868887794608,15.5171984194797
15.4715471547155,15.6072829666409,38.3223758992388,15.5262683458452
15.4815481548155,15.6168099165792,38.3660020878499,15.534469542368
15.4915491549155,15.626585608612,38.4061221011957,15.5428090941916
15.5015501550155,15.6395902828357,38.4485511183608,15.5558361191831
15.5115511551155,15.6527720407844,38.4894716250808,15.5664125156073
15.5215521552155,15.6633411881291,38.5293506702168,15.5757220711968
15.5315531553155,15.6709824152451,38.5680631032136,15.5852642353284
15.5415541554155,15.683437138731,38.6069040100789,15.5925772989942
15.5515551555156,15.6938841173991,38.6464115141823,15.602085596994
15.5615561556156,15.7063736079676,38.689418075703,15.6103230844179
15.5715571557156,15.7146903562807,38.7311624534854,15.6228733194811
15.5815581558156,15.7249114068729,38.772584430559,15.6316683452899
15.5915591559156,15.7332462622001,38.813638416383,15.6403992680178
15.6015601560156,15.745070760339,38.8523832123328,15.6495614546543
15.6115611561156,15.7522840022642,38.8943952547591,15.6578534224151
15.6215621562156,15.7608167396479,38.938018667362,15.6669682276127
15.6315631563156,15.7724491240323,38.9769607401614,15.6748907823294
15.6415641564156,15.7802295706815,39.0203015216188,15.681963896709
15.6515651565157,15.7888050283693,39.0572736695009,15.6962021388912
15.6615661566157,15.7951962856297,39.0961816299929,15.705672575801
15.6715671567157,15.8042671088898,39.1360151931449,15.7159254822829
15.6815681568157,15.8132127572643,39.1740494019682,15.7270211317631
15.6915691569157,15.8270666400429,39.2139442706431,15.7366692392229
15.7015701570157,15.8378646258452,39.2530740655623,15.7474277651868
15.7115711571157,15.8494046784054,39.2948230963768,15.75971541836
15.7215721572157,15.8624241380143,39.3373060285893,15.7674553220996
15.7315731573157,15.8707450979584,39.3752851509076,15.7786886788389
15.7415741574157,15.881090047782,39.4143512418197,15.786384669927
15.7515751575158,15.8919737829798,39.4528110034491,15.7970891545477
15.7615761576158,15.90223135782,39.4913404779779,15.8062629384791
15.7715771577158,15.9130645660546,39.5311266465322,15.8151942941908
15.7815781578158,15.9234504219686,39.5706780001514,15.8221701523815
15.7915791579158,15.9362338600131,39.6150777616014,15.8311156529178
15.8015801580158,15.949280958355,39.6525364967868,15.8402369571568
15.8115811581158,15.9570036743408,39.6945907515714,15.8486393102379
15.8215821582158,15.9665440376889,39.7335883852206,15.8542059434009
15.8315831583158,15.9743708047725,39.7729036577033,15.8659096285504
15.8415841584158,15.9845872800942,39.8141999513962,15.8725108678362
15.8515851585159,15.9949813091938,39.8548074466901,15.8805841254225
15.8615861586159,16.0059650413854,39.8943762670409,15.8891028569211
15.8715871587159,16.0143375654218,39.9369422431588,15.8979228995662
15.8815881588159,16.0265710456787,39.9772622348362,15.9076283737142
15.8915891589159,16.0384322243392,40.013988559938,15.9154493357259
15.9015901590159,16.0476068599956,40.052640396951,15.927012852622
15.9115911591159,16.0606503285626,40.0905760182587,15.9359440716601
15.9215921592159,16.0708212398397,40.1291066591974,15.949363769325
15.9315931593159,16.0777313203374,40.1656746298335,15.9561085465827
15.9415941594159,16.0888382249409,40.2064710584456,15.9686058843329
15.951595159516,16.0987111107249,40.2484056664278,15.978058133415
15.961596159616,16.1099991202881,40.2842798006019,15.9858722519856
15.971597159716,16.1198751791292,40.3243571569782,15.9935388616663
15.981598159816,16.1265751314468,40.3666515381191,16.0018667370943
15.991599159916,16.1376604830675,40.4028199423413,16.0076559691583
16.001600160016,16.1472242283939,40.4411630103223,16.0144262559162
16.011601160116,16.1599444928711,40.4805892456273,16.0271708372722
16.021602160216,16.1674264058374,40.5187967659789,16.0361002898722
16.031603160316,16.1748770913575,40.5557021651699,16.0444905485368
16.041604160416,16.1866128676468,40.5964855744605,16.0553671736169
16.0516051605161,16.1944495321607,40.6346754833606,16.0598097390537
16.0616061606161,16.2059015775134,40.6751506783126,16.0688032084775
16.0716071607161,16.2142595519274,40.7176621917045,16.0802202877371
16.0816081608161,16.2246181072759,40.7576035575428,16.0862893085193
16.0916091609161,16.2382595974908,40.7993371340672,16.0944025205722
16.1016101610161,16.2502595583113,40.8370891123774,16.1050735147538
16.1116111611161,16.2606294304301,40.8799490431777,16.1150430697298
16.1216121612161,16.2697389206649,40.9217756122291,16.1241146333883
16.1316131613161,16.282310543023,40.9676165341757,16.1348873970802
16.1416141614161,16.2928267009291,41.0072215711027,16.1420234003312
16.1516151615162,16.3025014141101,41.0488189026084,16.152726991614
16.1616161616162,16.311538326031,41.0865399967888,16.1620634621043
16.1716171617162,16.3199000224359,41.1318239240989,16.1689209190616
16.1816181618162,16.3267005536036,41.1671175102944,16.1810072157255
16.1916191619162,16.3340711707718,41.206880190148,16.1898187821268
16.2016201620162,16.3447124780481,41.2488625177817,16.199999216494
16.2116211621162,16.3548699532868,41.2918132198593,16.2111266944731
16.2216221622162,16.3646093350255,41.3365057170878,16.2185878483538
16.2316231623162,16.3771361760672,41.3740999272219,16.2310987841725
16.2416241624162,16.3882082330431,41.413530596013,16.241443839632
16.2516251625163,16.3992138362529,41.4507904250984,16.2521556711755
16.2616261626163,16.4084152579586,41.4925817652225,16.2583021075677
16.2716271627163,16.4178727919664,41.5289202306916,16.2689925636139
16.2816281628163,16.4262207879796,41.566789546365,16.2778109762793
16.2916291629163,16.4354890656955,41.6091413168336,16.2871089333507
16.3016301630163,16.4439809234374,41.6498411349676,16.2987322746875
16.3116311631163,16.458294454362,41.6869241133276,16.3079480571715
16.3216321632163,16.4692010123563,41.7254098153599,16.3172201899503
16.3316331633163,16.477390024212,41.7664973476873,16.3287294670542
16.3416341634163,16.4897243838192,41.8067662825218,16.3386723541362
16.3516351635164,16.499348019787,41.8475657972164,16.3482157828992
16.3616361636164,16.5118981429605,41.8857678276578,16.358182563062
16.3716371637164,16.5227722847809,41.9265450831068,16.3660466254894
16.3816381638164,16.530764457477,41.967316100879,16.3744016221731
16.3916391639164,16.5405723985821,42.0097406881509,16.3826978631092
16.4016401640164,16.5513093769452,42.05002457597,16.3911560654115
16.4116411641164,16.5618947941919,42.0909444899844,16.3997605315718
16.4216421642164,16.5724364664644,42.1330132932971,16.4089220196987
16.4316431643164,16.5861823471817,42.1728604735655,16.4127326853577
16.4416441644164,16.5965768146133,42.2164506675116,16.4212129582476
16.4516451645165,16.6055327326506,42.2578124182965,16.426442884922
16.4616461646165,16.6195525453819,42.29935263653,16.4356546184788
16.4716471647165,16.6295949818552,42.3395412720858,16.4422267671483
16.4816481648165,16.6405959038915,42.378504144461,16.4528783904974
16.4916491649165,16.6516765656908,42.417830837721,16.4655029234158
16.5016501650165,16.6605596342248,42.4569136100046,16.4737335730645
16.5116511651165,16.6697899427656,42.4978819738244,16.4842354837844
16.5216521652165,16.6787839308045,42.5405470032983,16.4941661330881
16.5316531653165,16.6878628844625,42.5833566071119,16.5025469421892
16.5416541654165,16.6974101721436,42.6245646415868,16.5120524485154
16.5516551655166,16.7069377765822,42.6675124007063,16.5222599532245
16.5616561656166,16.715277769047,42.7111374650779,16.5350525213541
16.5716571657166,16.7262784849405,42.7496459447119,16.5408817820675
16.5816581658166,16.7349578793222,42.7942464323841,16.5465048510397
16.5916591659166,16.7456394400381,42.8323440640993,16.5583786370275
16.6016601660166,16.7593794222027,42.8774299524579,16.5689111926002
16.6116611661166,16.7675031569934,42.9186718762085,16.5799733213124
16.6216621662166,16.7750702182865,42.9605132892558,16.5913733668127
16.6316631663166,16.7879535169196,42.9982237949045,16.6026587232754
16.6416641664166,16.7996612267872,43.0399533388397,16.612540980846
16.6516651665167,16.805959397066,43.0822093492451,16.6212525208637
16.6616661666167,16.817690959031,43.123726563998,16.6297047498604
16.6716671667167,16.8279516088887,43.161738334608,16.640447010156
16.6816681668167,16.8388240999743,43.2028755553394,16.6519412469841
16.6916691669167,16.8520567282935,43.2447914428617,16.6589456885609
16.7016701670167,16.8620000489646,43.2841799342782,16.6682181097907
16.7116711671167,16.8728064635455,43.3278796977769,16.6753814943619
16.7216721672167,16.8840329534395,43.3678514740863,16.6856826261877
16.7316731673167,16.8936540934748,43.4076877675092,16.6968370593511
16.7416741674167,16.9052733807518,43.4474149417229,16.7019730162741
16.7516751675168,16.918236111001,43.4888710591173,16.711310935812
16.7616761676168,16.9265085811486,43.5288994955863,16.7238070112359
16.7716771677168,16.9353979751525,43.5720475616781,16.7363556767037
16.7816781678168,16.9434056317197,43.6092457844449,16.7480677378352
16.7916791679168,16.9566362116513,43.650755550095,16.7567686243546
16.8016801680168,16.9665484924064,43.6923577778097,16.7670849746431
16.8116811681168,16.9756466611044,43.734437698755,16.7764003866368
16.8216821682168,16.9852517429247,43.7756814739753,16.78790240053
16.8316831683168,16.9945987926596,43.8158615873293,16.7951742533111
16.8416841684168,17.0043996560631,43.8513082858043,16.8026877744867
16.8516851685169,17.0135712563082,43.8891541408649,16.8117043491346
16.8616861686169,17.0204790051785,43.9300528916163,16.822122189285
16.8716871687169,17.0305108556099,43.9725617515729,16.8303567088857
16.8816881688169,17.038868771448,44.0128348965064,16.8386726553638
16.8916891689169,17.0476118739605,44.0571705239184,16.8488476097657
16.9016901690169,17.0560505900361,44.096631475382,16.8574402415941
16.9116911691169,17.067047058408,44.1371597246006,16.8673119739166
16.9216921692169,17.07632859548,44.1790255364346,16.8741920109001
16.9316931693169,17.0856461932325,44.2214367944994,16.8863627491374
16.9416941694169,17.0949709765735,44.2622874387442,16.8973594140311
16.951695169517,17.1057097123701,44.3037426239295,16.9029637430784
16.961696169617,17.1142479942847,44.3473285527736,16.9116739837122
16.971697169717,17.1275905287634,44.3894236958887,16.9238370190471
16.981698169817,17.1458116495933,44.4291438506104,16.9333379752022
16.991699169917,17.1582371869573,44.4676703110625,16.9464649548974
17.001700170017,17.1661384777932,44.508080961803,16.9550765648843
17.011701170117,17.1775253388505,44.5468981096618,16.9632039247224
17.021702170217,17.1872248699205,44.589470182774,16.9708793781719
17.031703170317,17.1998914563523,44.629521340354,16.9805845331082
17.041704170417,17.2087590837497,44.6679471773195,16.9933835703236
17.0517051705171,17.2175731592612,44.706369883719,17.0010439563697
17.0617061706171,17.2219440829675,44.7478682226013,17.0083186888683
17.0717071707171,17.235484728525,44.7874519043362,17.0156287156599
17.0817081708171,17.2432363000753,44.8300746159442,17.0237543347417
17.0917091709171,17.2532498907392,44.8714943915568,17.0311356366019
17.1017101710171,17.263968764584,44.913076689758,17.0425077250302
17.1117111711171,17.2749057443304,44.9517742193484,17.053317339476
17.1217121712171,17.2827934190994,44.9912104964562,17.0640410481939
17.1317131713171,17.2890920422828,45.0374945132358,17.0742549422
17.1417141714171,17.3010006603756,45.0791288939011,17.0854306177729
17.1517151715172,17.312381077561,45.1248145732452,17.0956406962653
17.1617161716172,17.323097956925,45.1645556052678,17.1039761779396
17.1717171717172,17.3346942412015,45.2066075387734,17.1132949229621
17.1817181718172,17.3473741514929,45.2490986859293,17.1237020731182
17.1917191719172,17.3625175526955,45.2907586310382,17.1323950858141
17.2017201720172,17.3695277812451,45.3355987958568,17.1435783908789
17.2117211721172,17.3798058587167,45.3760035270457,17.1526180598421
17.2217221722172,17.3900221634896,45.415036690836,17.1604960636373
17.2317231723172,17.3978165462637,45.4571758905203,17.1714090536082
17.2417241724172,17.4078239751767,45.4999383677517,17.1777155751417
17.2517251725173,17.4173625296919,45.5418894490255,17.1863449254953
17.2617261726173,17.4252574780492,45.5839613346478,17.1955822959116
17.2717271727173,17.4405938784249,45.6266874570182,17.2004398291377
17.2817281728173,17.4528893820939,45.6689600245412,17.2148112166769
17.2917291729173,17.461750621792,45.710333817774,17.2276789779479
17.3017301730173,17.4692141040259,45.751855829965,17.2338318574879
17.3117311731173,17.4796272760759,45.7974918812912,17.2438415369457
17.3217321732173,17.493482093266,45.8400919655008,17.2503344274367
17.3317331733173,17.5029797396718,45.8839185945923,17.2594356234387
17.3417341734173,17.5165026739525,45.9250874026342,17.2676811337448
17.3517351735174,17.5277349347466,45.9662994306347,17.2761757716372
17.3617361736174,17.5363140765758,46.0062677418918,17.2862789950063
17.3717371737174,17.5446672902303,46.0474318118483,17.2973321472899
17.3817381738174,17.5555631029959,46.0894300200195,17.3080536538709
17.3917391739174,17.5641026060348,46.1321237689217,17.3187203214182
17.4017401740174,17.5730032203152,46.1723034492278,17.3267948596116
17.4117411741174,17.5828745686735,46.2154641314241,17.3370715716777
17.4217421742174,17.5909815067629,46.2588956843788,17.3460524536141
17.4317431743174,17.6015369415638,46.3033380018213,17.3538883160743
17.4417441744174,17.6094776612289,46.3444320737945,17.362475228824
17.4517451745175,17.6222769359598,46.3862554449906,17.3709551244288
17.4617461746175,17.6312092013226,46.4260929120756,17.3833785735256
17.4717471747175,17.6428235688904,46.4676239774533,17.3899832359825
17.4817481748175,17.652705746183,46.5109839519816,17.398439525846
17.4917491749175,17.6609495313743,46.5501581801999,17.4076954719475
17.5017501750175,17.6705328411165,46.5902167730023,17.4119169344662
17.5117511751175,17.6809054870048,46.6359182700247,17.4184375072135
17.5217521752175,17.6919182495375,46.6808165624974,17.4270191764494
17.5317531753175,17.7005372620117,46.7223800444206,17.4341055093407
17.5417541754175,17.7102276643505,46.7640544580579,17.442377108618
17.5517551755176,17.7159935675823,46.8042765511739,17.4532424445746
17.5617561756176,17.7234645878316,46.846609279221,17.4632558819972
17.5717571757176,17.7320202313694,46.8882299945759,17.475808746475
17.5817581758176,17.7439899461187,46.9303927013336,17.4857174074223
17.5917591759176,17.7553302027685,46.9715082228229,17.4921636878886
17.6017601760176,17.7647542957762,47.0126951676923,17.4980109470584
17.6117611761176,17.7736060049313,47.0554815563031,17.5072158966447
17.6217621762176,17.7831290662905,47.0925008298643,17.5170243755806
17.6317631763176,17.7966216419179,47.1327174433229,17.5241817036285
17.6417641764176,17.8077518883523,47.1702805763337,17.534602898989
17.6517651765177,17.8217499895135,47.2087425936982,17.5409123009975
17.6617661766177,17.8313054199881,47.2463874558776,17.5489506038264
17.6717671767177,17.8414692315033,47.2896982086696,17.5588735192155
17.6817681768177,17.8517271842759,47.333383138987,17.5665844048469
17.6917691769177,17.8620239291133,47.3769452851248,17.576690678442
17.7017701770177,17.8699751612072,47.416837490062,17.5831013212934
17.7117711771177,17.8844164936753,47.4595647329169,17.5929325931181
17.7217721772177,17.8967709192718,47.5024003816821,17.5988276733594
17.7317731773177,17.9081700689907,47.5461977445309,17.6079301217326
17.7417741774177,17.9198614235374,47.5901976865499,17.6191437023906
17.7517751775178,17.9313886669886,47.635448417554,17.6289583229589
17.7617761776178,17.9443491131171,47.6740221577522,17.6392688932036
17.7717771777178,17.953567639165,47.7162822783508,17.648876451449
17.7817781778178,17.9665005206711,47.7582624608394,17.6584615482133
17.7917791779178,17.9751684253409,47.7970211000638,17.6680833810358
17.8017801780178,17.9831623172342,47.8394206693721,17.6770318852226
17.8117811781178,17.9932229046702,47.8802763911091,17.6845844051917
17.8217821782178,18.0030384790726,47.9264191087596,17.6960531355527
17.8317831783178,18.007900214443,47.9688383282975,17.7039135632096
17.8417841784178,18.0165519139923,48.0110936818062,17.7127583839832
17.8517851785179,18.0279631398365,48.0542109609509,17.7232280432575
17.8617861786179,18.0383460200257,48.0979632562713,17.73086109096
17.8717871787179,18.0499329317955,48.1429373736431,17.7404348090807
17.8817881788179,18.0624679103377,48.1839106724444,17.7499953839781
17.8917891789179,18.0697905679668,48.2256970483067,17.7567285610824
17.9017901790179,18.0760692633732,48.2686933744668,17.7659162619295
17.9117911791179,18.0845710966394,48.3123293673391,17.7796276190755
17.9217921792179,18.0934536339401,48.3540341394011,17.7884274335646
17.9317931793179,18.1053674759175,48.3951439786629,17.7954450747438
17.9417941794179,18.1107851877667,48.4367142191052,17.805163038173
17.951795179518,18.1182646295039,48.4742230605618,17.8087218934807
17.961796179618,18.1290710331073,48.5175455248868,17.816105709592
17.971797179718,18.1397562180616,48.5589889070946,17.8262072571345
17.981798179818,18.1497978775359,48.6005874792133,17.8361274354713
17.991799179918,18.1613201813419,48.646796274282,17.8459413022526
18.001800180018,18.1737989777289,48.6911084056537,17.8573713457903
18.011801180118,18.1849060956133,48.7360123225084,17.865337992915
18.021802180218,18.1951812918809,48.7777577326567,17.8743491233414
18.031803180318,18.2093140956027,48.8170427374055,17.8864864603025
18.041804180418,18.2168726285647,48.8582748622139,17.8933626414913
18.0518051805181,18.2261584084235,48.9009886074968,17.9016025234491
18.0618061806181,18.2392775289887,48.9440830605983,17.9097468401558
18.0718071807181,18.2480663043672,48.9872291971202,17.9170315008797
18.0818081808181,18.2589954677197,49.0310392663652,17.9228590192103
18.0918091809181,18.2676168950835,49.0765024451262,17.9304150598127
18.1018101810181,18.2760772455664,49.1198417961165,17.9416525381336
18.1118111811181,18.2883577065763,49.1625920873282,17.9511034713814
18.1218121812181,18.2999837696745,49.2054011990127,17.9581377814563
18.1318131813181,18.3078089500797,49.2491350467874,17.9692598372811
18.1418141814181,18.3213269755648,49.2927862920391,17.9769437010642
18.1518151815182,18.3342953627978,49.3354603731078,17.9818984098906
18.1618161816182,18.3463205340254,49.3806449770547,17.9889381543018
18.1718171817182,18.3556612184391,49.4247499823055,17.9987549759684
18.1818181818182,18.3651564990308,49.4682948687531,18.0068981641823
18.1918191819182,18.3784080147393,49.5132703782976,18.0154456842582
18.2018201820182,18.3852523564344,49.5551829620304,18.0194407002349
18.2118211821182,18.394473800822,49.5972522797973,18.0290746507595
18.2218221822182,18.4039102253919,49.6422957530117,18.0434079579823
18.2318231823182,18.4149350466246,49.6842453467761,18.0519561431112
18.2418241824182,18.4219483817482,49.7282629100259,18.0618238527661
18.2518251825183,18.4293431706689,49.7698004113306,18.0759603638063
18.2618261826183,18.4399129865268,49.8125704466703,18.0803772551538
18.2718271827183,18.4505352126583,49.8552620842963,18.0891858520975
18.2818281828183,18.4618625970229,49.8957046808465,18.0991680015202
18.2918291829183,18.4718764077432,49.9383303067952,18.1080465671234
18.3018301830183,18.4838155538218,49.9787358588814,18.1181862409993
18.3118311831183,18.4977788633625,50.0205019761851,18.128497638647
18.3218321832183,18.5070497862123,50.0623853869457,18.138272999745
18.3318331833183,18.5168377145052,50.1031137061414,18.1446380006478
18.3418341834183,18.526526997346,50.1450494151515,18.1555589174982
18.3518351835184,18.5397622802666,50.1867016176537,18.167839626902
18.3618361836184,18.5477700615939,50.2280064196089,18.1794082004178
18.3718371837184,18.55884917805,50.2713172915696,18.1875262359352
18.3818381838184,18.5670662227054,50.3153497977633,18.1941752126265
18.3918391839184,18.5787787142903,50.3603617528797,18.1988867853574
18.4018401840184,18.5853365926998,50.4014604595003,18.2068620018983
18.4118411841184,18.5968884637953,50.4415148583872,18.2174800965181
18.4218421842184,18.6082146988026,50.4842994368148,18.2280755240817
18.4318431843184,18.6182251986617,50.5297731959192,18.2363345177415
18.4418441844184,18.6276509208381,50.571224074939,18.2456042025669
18.4518451845185,18.6401914913448,50.6149303954191,18.2525255581204
18.4618461846185,18.6485474439308,50.6556033224444,18.2593568769587
18.4718471847185,18.6583023510549,50.697935582302,18.269877835416
18.4818481848185,18.6673442382227,50.7376050224476,18.28130181077
18.4918491849185,18.6775806894255,50.7787752642255,18.2898683230381
18.5018501850185,18.6903513756978,50.8225114036911,18.3016175291639
18.5118511851185,18.6992545694824,50.8653634174078,18.3102363937898
18.5218521852185,18.712925570923,50.9075164563376,18.3217520504182
18.5318531853185,18.7210576189107,50.950726316258,18.3302783853692
18.5418541854185,18.7284355322354,50.9908821928218,18.3359050160992
18.5518551855186,18.7362270352854,51.0338289960881,18.3444912146837
18.5618561856186,18.7468566829175,51.074792617496,18.3539712242074
18.5718571857186,18.7551900171048,51.1166083393353,18.360876898287
18.5818581858186,18.7663710254142,51.157492746926,18.3669316915856
18.5918591859186,18.7770910731232,51.2008418367745,18.3766001527981
18.6018601860186,18.7862035702279,51.2444663791414,18.3849355726345
18.6118611861186,18.7979281161667,51.2921193789139,18.3925521399948
18.6218621862186,18.8095912202637,51.3365160655186,18.4007819109421
18.6318631863186,18.8201500987958,51.3802571738145,18.4089535535411
18.6418641864186,18.8275607748409,51.4204987249572,18.4152147670475
18.6518651865187,18.8383692392729,51.4637097992801,18.426327183486
18.6618661866187,18.8480797087965,51.5091647178508,18.4330258938423
18.6718671867187,18.8535555933916,51.5500566516949,18.4405767865399
18.6818681868187,18.8597770291625,51.5921506163226,18.4503799778804
18.6918691869187,18.8691907520658,51.6351418355219,18.4603096099695
18.7018701870187,18.880055982336,51.6791346775333,18.4681697530181
18.7118711871187,18.886237844327,51.7199492402569,18.4767837232789
18.7218721872187,18.8997786912896,51.7655237845272,18.4828444138919
18.7318731873187,18.9099263174095,51.8102201391451,18.4886344293947
18.7418741874187,18.9208746287937,51.8524149120818,18.4962079268161
18.7518751875188,18.9284249506264,51.8937592305043,18.5040131715494
18.7618761876188,18.9355587009149,51.9371615072769,18.5096526768822
18.7718771877188,18.9425531806265,51.9799001154305,18.5149491767035
18.7818781878188,18.9527227287232,52.0247668147841,18.5223611788015
18.7918791879188,18.958883295404,52.0687596451296,18.5321162391238
18.8018801880188,18.9688140576932,52.1112666835533,18.5400372008832
18.8118811881188,18.9780823667634,52.1553277443033,18.5502271559994
18.8218821882188,18.9912087327457,52.1977700218388,18.560920219067
18.8318831883188,19.0014195341642,52.2416064337744,18.5703096238707
18.8418841884188,19.0103252864528,52.2847001662887,18.5766325788844
18.8518851885189,19.0208909758999,52.3280428049643,18.5855415090725
18.8618861886189,19.0338264109259,52.3699463730038,18.592103873194
18.8718871887189,19.0463175377273,52.4145952663297,18.5992607832112
18.8818881888189,19.0581869410205,52.4575301242935,18.603559051458
18.8918891889189,19.06948533421,52.5030161188795,18.6124695429657
18.9018901890189,19.0824487838748,52.5447886518942,18.6199664674934
18.9118911891189,19.0906106903202,52.5886288729596,18.6332279329389
18.9218921892189,19.0983206513303,52.6326179503591,18.6390411605857
18.9318931893189,19.1087192076438,52.6743262159951,18.64885424474
18.9418941894189,19.1182347263069,52.7191995615625,18.6614036133247
18.951895189519,19.1278627802031,52.7610960376458,18.6709884072787
18.961896189619,19.1342091041775,52.8030728333396,18.6803746515312
18.971897189719,19.1424749731801,52.8444681577282,18.6908913130374
18.981898189819,19.1515646605622,52.8879731571334,18.6976503673985
18.991899189919,19.1626910726807,52.9309116793476,18.7069391886718
19.001900190019,19.1732449976147,52.9728531894005,18.7147065049035
19.011901190119,19.1827571533601,53.0159564186491,18.7223009916897
19.021902190219,19.1930676102068,53.0632549336051,18.7272256873923
19.031903190319,19.2028580181569,53.1071804881078,18.7373635340408
19.041904190419,19.2144394714748,53.1505050876787,18.7471052482627
19.0519051905191,19.2256486889584,53.1940779749462,18.7558251597444
19.0619061906191,19.234943247779,53.2374933535372,18.7661673954864
19.0719071907191,19.2431307949676,53.2824865920317,18.7747010556066
19.0819081908191,19.2504695248369,53.322150236843,18.7817904573863
19.0919091909191,19.2582734077971,53.3649809042531,18.7894868734696
19.1019101910191,19.2697353921289,53.407635118473,18.7958865697695
19.1119111911191,19.2844095464002,53.4464400849049,18.8046474810131
19.1219121912191,19.2940364776372,53.4924196968529,18.812002909137
19.1319131913191,19.3073412808589,53.5372333488667,18.8198219748838
19.1419141914191,19.3193043049165,53.5813759408032,18.8300041112051
19.1519151915192,19.3289092142879,53.6237803129633,18.8408181174997
19.1619161916192,19.3381152554465,53.6680464570965,18.8461716594473
19.1719171917192,19.3498845767261,53.717227412107,18.8578892734515
19.1819181918192,19.3616643177185,53.7576047244608,18.8645954932697
19.1919191919192,19.370232876548,53.7993612436202,18.8700434399589
19.2019201920192,19.38136542919,53.8447849544483,18.8781124003329
19.2119211921192,19.3920426539862,53.8896409559657,18.8838720928932
19.2219221922192,19.4058326894105,53.9330988953389,18.8933449722499
19.2319231923192,19.4127975780506,53.9780336662503,18.9029146259316
19.2419241924192,19.420796327179,54.0189260187321,18.9128507007109
19.2519251925193,19.4290900721365,54.0595050876706,18.9225036308113
19.2619261926193,19.4391523450329,54.1023776791136,18.9289850893823
19.2719271927193,19.4490677577894,54.1448291337827,18.9361453245276
19.2819281928193,19.4600312298979,54.1864531913562,18.9498177717268
19.2919291929193,19.4704092458093,54.2328419415256,18.9575184424357
19.3019301930193,19.4792468790852,54.2789451389925,18.9686690852256
19.3119311931193,19.4887148005134,54.3241027830962,18.9737312104881
19.3219321932193,19.4987964334256,54.3685633600308,18.9825297942261
19.3319331933193,19.5082283479442,54.4087518514131,18.9904037588316
19.3419341934193,19.5209931294967,54.4523101031559,18.9990630518324
19.3519351935194,19.5295182738829,54.496541339538,19.0109928403712
19.3619361936194,19.5397357869889,54.5425497172297,19.0169913947401
19.3719371937194,19.5476258184581,54.5878734230227,19.0262432572972
19.3819381938194,19.5567676263482,54.6306625200823,19.0333730630519
19.3919391939194,19.5646096589764,54.6745657029545,19.0460260490304
19.4019401940194,19.574907702462,54.7242226747575,19.0548692671973
19.4119411941194,19.5815099322248,54.7660588153224,19.0650983735812
19.4219421942194,19.5917476617224,54.809208555353,19.0733645191062
19.4319431943194,19.6025896425284,54.8534514846072,19.0795852154368
19.4419441944194,19.615056820589,54.8940165377284,19.0866311564974
19.4519451945195,19.6253642271634,54.9357158376748,19.0917682753066
19.4619461946195,19.6322658198192,54.9825003984866,19.0993482140953
19.4719471947195,19.6434987879382,55.0201094151021,19.1090714642882
19.4819481948195,19.6516982279844,55.0592619929504,19.1172389711614
19.4919491949195,19.6640432432065,55.1043663546018,19.1226997904039
19.5019501950195,19.6703498935896,55.1464465225347,19.1269349149071
19.5119511951195,19.6789785929305,55.1871472488679,19.1375129582498
19.5219521952195,19.6899969558211,55.2297615937649,19.1491100749615
19.5319531953195,19.6986282821274,55.273814230884,19.1573589072162
19.5419541954195,19.7110446148975,55.3185966357249,19.1699933564844
19.5519551955196,19.7196393510872,55.3617850552744,19.1764300943924
19.5619561956196,19.7267621391732,55.4071050255591,19.1806957003884
19.5719571957196,19.7342750125718,55.4505811276354,19.188847987357
19.5819581958196,19.7495880873612,55.4947161272613,19.1978103489867
19.5919591959196,19.7593464393262,55.5376261000133,19.207406036578
19.6019601960196,19.7671451087365,55.5803075681758,19.2151581007559
19.6119611961196,19.775236797962,55.6215202055068,19.2238381580491
19.6219621962196,19.7861779224665,55.6673290031969,19.2312360088316
19.6319631963196,19.7966421326764,55.7115632857261,19.2442639860873
19.6419641964196,19.8067170207131,55.7539087074894,19.2505826146215
19.6519651965197,19.8195129207238,55.7970171972052,19.2561259128601
19.6619661966197,19.8320123461162,55.838566490661,19.2657313384878
19.6719671967197,19.8413289538126,55.8819526878431,19.2729495081937
19.6819681968197,19.8491211762178,55.9238242015673,19.2789928821818
19.6919691969197,19.8621756063439,55.9662692424944,19.285838136019
19.7019701970197,19.8752816220452,56.0079878518158,19.2983696200244
19.7119711971197,19.88550864936,56.0472473623712,19.3051564771523
19.7219721972197,19.8927495810551,56.091178968999,19.3145335201011
19.7319731973197,19.9001669629932,56.1320195436635,19.3233448473198
19.7419741974197,19.9143012921624,56.1719168357103,19.3291850581058
19.7519751975198,19.9233257183144,56.2150800268076,19.3381908756146
19.7619761976198,19.9317405701846,56.2552089884398,19.3457786221731
19.7719771977198,19.9390392518769,56.296699572702,19.351828715185
19.7819781978198,19.9511369272854,56.3385583042359,19.3604564831061
19.7919791979198,19.9605989483891,56.3825148937709,19.370332949727
19.8019801980198,19.9694091516775,56.4244569011549,19.3768558130226
19.8119811981198,19.9824539686125,56.4676013995585,19.388255476189
19.8219821982198,19.9920186777237,56.509795226528,19.394454721742
19.8319831983198,20.0009116442415,56.5536433627053,19.4079168739013
19.8419841984198,20.0152180620726,56.5978318728232,19.4155423978156
19.8519851985199,20.0252562305413,56.6432400066542,19.4200276262605
19.8619861986199,20.0368124174681,56.6864151690613,19.4287778790863
19.8719871987199,20.0506019916968,56.7303476766099,19.4401423816846
19.8819881988199,20.060705276273,56.7754043432559,19.4478874939662
19.8919891989199,20.070119332545,56.8152875919737,19.4575865117825
19.9019901990199,20.0816061595291,56.860000898282,19.4680688195786
19.9119911991199,20.0922272683134,56.9026035422773,19.4774073078944
19.9219921992199,20.103830836498,56.9464374062714,19.4852717741225
19.9319931993199,20.1135807707555,56.9918893717247,19.494127418411
19.9419941994199,20.1233672056663,57.0329631212603,19.5007298407499
19.95199519952,20.1331993818465,57.0741781258789,19.5063436020489
19.96199619962,20.1401545395012,57.1150938409047,19.517134104276
19.97199719972,20.1502260271599,57.1619420849267,19.5274454216242
19.98199819982,20.1577377405811,57.2059544395216,19.5359592769236
19.99199919992,20.1697656700886,57.2491983964067,19.542428791272
20.00200020002,20.1813466831156,57.2892104123508,19.5527482040186
20.01200120012,20.1291158042293,57.3342063717829,19.5633860204414
20.02200220022,20.0775441083738,57.3780444438177,19.5723581814181
20.03200320032,20.028201634242,57.4231774896305,19.5804902055719
20.04200420042,19.979611336809,57.4679163004818,19.5890971742586
20.0520052005201,19.9266235694028,57.5120557889542,19.598982369399
20.0620062006201,19.874081725747,57.5546957423463,19.6091523830789
20.0720072007201,19.8222472031226,57.5933601554133,19.6178934907566
20.0820082008201,19.7716177995707,57.6330463258986,19.6233863280069
20.0920092009201,19.7228972197657,57.6754794379051,19.6305984820151
20.1020102010201,19.6729986042475,57.7186264520631,19.6467810420105
20.1120112011201,19.6262638298855,57.7587973125167,19.6556325030281
20.1220122012201,19.577012323841,57.7984324855309,19.6642266188049
20.1320132013201,19.5297498359793,57.8360070480624,19.6712667327156
20.1420142014201,19.4791775624874,57.8760929451105,19.6817261242438
20.1520152015202,19.4284817404317,57.9167211633829,19.6869081641324
20.1620162016202,19.3806364361074,57.9522106073852,19.6955068596101
20.1720172017202,19.3314393829095,57.989941303794,19.7033441515108
20.1820182018202,19.282048923823,58.0259159919753,19.7115119071717
20.1920192019202,19.2346322436097,58.0622150234278,19.716995835022
20.2020202020202,19.1848852634506,58.0969922432081,19.7260811778337
20.2120212021202,19.1374262123468,58.1362151172515,19.7350223173367
20.2220222022202,19.0883330174095,58.1749359104491,19.7414569828305
20.2320232023202,19.0454147793473,58.2095665881288,19.7504574839693
20.2420242024202,18.9960647602334,58.240396421509,19.7591893977699
20.2520252025203,18.9457543666082,58.2769867772438,19.7678688609956
20.2620262026203,18.8982532153548,58.3109557749142,19.7748281671205
20.2720272027203,18.8515039018246,58.3494540260938,19.7811001977552
20.2820282028203,18.8051154932283,58.3842856833859,19.7918884533169
20.2920292029203,18.7568130844488,58.4209046174461,19.7960137221977
20.3020302030203,18.7106695473805,58.4593620689792,19.804202584272
20.3120312031203,18.6665803434766,58.493091185205,19.8146896088535
20.3220322032203,18.6213147257756,58.5281401114171,19.8220340312305
20.3320332033203,18.578304615542,58.5631994356389,19.8299516685891
20.3420342034203,18.5326662982644,58.5975238541062,19.8359392627929
20.3520352035204,18.4864869177617,58.6302083713525,19.8452961495598
20.3620362036204,18.4396338759412,58.6624981573789,19.8508396957819
20.3720372037204,18.3935382992572,58.6962124082565,19.8576292759099
20.3820382038204,18.3491383025621,58.7305564301747,19.8675083777232
20.3920392039204,18.3055903963442,58.7661625972091,19.8731229469077
20.4020402040204,18.2599702925228,58.7979660449942,19.8831786579013
20.4120412041204,18.216151797065,58.8304772394545,19.8923902297777
20.4220422042204,18.169807473546,58.8653003269467,19.9004233968072
20.4320432043204,18.1244166850247,58.8956570527722,19.9143115391723
20.4420442044204,18.0806404225495,58.9256487128001,19.923281784887
20.4520452045205,18.0344248136423,58.9585629707621,19.9312888745408
20.4620462046205,17.9878483357938,58.988411895977,19.9399425788435
20.4720472047205,17.9420248563694,59.021980279344,19.9500670478809
20.4820482048205,17.9006156277431,59.0529566907784,19.9540475092728
20.4920492049205,17.8584968089452,59.0844981881347,19.9599293455936
20.5020502050205,17.8167526004714,59.1145383748943,19.9651657151017
20.5120512051205,17.7693101667205,59.1452562907843,19.9738020779058
20.5220522052205,17.7226281447797,59.1727766608838,19.9825477886256
20.5320532053205,17.6781589367828,59.2012264452439,19.9897433645957
20.5420542054205,17.6353746289503,59.2319885815396,19.9984337159706
20.5520552055206,17.5907349343329,59.2619454619393,20.0068737973076
20.5620562056206,17.5505231981759,59.2914634649581,20.0122741085496
20.5720572057206,17.5018571189442,59.3194557500605,20.019703489104
20.5820582058206,17.4616301139616,59.3437150149497,20.0252700808255
20.5920592059206,17.4181809122746,59.3708889427215,20.0324610983932
20.6020602060206,17.3758697729457,59.399783369525,20.0406328028021
20.6120612061206,17.3319818197988,59.428549859654,20.0439792104596
20.6220622062206,17.2926054257343,59.4540695805484,20.0505607406012
20.6320632063206,17.2498877259763,59.4790580797949,20.0598554534105
20.6420642064206,17.209299147216,59.5051028436274,20.0666613088819
20.6520652065207,17.1707487016191,59.5324103713528,20.0758258892997
20.6620662066207,17.129582734022,59.5574967448263,20.0800468141473
20.6720672067207,17.0865916745492,59.5845709440932,20.0871353631867
20.6820682068207,17.0481068159389,59.6087300415838,20.092684326778
20.6920692069207,17.0060820372063,59.6346338486744,20.1005676281045
20.7020702070207,16.9671360558547,59.6605486181996,20.1070324631892
20.7120712071207,16.9307364129283,59.6852749416445,20.1121827708601
20.7220722072207,16.8906913998304,59.7119027315789,20.1174438604661
20.7320732073207,16.8488191419445,59.7365843378234,20.1219408564892
20.7420742074207,16.8081759807334,59.7633971029617,20.1296243006644
20.7520752075208,16.7656835531806,59.7869003693011,20.135299738799
20.7620762076208,16.7248470313698,59.8123367215763,20.1407622575061
20.7720772077208,16.6856479230349,59.8356501597445,20.1461011391525
20.7820782078208,16.649986538688,59.8579594968399,20.1532313270863
20.7920792079208,16.6110518120999,59.8825557130963,20.1598227923602
20.8020802080208,16.5729551440522,59.9059139985691,20.1667806363908
20.8120812081208,16.5314427082457,59.9306136773505,20.1729944633572
20.8220822082208,16.4898286005875,59.9544118109082,20.1772155473575
20.8320832083208,16.4525248207421,59.9791977479289,20.182410629896
20.8420842084208,16.4117578096113,60.0022310594494,20.1890238617111
20.8520852085209,16.370457009523,60.0267982478841,20.1912970458122
20.8620862086209,16.3321023394492,60.0482769969179,20.1989645365337
20.8720872087209,16.2947504381206,60.0734057215657,20.2075050219601
20.8820882088209,16.2544626357374,60.0939555589315,20.2148656173548
20.8920892089209,16.2144760332482,60.11529057029,20.2174191942187
20.9020902090209,16.1771375870629,60.1374390434209,20.2206241670547
20.9120912091209,16.1397287832523,60.1578579363289,20.2240886920386
20.9220922092209,16.1018083621062,60.179236166264,20.2299780869103
20.9320932093209,16.0646268796218,60.1994289229159,20.2365364594489
20.9420942094209,16.0254828436293,60.2190882896845,20.2410902593602
20.952095209521,15.9883081392649,60.2399291665113,20.2482483573448
20.962096209621,15.9526068229838,60.2612462320685,20.2595435575137
20.972097209721,15.9147875033681,60.2795490706819,20.2632964870233
20.982098209821,15.8755769147943,60.2964846496548,20.2674543523143
20.992099209921,15.8367368615192,60.3170781278859,20.2716461351533
21.002100210021,15.7999047106569,60.3375124297828,20.2755171962174
21.012101210121,15.7628324222077,60.3552539313616,20.277736518205
21.022102210221,15.7284813573499,60.3723927846185,20.2793606042106
21.032103210321,15.6894093400854,60.3895542790205,20.2873532912791
21.042104210421,15.6506355909434,60.409170986631,20.2922096215
21.0521052105211,15.6118321352232,60.4294343293721,20.2967106178674
21.0621062106211,15.5727586261999,60.4470894112362,20.3011246820322
21.0721072107211,15.5375734709647,60.4624421635058,20.3063273388773
21.0821082108211,15.4987748475749,60.4830098755986,20.3133961869289
21.0921092109211,15.4661616825642,60.5019858603535,20.3175036351989
21.1021102110211,15.429912211585,60.5193857614118,20.3245071484138
21.1121112111211,15.3937735737354,60.5393361458297,20.3308629129385
21.1221122112211,15.3585280302372,60.5569096649052,20.3378911580779
21.1321132113211,15.3218197040417,60.5731335660891,20.3399089295071
21.1421142114211,15.2845996449798,60.5932015597748,20.3461102047099
21.1521152115212,15.2515972299144,60.6093145026915,20.3508783734974
21.1621162116212,15.2154913721575,60.6237858535831,20.3532861503708
21.1721172117212,15.1794753991478,60.6428105609939,20.3562168497017
21.1821182118212,15.1442662594414,60.6590275722525,20.3574183675886
21.1921192119212,15.1085448683581,60.6728084285828,20.3635238743706
21.2021202120212,15.0729213416508,60.6882117704122,20.3670754771601
21.2121212121212,15.0390431770293,60.7013970176989,20.3686160163799
21.2221222122212,15.0048188979909,60.7172419094358,20.3711140653582
21.2321232123212,14.9710469817926,60.7288751690242,20.3755890965963
21.2421242124212,14.9375191151234,60.7442871996865,20.3792600360576
21.2521252125213,14.8993551747944,60.762032752734,20.3825138913274
21.2621262126213,14.863518074866,60.7748445601562,20.3837437723799
21.2721272127213,14.8266802761112,60.7873614933932,20.3892136073889
21.2821282128213,14.7945850015009,60.7974955324724,20.3934083208622
21.2921292129213,14.7572361733091,60.8120878658549,20.398611017504
21.3021302130213,14.727521497426,60.8273011886109,20.4067480745815
21.3121312131213,14.6952844398943,60.8360935534755,20.4108616418946
21.3221322132213,14.6609051040711,60.8515018993831,20.4166951421718
21.3321332133213,14.6269785543558,60.8650714898886,20.4184200129092
21.3421342134213,14.5916463371037,60.8782190203158,20.4226499224439
21.3521352135214,14.5588293711329,60.8927624159284,20.4265058410013
21.3621362136214,14.52609416513,60.9041400877861,20.4328487769069
21.3721372137214,14.4921828792045,60.9141843612738,20.435863685133
21.3821382138214,14.4545593145769,60.9248264425841,20.4395500844855
21.3921392139214,14.4205108933726,60.9363493579988,20.4431877470648
21.4021402140214,14.3836078284419,60.9475372434781,20.4449443784887
21.4121412141214,14.3517215804354,60.9601802699448,20.4478902498153
21.4221422142214,14.3201315577292,60.9741541856008,20.4500496207092
21.4321432143214,14.2890535260311,60.9852149385376,20.4552750271738
21.4421442144214,14.2566519513865,60.9975694039662,20.4566532870588
21.4521452145215,14.2267468522976,61.0095496437331,20.4626082008138
21.4621462146215,14.1918623998379,61.0187203132607,20.4668511093929
21.4721472147215,14.1561496566891,61.0298102114724,20.4713396205826
21.4821482148215,14.1227862604611,61.0369883630754,20.4714682339883
21.4921492149215,14.0883035367378,61.045906714664,20.4766241220122
21.5021502150215,14.0546259969527,61.0514877922908,20.4814067040671
21.5121512151215,14.018085646518,61.0618299873233,20.4847728068078
21.5221522152215,13.9878531325004,61.0753594919903,20.4887141218753
21.5321532153215,13.9544140594645,61.0873984602715,20.491656376004
21.5421542154215,13.926456258321,61.0982564426794,20.4938019727469
21.5521552155216,13.8921607544702,61.1060401663428,20.4994895072599
21.5621562156216,13.8573265363104,61.1146137412196,20.4987686542589
21.5721572157216,13.8256055761182,61.1208931651993,20.4998499677748
21.5821582158216,13.7938195996324,61.132538921182,20.5068664783005
21.5921592159216,13.7611289317591,61.1408794547418,20.5081982747452
21.6021602160216,13.7336512881017,61.1467987961131,20.5160588734308
21.6121612161216,13.7019996822433,61.1576199893087,20.5161546184706
21.6221622162216,13.6696457576228,61.1650011562701,20.5229362783428
21.6321632163216,13.6387315178177,61.1728978348489,20.5274010253263
21.6421642164216,13.6078666735029,61.177702160482,20.5296449295328
21.6521652165217,13.5787231209253,61.1850173771191,20.533356385163
21.6621662166217,13.549350911417,61.1915688275296,20.5356564233276
21.6721672167217,13.5169191333848,61.2001638738936,20.539283770933
21.6821682168217,13.4855529731069,61.207393915003,20.5429856872894
21.6921692169217,13.4582352328447,61.2146674272959,20.5457007060879
21.7021702170217,13.4264392663776,61.2208902488272,20.5484006119796
21.7121712171217,13.3977856866696,61.224956019134,20.5539570102682
21.7221722172217,13.36510957285,61.2331491939777,20.5566478246588
21.7321732173217,13.336366872906,61.2373012907644,20.5602998021582
21.7421742174217,13.3063176382607,61.2433192484053,20.5659379854366
21.7521752175218,13.2792443347921,61.2488131812746,20.5655452723892
21.7621762176218,13.248742015039,61.251790827233,20.5705829829746
21.7721772177218,13.2218430415892,61.2576227378432,20.5728893485429
21.7821782178218,13.1937705186927,61.2624862193493,20.5763962885818
21.7921792179218,13.1611847778262,61.2664093679499,20.5790276788416
21.8021802180218,13.1308330586506,61.2702699267479,20.5813683308261
21.8121812181218,13.0984356593511,61.2755995296691,20.5851598820636
21.8221822182218,13.0648159072064,61.2799858625561,20.5889797578271
21.8321832183218,13.0350670746944,61.2806539666107,20.5934513427136
21.8421842184218,13.006409792719,61.2873359789052,20.5970897759789
21.8521852185219,12.9792277179498,61.2889646905597,20.6012747577729
21.8621862186219,12.9504527403917,61.293132028615,20.6021486502699
21.8721872187219,12.9210904144153,61.2922649618334,20.6092671924745
21.8821882188219,12.888585852747,61.2937502519274,20.6084362579282
21.8921892189219,12.8599115832658,61.295515506584,20.6115515803569
21.9021902190219,12.8296516528772,61.2962925659158,20.6129273036109
21.9121912191219,12.7992060531589,61.2981936330174,20.615237055208
21.9221922192219,12.7710688162719,61.303559041471,20.6178270608826
21.9321932193219,12.7454254359862,61.3042945970977,20.6200197367788
21.9421942194219,12.7153685706386,61.3071486235534,20.6233434129772
21.952195219522,12.688344777475,61.3085515211974,20.6219767286006
21.962196219622,12.6604810814016,61.3113699253941,20.6238343232718
21.972197219722,12.6333253339384,61.3111066157573,20.6256850179167
21.982198219822,12.6065571450478,61.3119356439358,20.6274169615088
21.992199219922,12.5768441066776,61.3180107698771,20.6282610614481
22.002200220022,12.5470807404506,61.3210067936982,20.6262515759953
22.012201220122,12.5220592976507,61.3256263433527,20.6286453638225
22.022202220222,12.494628976596,61.3257341695322,20.6298156249157
22.032203220322,12.4670218867053,61.325737386273,20.6308080241071
22.042204220422,12.4380262298703,61.326778477182,20.6313141229172
22.0522052205221,12.4097740286633,61.3275800132902,20.6331741350001
22.0622062206221,12.3827461628214,61.3274259623037,20.6333140642857
22.0722072207221,12.3556467256657,61.3311703320246,20.6351861725329
22.0822082208221,12.3299385810694,61.3299783087405,20.6366428902634
22.0922092209221,12.3028643637728,61.3328294254067,20.6393151760393
22.1022102210221,12.2771284813436,61.3336035262016,20.6403731075891
22.1122112211221,12.2499967630179,61.333390863614,20.6430555338221
22.1222122212221,12.2217209623539,61.3347945443348,20.6464622926048
22.1322132213221,12.195296004088,61.334345963025,20.6465017383212
22.1422142214221,12.1711919000058,61.3354146074594,20.6470951561353
22.1522152215222,12.1444247859403,61.3367557059614,20.6497968336391
22.1622162216222,12.1180895439099,61.3364149857772,20.6502261438159
22.1722172217222,12.0905376973539,61.3379191457841,20.6507755833097
22.1822182218222,12.0668474729652,61.3363216287006,20.653192268311
22.1922192219222,12.0388560326697,61.3350828865898,20.651165414366
22.2022202220222,12.0143086583354,61.3345079518352,20.654264745076
22.2122212221222,11.9896490128958,61.3293696797271,20.6562013971689
22.2222222222222,11.9641370473683,61.3245670198052,20.6582195111125
22.2322232223222,11.9381833421313,61.3227036578059,20.6586183592662
22.2422242224222,11.9097392979483,61.3181663189115,20.6595611369459
22.2522252225223,11.8867046159275,61.3154340761284,20.6610261958629
22.2622262226223,11.8572586218605,61.3137129475697,20.6640690857546
22.2722272227223,11.8312734372523,61.3103242520002,20.6683374270189
22.2822282228223,11.8054288836548,61.305403627727,20.6692929142464
22.2922292229223,11.7802347433346,61.301699186775,20.670761466458
22.3022302230223,11.7546231773086,61.2995202368689,20.6716272731975
22.3122312231223,11.7291934320058,61.2974909744594,20.6692246018126
22.3222322232223,11.7036994955886,61.2937400491657,20.6687867093634
22.3322332233223,11.6782818826601,61.2899312096686,20.6700594406682
22.3422342234223,11.6520663836072,61.2872659931949,20.668250917194
22.3522352235224,11.6237633576554,61.2845913236898,20.6703104114533
22.3622362236224,11.5968252984166,61.2832238897779,20.6722984991358
22.3722372237224,11.5718859417038,61.2805776364378,20.6732737498772
22.3822382238224,11.5483983430678,61.277251969684,20.6759764090001
22.3922392239224,11.5223094162694,61.27919374638,20.6763566130954
22.4022402240224,11.4958671852215,61.2745806009516,20.6792913199427
22.4122412241224,11.4730353501584,61.2714149541998,20.6792084526498
22.4222422242224,11.446022385371,61.2697158243549,20.6789135342523
22.4322432243224,11.4189450321215,61.2671371823418,20.6783764083375
22.4422442244224,11.3964314852043,61.2648256740236,20.6793586552935
22.4522452245225,11.3746613999009,61.2624619660487,20.6796151789823
22.4622462246225,11.3552282441858,61.2586096719172,20.6787206372854
22.4722472247225,11.3327238713896,61.2552975103743,20.6775192972972
22.4822482248225,11.3086233552867,61.2535897494147,20.6781420449333
22.4922492249225,11.2848621214069,61.2483027316329,20.6769346514375
22.5022502250225,11.2582514400928,61.2412599063351,20.6783402273862
22.5122512251225,11.2347588382419,61.2352389699773,20.6778878608087
22.5222522252225,11.2113888621805,61.2287358331698,20.6743255504218
22.5322532253225,11.1908814664676,61.2236812518591,20.675450157032
22.5422542254225,11.164094337255,61.218617627562,20.6762836313516
22.5522552255226,11.141268771446,61.2151871236893,20.6723704474945
22.5622562256226,11.1197934950642,61.2151376844273,20.6698236539497
22.5722572257226,11.0963127055221,61.2088106993443,20.6735601266391
22.5822582258226,11.0712968026486,61.2013469055175,20.6722383086475
22.5922592259226,11.0508118375642,61.1942553210398,20.6678394229391
22.6022602260226,11.0258835668887,61.184286306875,20.6697927733906
22.6122612261226,11.0076893610362,61.1774984360263,20.6728456827982
22.6222622262226,10.9852998575794,61.1725708604323,20.6725633738512
22.6322632263226,10.96286369862,61.1656021496363,20.6682019673566
22.6422642264226,10.9390729910293,61.1606228637402,20.6683648767182
22.6522652265227,10.9177418532457,61.1546150612333,20.668738769009
22.6622662266227,10.89583634217,61.1467231209132,20.671784525619
22.6722672267227,10.8757474155333,61.1430935150779,20.6685482429856
22.6822682268227,10.8542461127824,61.1337542355158,20.6676469628256
22.6922692269227,10.8307393488685,61.1276927822564,20.6697993681896
22.7022702270227,10.8085387271413,61.1188132829301,20.6715195674405
22.7122712271227,10.7863234100001,61.1120995703306,20.6708654815194
22.7222722272227,10.7624074994689,61.1049261376704,20.6664901695744
22.7322732273227,10.7364594181425,61.0982979838293,20.6645422061034
22.7422742274227,10.7150833920722,61.0921176299469,20.6624381677642
22.7522752275228,10.6954285062236,61.0840541613357,20.6596108201779
22.7622762276228,10.6760102983862,61.078935045977,20.6614751471321
22.7722772277228,10.6563589653835,61.0698923538151,20.6631566187641
22.7822782278228,10.6336351943873,61.0571693735215,20.6620200154209
22.7922792279228,10.6115000044561,61.047792131523,20.6628313460735
22.8022802280228,10.5908984821591,61.0377182662343,20.6622735610021
22.8122812281228,10.5718159507786,61.0292869472813,20.6614435952482
22.8222822282228,10.5516839239019,61.0233524548262,20.6606994116834
22.8322832283228,10.5296909136905,61.0169989496437,20.659250288341
22.8422842284228,10.5041631286302,61.0079745229477,20.6590522644063
22.8522852285229,10.4841660943856,60.9996772411946,20.6616683842112
22.8622862286229,10.4646657767577,60.9916108678567,20.6600620052877
22.8722872287229,10.4429740085785,60.9828300727163,20.6578972668707
22.8822882288229,10.4209762863414,60.9706005279605,20.6547630049974
22.8922892289229,10.399247012809,60.9631688379635,20.6503312457148
22.9022902290229,10.3787151514425,60.9533567678038,20.6489372221553
22.9122912291229,10.3582128807226,60.9468385897623,20.6507549199153
22.9222922292229,10.3398756251431,60.9364744632619,20.6469409995103
22.9322932293229,10.3183612129057,60.9253400115743,20.6482298020062
22.9422942294229,10.2967238802119,60.9137889609901,20.6484152852725
22.952295229523,10.2766551450605,60.9063099214497,20.6452486067581
22.962296229623,10.2489257507399,60.8973441487426,20.6399223211104
22.972297229723,10.2281040057232,60.8881056290471,20.6401468570627
22.982298229823,10.2070126683213,60.8753589589901,20.6384891840773
22.992299229923,10.1901614677798,60.8651589138952,20.6367091774607
23.002300230023,10.1693831459202,60.8547803880285,20.6351449589984
23.012301230123,10.1447025671936,60.8448077487641,20.6360679069878
23.022302230223,10.1244167113603,60.8338554863275,20.6371788033097
23.032303230323,10.101374560865,60.8175745853891,20.6327062987837
23.042304230423,10.0801584785235,60.8069468710088,20.6304900388274
23.0523052305231,10.0597153597635,60.8003058865229,20.6334504030908
23.0623062306231,10.0415639571111,60.7894788225652,20.6352430669999
23.0723072307231,10.0215541936633,60.780671220113,20.6355206659323
23.0823082308231,10.0045995265618,60.7709565941545,20.6349082077522
23.0923092309231,9.98599692819439,60.7624237641011,20.6352335318713
23.1023102310231,9.96506580431685,60.754745796051,20.6321085775128
23.1123112311231,9.94395509934174,60.7436990883551,20.630805506826
23.1223122312231,9.92112369321466,60.7313035321443,20.6270813227846
23.1323132313231,9.89963910443073,60.7208719844733,20.6240921500133
23.1423142314231,9.8804445603551,60.7079089463241,20.6227269377279
23.1523152315232,9.86124225975416,60.6923662744899,20.6202709719263
23.1623162316232,9.83878628158122,60.6806235458627,20.6213771051747
23.1723172317232,9.81895419526685,60.6698075602166,20.6183055534321
23.1823182318232,9.79449876646181,60.6607411738003,20.6188466142888
23.1923192319232,9.77301640542545,60.6501512284451,20.6201265205987
23.2023202320232,9.75516683470049,60.6369403621551,20.6194919348071
23.2123212321232,9.73486249680252,60.6225581930755,20.6170590515809
23.2223222322232,9.71493582783642,60.6100622503455,20.6179133741863
23.2323232323232,9.6993662488507,60.5979586043247,20.6168143281491
23.2423242324232,9.68020088234804,60.5873495303374,20.6149687002663
23.2523252325233,9.66218028024438,60.5783495681602,20.6153177640639
23.2623262326233,9.6465265598875,60.566861920316,20.6139594194581
23.2723272327233,9.62653260800319,60.5528801839221,20.6126014320482
23.2823282328233,9.60700761990605,60.5380277492453,20.6129941398331
23.2923292329233,9.58825392995154,60.5248519270611,20.6115096823353
23.3023302330233,9.57186900176398,60.513483355506,20.6104068313924
23.3123312331233,9.55223788575669,60.4975161730116,20.6112074542901
23.3223322332233,9.53090294779921,60.4810928685517,20.612596171601
23.3323332333233,9.51279566360894,60.4685352140286,20.6112130021864
23.3423342334233,9.49605041658481,60.457250521919,20.6118220605848
23.3523352335234,9.47495594112902,60.4458362825565,20.6107287067792
23.3623362336234,9.45220194559518,60.4341376541318,20.6096714044592
23.3723372337234,9.43592085672304,60.4181875332899,20.6088060731422
23.3823382338234,9.4173481695972,60.4022969347833,20.6078468878277
23.3923392339234,9.39764121796801,60.3879035808362,20.6075145569536
23.4023402340234,9.37545874713459,60.376556072891,20.6074470253187
23.4123412341234,9.35735058067582,60.3656147684003,20.6080727070852
23.4223422342234,9.34234746998904,60.3497636583988,20.6030808336196
23.4323432343234,9.32792158960282,60.3387386108839,20.6025651811716
23.4423442344234,9.30925563852466,60.32644377355,20.5979970316137
23.4523452345235,9.2918401886811,60.3146787144246,20.6000607010663
23.4623462346235,9.27391945569265,60.302954879913,20.5984276801294
23.4723472347235,9.25728931335746,60.2880756512273,20.5975762570965
23.4823482348235,9.24275382345323,60.27509339821,20.5941953321693
23.4923492349235,9.22415674989544,60.2621636141726,20.5927279947482
23.5023502350235,9.2064342781697,60.2507267837553,20.5920505608026
23.5123512351235,9.18451076265349,60.2350918612724,20.5920519649046
23.5223522352235,9.16754434674551,60.2189990275944,20.5924397383073
23.5323532353235,9.14982904768141,60.2050315574431,20.5916785168261
23.5423542354235,9.13222469970711,60.1900786674499,20.5905278304786
23.5523552355236,9.11649840774799,60.1741879525562,20.5883556275113
23.5623562356236,9.1019823108747,60.1601462919339,20.5873471657153
23.5723572357236,9.08482714464749,60.1447641510302,20.5823391295939
23.5823582358236,9.06632517018214,60.1308887780832,20.5834675638726
23.5923592359236,9.04844171461517,60.1148030716454,20.5813427607438
23.6023602360236,9.03212151731142,60.0998234318914,20.5788904597804
23.6123612361236,9.01656868826806,60.0865701475892,20.5760260020373
23.6223622362236,9.00041640224271,60.0711828202201,20.5750487805547
23.6323632363236,8.98429241172414,60.0582346339518,20.5763632986901
23.6423642364236,8.96927441108177,60.0387791832311,20.5755196122857
23.6523652365237,8.94946357825286,60.026821090246,20.572260838226
23.6623662366237,8.93408258264358,60.0105215984842,20.5688959728004
23.6723672367237,8.91764168037499,59.9972719879464,20.5652268756773
23.6823682368237,8.90349697640829,59.9794851534712,20.5629102260291
23.6923692369237,8.88789570005529,59.9640827907668,20.5636851257572
23.7023702370237,8.86957182623602,59.9469231498291,20.5639519836262
23.7123712371237,8.85357349066648,59.9326576032542,20.5574114983775
23.7223722372237,8.83406584738442,59.9180511726966,20.5533374811395
23.7323732373237,8.81461203735393,59.9008818625265,20.5539589589833
23.7423742374237,8.80112696370817,59.8843179824565,20.5526030236822
23.7523752375238,8.78351007757615,59.8665729783835,20.5504108445471
23.7623762376238,8.76661788743905,59.8493422686424,20.5478701379167
23.7723772377238,8.74758233670088,59.8351217617367,20.5460767291965
23.7823782378238,8.73075653404622,59.8181440520601,20.5439332802705
23.7923792379238,8.7152464359018,59.8027384862288,20.5412647845984
23.8023802380238,8.70079177186454,59.7858261556724,20.5378542734171
23.8123812381238,8.68892314025887,59.7718554044662,20.5359084889503
23.8223822382238,8.67310501571292,59.7568597249266,20.5329414970878
23.8323832383238,8.65816812771095,59.7408868535843,20.5326989775444
23.8423842384238,8.64562492987935,59.7248986400675,20.5286547505478
23.8523852385239,8.62992175847986,59.7069761164342,20.5279065435953
23.8623862386239,8.61262153203054,59.6895794096701,20.5261021479288
23.8723872387239,8.59689190674289,59.6710905942629,20.5256861271661
23.8823882388239,8.58130050954899,59.6555664726468,20.524132121805
23.8923892389239,8.56887803060595,59.6384226298398,20.5238517469472
23.9023902390239,8.55394923950236,59.6236246962656,20.5244578967826
23.9123912391239,8.54079161675857,59.6062243119433,20.5238567211656
23.9223922392239,8.52255004387076,59.5878656884852,20.5211646145541
23.9323932393239,8.50482910316696,59.5685715293463,20.5168316241253
23.9423942394239,8.49206459677507,59.5544169281538,20.5118517450732
23.952395239524,8.4765711809385,59.5351526176019,20.5091138529784
23.962396239624,8.46084951169093,59.5170317202719,20.5060977613569
23.972397239724,8.44831518714027,59.4975305501403,20.5022761689402
23.982398239824,8.4359183169657,59.4844875499437,20.4992181613261
23.992399239924,8.4218208143985,59.4690301817379,20.4975526761258
24.002400240024,8.4067895649848,59.4512226552706,20.4955105796437
24.012401240124,8.39338813861804,59.4356567633909,20.4936964083884
24.022402240224,8.37604626286387,59.4178311316076,20.4887678379986
24.032403240324,8.36086952839987,59.3986502175004,20.4859283064311
24.042404240424,8.34446783813145,59.3803968738084,20.4828341645534
24.0524052405241,8.32832271593031,59.3623147467858,20.478626473226
24.0624062406241,8.31250450848379,59.3450558695087,20.4756986774784
24.0724072407241,8.29526130533298,59.3293348868369,20.4719485931751
24.0824082408241,8.27837432938138,59.3089383656153,20.4702123828184
24.0924092409241,8.26407822323103,59.2891618634398,20.4682382439188
24.1024102410241,8.24894752819185,59.2749825965182,20.4668056283682
24.1124112411241,8.23482075050438,59.2577047476289,20.4642044228142
24.1224122412241,8.21998153664367,59.2416322452185,20.4628596365318
24.1324132413241,8.20613746167853,59.2228257015266,20.4586511837746
24.1424142414241,8.19091782426996,59.2062000213261,20.4566915795616
24.1524152415242,8.17601885603407,59.1858935327333,20.4504768422608
24.1624162416242,8.16229473108487,59.1679826527399,20.4489896162333
24.1724172417242,8.14865371907179,59.1509878289486,20.4460204763528
24.1824182418242,8.13187071796909,59.135729188997,20.4471551458762
24.1924192419242,8.11451676607265,59.1139645410453,20.4469858438704
24.2024202420242,8.10362853478455,59.0955089782066,20.4423840416079
24.2124212421242,8.0903971056834,59.0760538634905,20.4379885125387
24.2224222422242,8.07579494091315,59.0595689418465,20.4364081758377
24.2324232423242,8.06208881711691,59.0393420254972,20.4338077025745
24.2424242424242,8.04611783340929,59.0234509890825,20.4309329779831
24.2524252425243,8.03207775876221,59.0055168013132,20.4313786794675
24.2624262426243,8.01457901492576,58.9892219954458,20.425985397904
24.2724272427243,8.00273084116876,58.9719402540693,20.4205410758823
24.2824282428243,7.98805693653861,58.9534706904236,20.4172336145049
24.2924292429243,7.97513869003331,58.9349637143841,20.4150006877242
24.3024302430243,7.96125722268471,58.9149270366697,20.4119194679639
24.3124312431243,7.94940271939435,58.8971620750717,20.4063655767363
24.3224322432243,7.9311161915801,58.8765443893256,20.4041886614434
24.3324332433243,7.91860276168106,58.854429354507,20.4018587432646
24.3424342434243,7.90352394321951,58.8353959261191,20.3981421932983
24.3524352435244,7.89024080231475,58.8153528337482,20.3954532643665
24.3624362436244,7.87736634755404,58.794780031822,20.3938063996318
24.3724372437244,7.86334077017872,58.7749108750737,20.3930216917022
24.3824382438244,7.84964798418574,58.7592055455659,20.38765885442
24.3924392439244,7.83588221015346,58.7404366234394,20.3854218314893
24.4024402440244,7.82578396545776,58.7230661553272,20.3828975586519
24.4124412441244,7.80866268321706,58.7037592654846,20.3831943659086
24.4224422442244,7.79541941385663,58.6794192694174,20.3767749293825
24.4324432443244,7.78245078067338,58.6604075738586,20.3734385619395
24.4424442444244,7.7682843058082,58.6411197057816,20.3670706449453
24.4524452445245,7.75502374896267,58.6207802062398,20.3609292108202
24.4624462446245,7.74233019074539,58.6045960146888,20.3563182819108
24.4724472447245,7.72926936299924,58.588324593764,20.351030879577
24.4824482448245,7.72048649716927,58.5689510337404,20.3525739090991
24.4924492449245,7.70750520379661,58.5489232477683,20.3479729786837
24.5024502450245,7.69436250261381,58.5276945184056,20.3445810078533
24.5124512451245,7.68294774825003,58.5037837575067,20.3390083935653
24.5224522452245,7.67105466320055,58.4841100232735,20.3359845731212
24.5324532453245,7.66127114318955,58.4658822121475,20.3337463306253
24.5424542454245,7.64712371772875,58.4429861847585,20.3311361854241
24.5524552455246,7.63085999151027,58.4215504682111,20.3297376807479
24.5624562456246,7.61740448404334,58.3987746824458,20.3264346148148
24.5724572457246,7.60464347016605,58.3798260354152,20.3224179861154
24.5824582458246,7.58965929022455,58.3617603090986,20.3144662151007
24.5924592459246,7.57783079499291,58.3414033696488,20.3085775787714
24.6024602460246,7.56586518605436,58.3213404849102,20.3045399949425
24.6124612461246,7.55331442994456,58.2998631760033,20.3034735371184
24.6224622462246,7.53885707136366,58.2767352400709,20.3013609756707
24.6324632463246,7.52467980053979,58.2531496865476,20.2973204613796
24.6424642464246,7.51286246253721,58.2332456331919,20.2898400689305
24.6524652465247,7.49958545104344,58.2141621856664,20.2865502557312
24.6624662466247,7.48626632490938,58.1936128479302,20.2789828987391
24.6724672467247,7.47467529926672,58.1689802499059,20.2747021354076
24.6824682468247,7.46512900727281,58.1486422168326,20.2707501856137
24.6924692469247,7.45123528679186,58.1282586192282,20.2668312583167
24.7024702470247,7.43793774781613,58.1050332304111,20.2628517497582
24.7124712471247,7.42838005029765,58.0853161897739,20.2594452983141
24.7224722472247,7.41289743613925,58.0715359189947,20.2579658232493
24.7324732473247,7.39919556070632,58.0513452782536,20.2538249181145
24.7424742474247,7.38714219781118,58.0283262792835,20.2524883792639
24.7524752475248,7.37625096104418,58.0081392648916,20.2477286721477
24.7624762476248,7.36210425816677,57.9854047540415,20.2464025264027
24.7724772477248,7.35200945108276,57.9659772119334,20.2416160705819
24.7824782478248,7.34456090313189,57.9455778409565,20.238073086657
24.7924792479248,7.33507548632637,57.9227608539357,20.2320404912336
24.8024802480248,7.32427009434875,57.9048606600446,20.2287493424363
24.8124812481248,7.30882717364774,57.8800444759792,20.2233037795847
24.8224822482248,7.29824732206422,57.8594019956013,20.2198315303304
24.8324832483248,7.28770361195549,57.8384334404316,20.2147352162341
24.8424842484248,7.276134351678,57.8207395850345,20.2069704008377
24.8524852485249,7.26428603746517,57.7985749475574,20.2051588420676
24.8624862486249,7.25594505453122,57.7737367014089,20.200750683491
24.8724872487249,7.24598403419345,57.7529205084859,20.1966106573223
24.8824882488249,7.23471788095409,57.7294301147365,20.1949802661326
24.8924892489249,7.22040741477758,57.7068900640522,20.1902821641342
24.9024902490249,7.20696377366362,57.6826284171913,20.1866912611695
24.9124912491249,7.19584730780839,57.6628804980139,20.1825342065572
24.9224922492249,7.18369849415064,57.6419779126201,20.1764652692479
24.9324932493249,7.17093602077031,57.6205427470793,20.1709923489544
24.9424942494249,7.16522703414972,57.5980438822026,20.168678944727
24.952495249525,7.15059777777128,57.5786192257657,20.1634307762637
24.962496249625,7.1396824589235,57.5570914202002,20.1627486933713
24.972497249725,7.12523390399414,57.5356471118593,20.1582632312791
24.982498249825,7.11272770703032,57.512794694196,20.1555219649274
24.992499249925,7.10087950785881,57.4899309375871,20.1491533462038
25.002500250025,7.08865931111624,57.4692978827494,20.1490312415707
25.012501250125,7.07711251002886,57.4437791281206,20.1462981004315
25.022502250225,7.0665567693622,57.4207301128653,20.1410902430185
25.032503250325,7.05466532734592,57.3981347919691,20.138488275201
25.042504250425,7.04202925762586,57.3766383307122,20.134607766612
25.0525052505251,7.03123331076,57.3542115387571,20.1320717411548
25.0625062506251,7.02009579023655,57.3351640154934,20.1259349095418
25.0725072507251,7.01048815318776,57.3106214101794,20.121475039797
25.0825082508251,7.00034062639445,57.2906439823024,20.1188477863957
25.0925092509251,6.99355510711603,57.267872414035,20.1141292966994
25.1025102510251,6.98393862585217,57.247512679128,20.1143068349901
25.1125112511251,6.97535180864434,57.224833262224,20.1129479790885
25.1225122512251,6.96320964103114,57.1988627604438,20.1084291623958
25.1325132513251,6.95029828112455,57.176123643415,20.1035008621553
25.1425142514251,6.9408657681986,57.1539743646027,20.0994791488553
25.1525152515252,6.9328789365185,57.128399568919,20.0965738750409
25.1625162516252,6.92065720139564,57.1035007689707,20.0922509698827
25.1725172517252,6.91064372683242,57.0809465396433,20.0856887106689
25.1825182518252,6.90074073157987,57.0566797400091,20.0838948148727
25.1925192519252,6.89081584807267,57.0329787531086,20.0811466992401
25.2025202520252,6.88124032929486,57.0082607178889,20.0764585068998
25.2125212521252,6.8696993937864,56.9847079142309,20.0724088460374
25.2225222522252,6.85692869491928,56.9581777841342,20.0678033811673
25.2325232523252,6.84444486689371,56.939620445481,20.0615156598637
25.2425242524252,6.83281868083591,56.9164274599304,20.0582136205014
25.2525252525253,6.82200524526082,56.8924770114731,20.0560736665739
25.2625262526253,6.80932268300353,56.8694794257868,20.054376089698
25.2725272527253,6.79992158254515,56.8454951818369,20.0525362895301
25.2825282528253,6.78476366936579,56.8223667261187,20.048034309428
25.2925292529253,6.77395099076599,56.7963818011246,20.0474566241512
25.3025302530253,6.76237296273233,56.7740936564852,20.0451937782391
25.3125312531253,6.75027958718342,56.7523654662693,20.0406674635484
25.3225322532253,6.73673613930885,56.7274305030669,20.0362733525079
25.3325332533253,6.7272767790106,56.7041299252116,20.0326325498457
25.3425342534253,6.71687931401085,56.6800624428059,20.0265252933153
25.3525352535254,6.70698745416276,56.6588645109057,20.0228708876784
25.3625362536254,6.69485122690966,56.6390460980575,20.0171865441039
25.3725372537254,6.68654837144794,56.6123653751726,20.0138240727502
25.3825382538254,6.67644950454897,56.5876194348047,20.0096673521642
25.3925392539254,6.66954981314416,56.5636386349586,20.0054770494704
25.4025402540254,6.66121843015922,56.539094938022,20.0010662844352
25.4125412541254,6.65182424810393,56.5140076008129,19.9987655409115
25.4225422542254,6.64261068184671,56.4940016302514,19.9915045835666
25.4325432543254,6.63346008447981,56.4696059482056,19.9877011221467
25.4425442544254,6.62528797834272,56.4466493376082,19.9838900079379
25.4525452545255,6.61530722828842,56.4237037602749,19.9845546984394
25.4625462546255,6.60498331042154,56.404391992125,19.9792173912606
25.4725472547255,6.59869138986154,56.3787445317678,19.9766951319337
25.4825482548255,6.59122801355927,56.3527831773644,19.9716749465492
25.4925492549255,6.58095844468028,56.3302272733441,19.9661740262457
25.5025502550255,6.57277701311561,56.3061755972438,19.9606116094908
25.5125512551255,6.56447009636871,56.282839283844,19.9594023454908
25.5225522552255,6.55715847593308,56.2593516192676,19.9552684414348
25.5325532553255,6.54435113243967,56.2402498705745,19.95098759591
25.5425542554255,6.53329193485455,56.2172894506981,19.9519729588491
25.5525552555256,6.52222565992564,56.1960051626521,19.9489771833664
25.5625562556256,6.51098483722815,56.1753775579848,19.9456899542701
25.5725572557256,6.50287378737443,56.1519251440231,19.9408730601229
25.5825582558256,6.49059647947584,56.1282640469999,19.9358427040247
25.5925592559256,6.47868087709319,56.108208851368,19.9342812410577
25.6025602560256,6.46833617507127,56.0856587784907,19.9337173163643
25.6125612561256,6.46085638351066,56.0602326187523,19.9280808867817
25.6225622562256,6.45034677268104,56.0374739774813,19.9238873961162
25.6325632563256,6.44466172584289,56.0133241717654,19.9216730526791
25.6425642564256,6.43586293540502,55.9908619069391,19.9167384846694
25.6525652565257,6.42855022876132,55.9662246678949,19.914839919389
25.6625662566257,6.41962322715587,55.9415070791095,19.9108963329976
25.6725672567257,6.41487799040195,55.9172392391839,19.9053584911134
25.6825682568257,6.40641613286971,55.8908863346175,19.9004739679893
25.6925692569257,6.39941986964056,55.8657606698352,19.8961833140308
25.7025702570257,6.39184649039799,55.8439785607374,19.8903697030543
25.7125712571257,6.38407699963806,55.823293868776,19.8871560585
25.7225722572257,6.37529269324043,55.8004224151567,19.8828733334369
25.7325732573257,6.36593210960638,55.7759864003839,19.8761540150319
25.7425742574257,6.35271683983206,55.7514884792971,19.8736734588702
25.7525752575258,6.3437022620808,55.7260359476782,19.8673869244279
25.7625762576258,6.33494392708296,55.7034853254294,19.8630740961674
25.7725772577258,6.32702265958447,55.6797990350529,19.8623938135117
25.7825782578258,6.31521274145364,55.6574847148041,19.856725654076
25.7925792579258,6.30827887678501,55.6334974899864,19.8513831438416
25.8025802580258,6.30040639776162,55.610925776392,19.8453897448869
25.8125812581258,6.29101588624634,55.5871384063205,19.8388620990547
25.8225822582258,6.27775932721791,55.5635766644412,19.8380816783707
25.8325832583258,6.26895392252905,55.5349548745221,19.8353906881801
25.8425842584258,6.26069011412775,55.5113810764732,19.8305017998746
25.8525852585259,6.25009575503746,55.4874678610866,19.8299898404573
25.8625862586259,6.23747065834511,55.4605248348523,19.8285935994359
25.8725872587259,6.23073435562623,55.4351760566811,19.822210780535
25.8825882588259,6.22199655414297,55.4103421632976,19.8159261143585
25.8925892589259,6.20995196423664,55.3848195837414,19.8112333691531
25.9025902590259,6.20280583027114,55.3600773574527,19.8039473603199
25.9125912591259,6.19593262159526,55.3365110924591,19.7948943080821
25.9225922592259,6.18675468541304,55.3118637246486,19.7928500002634
25.9325932593259,6.17752590012547,55.2840795279504,19.7894325234924
25.9425942594259,6.16722107277328,55.2582354257188,19.784619094138
25.952595259526,6.15680739780778,55.2355656545957,19.7824924138267
25.962596259626,6.14837170724569,55.2100410590368,19.7771517593125
25.972597259726,6.13772509943879,55.190381181954,19.7731057820573
25.982598259826,6.1312923843951,55.1695209535413,19.7686837441883
25.992599259926,6.12032186080781,55.144213766901,19.7620196423394
26.002600260026,6.1138187953553,55.1209149136145,19.7573115634187
26.012601260126,6.10569839214563,55.0969119229412,19.7532617942737
26.022602260226,6.10183766806431,55.0750618372621,19.7444546980194
26.032603260326,6.09444312813833,55.0512258848304,19.7386036324197
26.042604260426,6.08799808873476,55.0260605192383,19.7381301157494
26.0526052605261,6.08128020128801,55.0054200946589,19.7319432777329
26.0626062606261,6.06993455135756,54.9783095385237,19.7266211974566
26.0726072607261,6.06235544655767,54.9548467264157,19.7198222873908
26.0826082608261,6.05170867828948,54.9292771565188,19.7148212961593
26.0926092609261,6.04410802060441,54.9012753936857,19.7115617602196
26.1026102610261,6.03648178998477,54.8757461482134,19.7071248183012
26.1126112611261,6.02717772569549,54.8519375656465,19.7073906582862
26.1226122612261,6.01900874823976,54.8250727406156,19.7002683837902
26.1326132613261,6.01358053102862,54.8029516251028,19.694307364047
26.1426142614261,6.00516961481476,54.7775596225035,19.6885851876178
26.1526152615262,6.000318289803,54.7512518976659,19.6844490214343
26.1626162616262,5.99297473483632,54.7254081523084,19.682134862915
26.1726172617262,5.9853047304234,54.7014354458773,19.6769124957937
26.1826182618262,5.97772310880404,54.6753062812332,19.6742304322759
26.1926192619262,5.96669514112552,54.6481533078456,19.671452851923
26.2026202620262,5.95686659365262,54.6259257771993,19.6691969907006
26.2126212621262,5.95449670862498,54.5994447253758,19.6653338815089
26.2226222622262,5.94916525882887,54.5720796242524,19.6591915091422
26.2326232623262,5.94421535129958,54.5489535794714,19.6541492579578
26.2426242624262,5.9348809725962,54.5233292090277,19.6470439840157
26.2526252625263,5.92603601174199,54.4991035414819,19.6420161034873
26.2626262626263,5.91932587937198,54.4746254047816,19.640444280873
26.2726272627263,5.91180403492672,54.4495411263096,19.6339944336931
26.2826282628263,5.90093916719341,54.4283174718052,19.6297461684223
26.2926292629263,5.89712745147095,54.4036177317511,19.6285761087811
26.3026302630263,5.88995783399773,54.3802570171937,19.6237201106497
26.3126312631263,5.88427745332981,54.3528945550728,19.6176207187028
26.3226322632263,5.87775903432025,54.3272727539609,19.6115665879905
26.3326332633263,5.87174447057907,54.3032139269472,19.6059390677462
26.3426342634263,5.86625333293956,54.2792436452812,19.6021138867308
26.3526352635264,5.86004372455318,54.255881721612,19.5992923566077
26.3626362636264,5.85356198854685,54.2290990696226,19.5973929543247
26.3726372637264,5.84382829555962,54.2063816430959,19.5917634240381
26.3826382638264,5.83513299057399,54.1814845779483,19.5880978222877
26.3926392639264,5.82763350593972,54.1560637336244,19.5812605435475
26.4026402640264,5.82069717283444,54.1317046374875,19.5782379173616
26.4126412641264,5.81367143424643,54.1067280331632,19.5737340405174
26.4226422642264,5.80633226635455,54.082533886348,19.5676879018219
26.4326432643264,5.80179217506369,54.0577353015569,19.5629716524848
26.4426442644264,5.79427959947499,54.0334711796891,19.5585066299721
26.4526452645265,5.78520194605467,54.0090694492616,19.5501441972183
26.4626462646265,5.77814923247788,53.9849700275246,19.545786814806
26.4726472647265,5.77004576230599,53.9598640246391,19.5420457841611
26.4826482648265,5.76347828780666,53.9342615748623,19.5348098610905
26.4926492649265,5.75560298102385,53.9077878509344,19.5329754737204
26.5026502650265,5.74792062188547,53.8815198373301,19.5290180593098
26.5126512651265,5.74656911292243,53.8546204308111,19.5219172477377
26.5226522652265,5.73658304930472,53.8338427619193,19.5152514425696
26.5326532653265,5.72976042144291,53.8057713132719,19.5115102466125
26.5426542654265,5.72140665406573,53.7821996821913,19.5072247823908
26.5526552655266,5.71340463430005,53.7575211927339,19.503680549463
26.5626562656266,5.70658142834305,53.7326094368538,19.4998043793564
26.5726572657266,5.69950130316177,53.7063264240531,19.4951066527359
26.5826582658266,5.69070271234203,53.680851946253,19.4868675589525
26.5926592659266,5.68320727503624,53.6573473595751,19.4825813878003
26.6026602660266,5.67884221922887,53.6333959210594,19.4765355242854
26.6126612661266,5.67209167337946,53.6082553897109,19.4730743442312
26.6226622662266,5.66442439075448,53.5807173977507,19.4673986158525
26.6326632663266,5.65919781122019,53.5563696735275,19.465167400499
26.6426642664266,5.65184022626932,53.5316769665002,19.4566714664104
26.6526652665267,5.6485820761802,53.5074309581322,19.4528824239433
26.6626662666267,5.64277083735171,53.483032497669,19.4471943524013
26.6726672667267,5.63216351196254,53.4585835626446,19.4436546974765
26.6826682668267,5.62665442488899,53.4292339087173,19.4366554166828
26.6926692669267,5.62265214293644,53.4060870329429,19.4282180034641
26.7026702670267,5.61697621082843,53.3816370441514,19.4253956448041
26.7126712671267,5.60756074514659,53.3569662023752,19.4168410832333
26.7226722672267,5.60426882671987,53.3314482003656,19.4078431899975
26.7326732673267,5.5975660911244,53.3029242409476,19.4057506605359
26.7426742674267,5.5915205116833,53.2802278246448,19.4041935439081
26.7526752675268,5.58220401139855,53.250435208201,19.3959512714426
26.7626762676268,5.57560719125726,53.2254869122726,19.3910352088745
26.7726772677268,5.56633043070555,53.1986260702829,19.3877415784374
26.7826782678268,5.55903285323044,53.1723619854415,19.3825999181659
26.7926792679268,5.54972840517492,53.1467505018223,19.3754013839997
26.8026802680268,5.54121395833481,53.1187625370595,19.371642935825
26.8126812681268,5.52868717779168,53.0940567503491,19.369995582733
26.8226822682268,5.52097569641312,53.069365714477,19.3632240599113
26.8326832683268,5.5150017455123,53.0485457475314,19.3590644968098
26.8426842684268,5.50755509828077,53.0260228891496,19.3534198238951
26.8526852685269,5.50067553053559,53.003111366112,19.3501083865969
26.8626862686269,5.49218041755111,52.9732828446874,19.3441228985635
26.8726872687269,5.48638885526585,52.9484302879083,19.3398180267078
26.8826882688269,5.4776379232917,52.9210466193939,19.3362995798591
26.8926892689269,5.46895088950139,52.8958899335026,19.3326118752675
26.9026902690269,5.46336383652526,52.8750210881311,19.3271598939646
26.9126912691269,5.45778143552706,52.8505930621103,19.3249521113903
26.9226922692269,5.45094536240537,52.8247684772469,19.3211336016545
26.9326932693269,5.44405690220713,52.7990242015079,19.3166180946857
26.9426942694269,5.43707324318876,52.7750006874824,19.3119380029075
26.952695269527,5.43043906883828,52.7498043350612,19.308153654049
26.962696269627,5.42122895418047,52.7232392179853,19.3046061778993
26.972697269727,5.41679710040936,52.6983212436564,19.299847478042
26.982698269827,5.41138839091765,52.6743433540804,19.2964981733151
26.992699269927,5.40593762360026,52.6500745790541,19.2904953365763
27.002700270027,5.39509546647903,52.6266242925292,19.2858782069709
27.012701270127,5.38922616644145,52.5995310122309,19.2808775735684
27.022702270227,5.38260157439539,52.574552382632,19.2765347596049
27.032703270327,5.37820270273156,52.5456441458054,19.270707511381
27.042704270427,5.37089161921611,52.5209971231366,19.267199198671
27.0527052705271,5.36503208113092,52.4957120636893,19.258817172715
27.0627062706271,5.36037553416169,52.469143034235,19.2533683984023
27.0727072707271,5.35835204373227,52.4396512459099,19.2496314136443
27.0827082708271,5.35349917998256,52.4110964195974,19.2435090829827
27.0927092709271,5.34827424198724,52.3895349670895,19.2413249548175
27.1027102710271,5.34142209160708,52.3626995987278,19.2371765707857
27.1127112711271,5.33651039186275,52.3364695400287,19.2312134879905
27.1227122712271,5.33312408859932,52.3119268554632,19.2293190728656
27.1327132713271,5.32611762912735,52.2860418332625,19.2234174820842
27.1427142714271,5.32264518949148,52.2580150451188,19.2182821423407
27.1527152715272,5.31695039766705,52.2290307747249,19.2136745100522
27.1627162716272,5.31034872231036,52.2056356919916,19.210124217274
27.1727172717272,5.30631097663938,52.1789311285699,19.206540929056
27.1827182718272,5.29890219555339,52.153565534575,19.2050217129965
27.1927192719272,5.29607282813187,52.1312132713558,19.2014006270985
27.2027202720272,5.29119706789528,52.1065531837378,19.194959381543
27.2127212721272,5.28017805580369,52.082458212484,19.1880337789712
27.2227222722272,5.2742500242403,52.0560471016866,19.1865696961643
27.2327232723272,5.26906145589443,52.0311094054816,19.184257843271
27.2427242724272,5.26573663234301,52.002918472554,19.1771331778837
27.2527252725273,5.26311596941792,51.9786728851623,19.171889703655
27.2627262726273,5.25682757355073,51.9532321767205,19.1674665585698
27.2727272727273,5.25131120606037,51.9305836931024,19.1597898459893
27.2827282728273,5.24619105635237,51.9070587752361,19.1553876723191
27.2927292729273,5.2409703733139,51.8817028150305,19.1503852423946
27.3027302730273,5.23409285596378,51.8573448041117,19.1478474617363
27.3127312731273,5.22915024354642,51.8285977676352,19.1451573791591
27.3227322732273,5.22689686999674,51.8077788588419,19.1407235895795
27.3327332733273,5.21942706450712,51.7798780922053,19.137275856967
27.3427342734273,5.21717185356846,51.7528043867243,19.1321272410276
27.3527352735274,5.21174585527539,51.7258585926802,19.1263720581945
27.3627362736274,5.20379362732044,51.6945932334759,19.1236998433705
27.3727372737274,5.20084917895813,51.6691058934035,19.1185934338566
27.3827382738274,5.19031097714465,51.6461151353181,19.113367239653
27.3927392739274,5.18212160231176,51.6181936202932,19.1064368934907
27.4027402740274,5.17366021820949,51.5958025091514,19.102646363227
27.4127412741274,5.16942760992617,51.5695414303801,19.0982427730031
27.4227422742274,5.16356253209144,51.5439515989524,19.088674007655
27.4327432743274,5.15746531464137,51.523481920671,19.0843750120731
27.4427442744274,5.15366025266147,51.4960487293838,19.0794006236985
27.4527452745275,5.14812109725759,51.4699076741036,19.0752607963175
27.4627462746275,5.14255468878326,51.4423005022707,19.0703161095585
27.4727472747275,5.13642857191568,51.4169158786855,19.0664452792975
27.4827482748275,5.13396714094429,51.3907816275246,19.0618775247767
27.4927492749275,5.12435733010783,51.3646158739021,19.0601346900954
27.5027502750275,5.12138578720788,51.3374706257705,19.0558320861578
27.5127512751275,5.11949826705526,51.3140411992118,19.048886687291
27.5227522752275,5.11741138131205,51.2899853599025,19.0415941432669
27.5327532753275,5.10972744328803,51.2623509127047,19.0364943350467
27.5427542754275,5.10528925250108,51.2377896211367,19.0304155546229
27.5527552755276,5.09790683060121,51.2072432898397,19.0241237979591
27.5627562756276,5.09151176688587,51.1824490346115,19.0188594240456
27.5727572757276,5.08425496145146,51.1589733285611,19.0178154034677
27.5827582758276,5.07935822613873,51.1316104598206,19.01394373749
27.5927592759276,5.07765181949369,51.1073607998584,19.0074268213691
27.6027602760276,5.07264056648415,51.083295337599,19.0019901518404
27.6127612761276,5.06923577791243,51.0589689946716,18.9952901432018
27.6227622762276,5.06150729168633,51.0276107716142,18.9916693661776
27.6327632763276,5.05976289958109,51.0035463207316,18.9894131862889
27.6427642764276,5.0555526272284,50.98208141869,18.9847973841201
27.6527652765277,5.04699780368476,50.9542107278729,18.9781328220954
27.6627662766277,5.03912730332695,50.9260528238731,18.976929885519
27.6727672767277,5.0352725838166,50.9002576443207,18.9705800160877
27.6827682768277,5.02702409151791,50.8780219316751,18.9684677051321
27.6927692769277,5.01850127161233,50.8486646308249,18.9640996067211
27.7027702770277,5.00958202242341,50.8218139806941,18.9604596047107
27.7127712771277,5.00671273959836,50.7935581193791,18.9545470770343
27.7227722772277,5.00185158064035,50.7665492824564,18.9486280299211
27.7327732773277,4.9965109480461,50.7406171924241,18.9426784452158
27.7427742774277,4.99024216662301,50.7153832287322,18.9358395832208
27.7527752775278,4.98588796893783,50.6872690877646,18.9326493394668
27.7627762776278,4.97543039613234,50.6634580214674,18.9282812124399
27.7727772777278,4.96989616495248,50.6384280861414,18.9234511209998
27.7827782778278,4.96568453541958,50.6123954972917,18.9167541981865
27.7927792779278,4.9618711892149,50.5895099328812,18.9143853508671
27.8027802780278,4.95943052335572,50.5648363815791,18.9101573062221
27.8127812781278,4.95424224731558,50.5409887967521,18.9028449442842
27.8227822782278,4.94985596605195,50.5133388281349,18.8967566190642
27.8327832783278,4.9461941079819,50.4895714028795,18.8940194783502
27.8427842784278,4.94142704964427,50.4638040055559,18.889925957703
27.8527852785279,4.93823762343037,50.4401740267805,18.889848700461
27.8627862786279,4.93723747331494,50.4149007632788,18.885671924298
27.8727872787279,4.93246433823827,50.3898524096689,18.8816267988684
27.8827882788279,4.92927980138656,50.3668440522313,18.8755402281418
27.8927892789279,4.92265688152419,50.3399302368568,18.8711425754882
27.9027902790279,4.91957795888313,50.3157851654268,18.8669589439015
27.9127912791279,4.91360344411661,50.2907086457163,18.8603359777987
27.9227922792279,4.90660625319489,50.2623048046895,18.8545631995973
27.9327932793279,4.90157090066416,50.2342278071988,18.8521980868942
27.9427942794279,4.8987623481351,50.203643554291,18.8488228957907
27.952795279528,4.89317870215605,50.1788620000143,18.8427695697385
27.962796279628,4.88876305016059,50.1521230410936,18.8360610317837
27.972797279728,4.88369184540355,50.127703403917,18.833859953179
27.982798279828,4.87892858618376,50.1000247972283,18.8285708579359
27.992799279928,4.87491758927092,50.0747574776801,18.8266436797336
28.002800280028,4.86805913914654,50.0502361681279,18.822841361493
28.012801280128,4.86181880970538,50.0277773716734,18.8155620017065
28.022802280228,4.85891193453198,49.9999230189315,18.8078642893147
28.032803280328,4.85519988464377,49.9732858212174,18.8027569858973
28.042804280428,4.85067684539321,49.9486175811786,18.7981896105595
28.0528052805281,4.8491185576555,49.9233440604192,18.7944157734972
28.0628062806281,4.8450894646477,49.8965792747894,18.7911221404462
28.0728072807281,4.83389306093425,49.8703148926661,18.7848110792116
28.0828082808281,4.83021750120275,49.8430554745631,18.7806415685237
28.0928092809281,4.82371871109367,49.8173907822454,18.7729284207698
28.1028102810281,4.81842538263811,49.7914714869784,18.7686480000781
28.1128112811281,4.81788810326675,49.7675904500638,18.7615718000507
28.1228122812281,4.81441644565085,49.7436800039103,18.755090742371
28.1328132813281,4.81222729473142,49.717947242583,18.7497708724431
28.1428142814281,4.80708008922436,49.6939037229144,18.7443949319113
28.1528152815282,4.8052922773651,49.6675327197006,18.7388211375367
28.1628162816282,4.80084681495096,49.6391808965968,18.7329823270798
28.1728172817282,4.79670036829589,49.6130010210975,18.7298211810372
28.1828182818282,4.79100997322717,49.5888019108659,18.7237818122943
28.1928192819282,4.78577316217636,49.5646487662635,18.7189768792263
28.2028202820282,4.78342677175056,49.5390690454265,18.7158988145482
28.2128212821282,4.77678104160362,49.5117301600293,18.7113572981797
28.2228222822282,4.77218921914891,49.4845604245394,18.7057392995699
28.2328232823282,4.7666566249924,49.4607878272672,18.7013901303167
28.2428242824282,4.7601434484105,49.4369278323059,18.6967395575355
28.2528252825283,4.75464673938943,49.4103727513234,18.6890675530832
28.2628262826283,4.75094622227657,49.3861077354707,18.6835824959405
28.2728272827283,4.74537312570217,49.3589370132657,18.6794241280611
28.2828282828283,4.74212915590994,49.3318755981885,18.6741473988732
28.2928292829283,4.73743048483367,49.3060141991566,18.6673390817181
28.3028302830283,4.73301219322993,49.2824801508493,18.6592089145145
28.3128312831283,4.72850606045511,49.2577909404663,18.6531921672054
28.3228322832283,4.72156138275817,49.23403792079,18.6484421889612
28.3328332833283,4.71878187811897,49.2074939475686,18.642103369272
28.3428342834283,4.7127708130962,49.182185937623,18.637949701517
28.3528352835284,4.70791851479326,49.1546368014542,18.6336562285551
28.3628362836284,4.70387247021497,49.1277682426975,18.633956926955
28.3728372837284,4.70023500964687,49.1040402130759,18.6272912234251
28.3828382838284,4.69500735829279,49.0807659089196,18.6220312734176
28.3928392839284,4.68902303840672,49.0561904389458,18.6191933479739
28.4028402840284,4.68696955496019,49.027729504624,18.6126658589719
28.4128412841284,4.68491493147405,49.0024683229811,18.6080566634245
28.4228422842284,4.68103396259259,48.9744746508527,18.6005852346292
28.4328432843284,4.67710524711762,48.9463829529043,18.5932274035133
28.4428442844284,4.67131551578189,48.9190478723458,18.5855433152533
28.4528452845285,4.67022875854256,48.8909298932777,18.5813135316255
28.4628462846285,4.66358125381575,48.8639325844618,18.5775171939434
28.4728472847285,4.65910783078152,48.8400254782403,18.572668928565
28.4828482848285,4.65377171998695,48.8144198428626,18.5686062938694
28.4928492849285,4.65159000482321,48.7881371002567,18.5624370029255
28.5028502850285,4.64577478116652,48.7638552229491,18.5556458238257
28.5128512851285,4.64209801098461,48.7366189667395,18.5498693721601
28.5228522852285,4.63351568388601,48.7096746125147,18.5425076403539
28.5328532853285,4.62778091375397,48.6840194672463,18.5364171715697
28.5428542854285,4.62219389293754,48.6586273743505,18.530054385837
28.5528552855286,4.61520178649387,48.633468025709,18.5261146769366
28.5628562856286,4.61167038100923,48.6089481304545,18.51962239911
28.5728572857286,4.60612994719513,48.585307489301,18.5126745144355
28.5828582858286,4.60293445199053,48.5537398553576,18.5064703793692
28.5928592859286,4.59815884273066,48.5285722966059,18.5033384834667
28.6028602860286,4.59462280452042,48.5053761218222,18.496451799362
28.6128612861286,4.59161240702034,48.4803791564468,18.4942478925516
28.6228622862286,4.58857087543211,48.4540279942404,18.4874381164343
28.6328632863286,4.58424261786898,48.4306000488047,18.480868138417
28.6428642864286,4.58181668360781,48.4095580246196,18.4803077625896
28.6528652865287,4.57789021797148,48.3880064801237,18.4767998373477
28.6628662866287,4.57684653586175,48.3638519764457,18.4711244499186
28.6728672867287,4.5733251644543,48.3386661715773,18.464888032983
28.6828682868287,4.56680416280748,48.3109325228288,18.460415518612
28.6928692869287,4.5649453213103,48.2880428936518,18.4571861702258
28.7028702870287,4.56024518266344,48.2643478876219,18.4473025397041
28.7128712871287,4.55561092513516,48.2406349245589,18.4466195171735
28.7228722872287,4.55242275433237,48.2156287402745,18.4414637265872
28.7328732873287,4.54746933467546,48.190960230272,18.4387292717652
28.7428742874287,4.54403525159769,48.1669233429925,18.4342307607835
28.7528752875288,4.54298525772282,48.1406387286788,18.4309456931627
28.7628762876288,4.53941365704556,48.1165678927292,18.4259897569813
28.7728772877288,4.53590437985932,48.0920618750424,18.4213987368974
28.7828782878288,4.53076821945647,48.0678029940139,18.4161874992523
28.7928792879288,4.52541523612336,48.0407962361014,18.4122185702655
28.8028802880288,4.52193373710621,48.0150056490703,18.4058462040446
28.8128812881288,4.52046810990919,47.9888834877658,18.4028649876942
28.8228822882288,4.51612443412122,47.9628696704112,18.3960629313484
28.8328832883288,4.51057129563517,47.9351686354371,18.3935321322712
28.8428842884288,4.50681323165309,47.9103999655516,18.3872124832751
28.8528852885289,4.50352934661545,47.8856749700734,18.3803452156914
28.8628862886289,4.50306388300702,47.8589565905021,18.3766378628808
28.8728872887289,4.4957717128275,47.8349637179699,18.3695684381697
28.8828882888289,4.49342323033818,47.8061156364192,18.3640220819472
28.8928892889289,4.49067785956894,47.7815937048421,18.3631248026817
28.9028902890289,4.4852716427167,47.7572410682966,18.3584641352617
28.9128912891289,4.48071293049694,47.7301967401673,18.3531532243604
28.9228922892289,4.47501492739759,47.7091865977635,18.3507988832315
28.9328932893289,4.47416131068634,47.6869330771103,18.3427571309096
28.9428942894289,4.46894014537534,47.661254204128,18.3365904895866
28.952895289529,4.46787379749305,47.6357780110469,18.3333538156534
28.962896289629,4.46639409838002,47.6124182139965,18.3266736270142
28.972897289729,4.45931230270316,47.5889862275528,18.3210763323798
28.982898289829,4.4538566039067,47.5651139276919,18.3144318490469
28.992899289929,4.45306245520918,47.5397372833616,18.3107196263841
29.002900290029,4.45119624024715,47.5149757723015,18.30924260192
29.012901290129,4.44662232489481,47.4928329326641,18.2994251264108
29.022902290229,4.4420736034902,47.4661516155556,18.2951748788992
29.032903290329,4.43945583030479,47.4408404558904,18.2870031122526
29.042904290429,4.43460892185525,47.4177543177017,18.2806988178074
29.0529052905291,4.42950972864538,47.3902057525751,18.2735268511367
29.0629062906291,4.42509328441974,47.363764887175,18.2684286782143
29.0729072907291,4.42240742887141,47.3388391498985,18.2645270297803
29.0829082908291,4.41476924070114,47.3152565206942,18.2579383064868
29.0929092909291,4.41092716944988,47.2899459590676,18.2555134879036
29.1029102910291,4.40796220489976,47.2660228155894,18.2519975072289
29.1129112911291,4.40485015604666,47.2439184024732,18.2469163347694
29.1229122912291,4.40408462442548,47.215336197345,18.2418351776569
29.1329132913291,4.404754377115,47.1911019489885,18.2375714971152
29.1429142914291,4.40426709468184,47.1672047116145,18.2319190122345
29.1529152915292,4.40292499008482,47.1405387130409,18.229487594863
29.1629162916292,4.40254983121542,47.1145025166277,18.2244137234684
29.1729172917292,4.40394519398796,47.0915222621953,18.2185899511409
29.1829182918292,4.40393350191804,47.0652823195708,18.2100369794048
29.1929192919292,4.4008249027252,47.0391900061803,18.2048655867431
29.2029202920292,4.39775284048936,47.009421817296,18.1993165551565
29.2129212921292,4.39429195590523,46.988385179379,18.1930939576439
29.2229222922292,4.39186320680481,46.9651210292022,18.1875705498778
29.2329232923292,4.38784420692297,46.9398365514467,18.184895513851
29.2429242924292,4.38441442922578,46.9125879336622,18.1822004447188
29.2529252925293,4.38308315616267,46.8876884876057,18.1778969846613
29.2629262926293,4.37841694645349,46.861082887714,18.1746008176262
29.2729272927293,4.37455961472064,46.8340651784265,18.1701728104619
29.2829282928293,4.37072741356753,46.8128131309887,18.1642612038612
29.2929292929293,4.36700602667525,46.7869391718964,18.1594627834592
29.3029302930293,4.36550019677369,46.7602873709297,18.1542065172164
29.3129312931293,4.36437683260919,46.734206702741,18.1508189782853
29.3229322932293,4.35793363751466,46.7106244168988,18.1456527810075
29.3329332933293,4.35413190776511,46.6880866278021,18.1405051193535
29.3429342934293,4.34919885520604,46.6624893757798,18.1319764524129
29.3529352935294,4.3454015678262,46.6373950939774,18.1254394884458
29.3629362936294,4.34136828897644,46.6117392034671,18.1252313997096
29.3729372937294,4.3396748145852,46.5861550559785,18.1224298207208
29.3829382938294,4.33433161279145,46.5644911897042,18.1175812755051
29.3929392939294,4.33135264736764,46.5420983655368,18.1116560175771
29.4029402940294,4.32764886022629,46.5173927453805,18.1105067968485
29.4129412941294,4.32556243453041,46.491754284704,18.1045503914428
29.4229422942294,4.32278981188093,46.4694574438223,18.0953703001518
29.4329432943294,4.32061022081059,46.4451793068793,18.0901558492144
29.4429442944294,4.31469326034305,46.4237331894061,18.0852608871178
29.4529452945295,4.31195700702288,46.3978974921666,18.0757457310103
29.4629462946295,4.30694116782709,46.3729694602401,18.0732259567939
29.4729472947295,4.30054287763863,46.3510330143813,18.072487950018
29.4829482948295,4.30058306088955,46.3265144452742,18.0684132232145
29.4929492949295,4.29902191223689,46.3002431695184,18.0581292403333
29.5029502950295,4.29588845449291,46.2733745066032,18.0571311698504
29.5129512951295,4.29377404063749,46.2460686679801,18.0549893372459
29.5229522952295,4.29189103274504,46.2207696570867,18.0504036047314
29.5329532953295,4.28950176770194,46.1987176744906,18.0468686004351
29.5429542954295,4.28734932335998,46.1764938608577,18.0406575429365
29.5529552955296,4.28157328376506,46.1544908837535,18.0339966086342
29.5629562956296,4.27944008796267,46.1294745167701,18.0280372464599
29.5729572957296,4.27707067088178,46.1066756189617,18.0274417565873
29.5829582958296,4.2749221307119,46.0802123606652,18.0208927790614
29.5929592959296,4.27252391529843,46.0583097388542,18.0165716377083
29.6029602960296,4.26589824042255,46.0368429525909,18.0090877099579
29.6129612961296,4.26446221578109,46.0123882523444,18.0081048343586
29.6229622962296,4.25921653822743,45.9889332258231,18.0013306207303
29.6329632963296,4.25508471497656,45.9633296799763,17.9931214277201
29.6429642964296,4.25095323142396,45.9386669006407,17.9870103375847
29.6529652965297,4.24974433469928,45.9156588801682,17.9834961571463
29.6629662966297,4.24790428477524,45.8915172297064,17.9805200135778
29.6729672967297,4.24464677741031,45.8642414958951,17.9744701039199
29.6829682968297,4.24178696523197,45.8336829552637,17.9687304688454
29.6929692969297,4.23977172364067,45.8120512553443,17.9639892565652
29.7029702970297,4.23690853451098,45.78436704557,17.9593312464263
29.7129712971297,4.23663871741081,45.7580865141585,17.9542181744778
29.7229722972297,4.23304954981822,45.7320383600377,17.945042031624
29.7329732973297,4.22937162079093,45.7131932674979,17.9387384051646
29.7429742974297,4.22651068308557,45.6867549982644,17.9340577520362
29.7529752975298,4.22457856414058,45.6590416460372,17.9293019568069
29.7629762976298,4.22369566218822,45.6331815631851,17.9262357641296
29.7729772977298,4.22219145639282,45.6070136679793,17.9218313060996
29.7829782978298,4.2177095357974,45.5798019441018,17.9174337776903
29.7929792979298,4.21732604369424,45.5550707795447,17.9121108695479
29.8029802980298,4.2170204531054,45.5307954427266,17.9078689717363
29.8129812981298,4.21179684876285,45.5056074688145,17.9024090966208
29.8229822982298,4.2104142542148,45.4827670906405,17.9017548468683
29.8329832983298,4.20649548335832,45.4586850365289,17.8958562223801
29.8429842984298,4.20211591915889,45.436033620106,17.8870690301308
29.8529852985299,4.19887712382272,45.4136532296052,17.8840208755398
29.8629862986299,4.19683543928518,45.3907273302985,17.8770051400672
29.8729872987299,4.19777739804245,45.3664431672162,17.8716264347342
29.8829882988299,4.1937899941363,45.3423687344303,17.868040789781
29.8929892989299,4.18988864530891,45.3172790841843,17.8616180096571
29.9029902990299,4.18725199811869,45.2956604287573,17.8558430135848
29.9129912991299,4.18541385014965,45.2695751247278,17.8501405261482
29.9229922992299,4.17931198873724,45.2449566917807,17.8477609817093
29.9329932993299,4.1766218296303,45.2209731181984,17.8427163408274
29.9429942994299,4.17472482650337,45.2026440585085,17.837437026383
29.95299529953,4.17041103091456,45.1802123030076,17.8327669181021
29.96299629963,4.16900559176708,45.1592295699166,17.8271255778124
29.97299729973,4.16791628504575,45.1372594547483,17.8243499537025
29.98299829983,4.16419188400756,45.1089890618468,17.82268590395
29.99299929993,4.16412768848481,45.0827618951691,17.8203744198461
30.00300030003,4.16130631183475,45.0595968118257,17.8152868635748
30.01300130013,4.16219006580558,45.0363343656317,17.8111233756997
30.02300230023,4.15862625445616,45.0121543395777,17.8045834701958
30.03300330033,4.15349267498124,44.9907580476858,17.7983450759386
30.04300430043,4.15454626620717,44.9666440181474,17.7900949693602
30.0530053005301,4.15276919753229,44.9422913811079,17.7865385524238
30.0630063006301,4.14770806478906,44.9157358013932,17.781683132886
30.0730073007301,4.14280148622136,44.8920066183467,17.7737810980374
30.0830083008301,4.13961675003342,44.868821767881,17.7675665351091
30.0930093009301,4.13777326810051,44.8462673330489,17.76428170158
30.1030103010301,4.13650178834397,44.8204601365085,17.7589947481791
30.1130113011301,4.13331195252797,44.7960962354799,17.7548405124786
30.1230123012301,4.13075418663274,44.7728702884282,17.7474069616255
30.1330133013301,4.12698808027424,44.7452385732586,17.7447351438587
30.1430143014301,4.1227371794178,44.7205732780819,17.7393657159679
30.1530153015302,4.11954717416939,44.6979632478331,17.7340266879574
30.1630163016302,4.11525805873958,44.6713061987444,17.7289654344068
30.1730173017302,4.11129748106151,44.6479247962873,17.7201822162397
30.1830183018302,4.11021646646554,44.6252170258512,17.7160720991704
30.1930193019302,4.10624619626075,44.602898161144,17.7130897226998
30.2030203020302,4.1049804923397,44.5799025539924,17.712125273679
30.2130213021302,4.10660908256901,44.5570200990409,17.7058634035733
30.2230223022302,4.10405845060952,44.5323169295045,17.7008869446342
30.2330233023302,4.10267315513473,44.508263871899,17.6980095929232
30.2430243024302,4.09873985852226,44.4823661264043,17.6933382335521
30.2530253025303,4.09826031847596,44.4551972776506,17.6881173297373
30.2630263026303,4.09513281861265,44.4312448105605,17.6823591862471
30.2730273027303,4.09346564948124,44.4066399356863,17.6794749007813
30.2830283028303,4.0935639119871,44.3813026866624,17.6798920106486
30.2930293029303,4.09162094072162,44.359448571102,17.6723387089595
30.3030303030303,4.08617209282658,44.3356221323985,17.6642312465079
30.3130313031303,4.08490106806646,44.3089916397252,17.6587902841936
30.3230323032303,4.08398734715493,44.2837961201265,17.6545391894774
30.3330333033303,4.08020138574976,44.2588795022373,17.6509789543703
30.3430343034303,4.07873820943145,44.2369586699958,17.6424444831632
30.3530353035304,4.07817724239795,44.2123951343551,17.6414100651278
30.3630363036304,4.07812887755757,44.1905758330627,17.6378678702992
30.3730373037304,4.07443073188064,44.1667979386356,17.6329717552205
30.3830383038304,4.07266365898206,44.1466578692278,17.6285729807888
30.3930393039304,4.07095986033318,44.1212292582596,17.6233455232422
30.4030403040304,4.06788259742838,44.0978980716594,17.6182380900557
30.4130413041304,4.06469911872333,44.0709629417015,17.6153494622067
30.4230423042304,4.06202162671172,44.0497153171518,17.6135772425773
30.4330433043304,4.05626023621756,44.0231452660095,17.6069937814615
30.4430443044304,4.05394512239721,44.0028412126522,17.6033484903655
30.4530453045305,4.05229939694382,43.9766343424107,17.5963762287193
30.4630463046305,4.05087398751077,43.950719740303,17.5885692237345
30.4730473047305,4.04777263577336,43.9298924220455,17.5856462193577
30.4830483048305,4.04993534457334,43.9082222397987,17.5834461511416
30.4930493049305,4.04721409250806,43.8834229696273,17.5767622217092
30.5030503050305,4.04507582411424,43.8611466473709,17.5700255091487
30.5130513051305,4.04120150300997,43.8311589627755,17.5642976621279
30.5230523052305,4.0401636662322,43.8096078276546,17.5545806408779
30.5330533053305,4.0384799402581,43.7868458812241,17.5452529276505
30.5430543054305,4.03713831459695,43.7609981873728,17.5427494459473
30.5530553055306,4.03354127346744,43.7367184639193,17.5360064605421
30.5630563056306,4.03096043394449,43.7162088403462,17.5317769731815
30.5730573057306,4.02909022973778,43.6965496231944,17.5237532294404
30.5830583058306,4.02720762392759,43.6715327068665,17.5190314158667
30.5930593059306,4.0268428141486,43.6490152479263,17.5165507100994
30.6030603060306,4.02695791438915,43.6259257756821,17.5118384573387
30.6130613061306,4.02459555473321,43.6032087728623,17.5073763305843
30.6230623062306,4.02046769348243,43.5804996935308,17.5019271382557
30.6330633063306,4.01427530357795,43.5579332533272,17.4948752679996
30.6430643064306,4.010511446421,43.5342115355246,17.4882459202807
30.6530653065307,4.00541109480218,43.5108971512824,17.48482702763
30.6630663066307,4.00174847786516,43.4869239673277,17.4803947844944
30.6730673067307,4.00001329354065,43.4619781616051,17.4785400308972
30.6830683068307,4.00009060672127,43.4425727145571,17.4730076179106
30.6930693069307,4.00149822273159,43.4192879226559,17.4676135408548
30.7030703070307,4.0027154281348,43.3946143181701,17.4649769256838
30.7130713071307,3.99873156345792,43.3675843877449,17.4605962529916
30.7230723072307,3.99633160122969,43.3442936154865,17.4567693187375
30.7330733073307,3.99374420207812,43.3237258098907,17.451367797348
30.7430743074307,3.99231945480461,43.3019505467192,17.4454723661929
30.7530753075308,3.99208135678199,43.2800369161967,17.4419479525322
30.7630763076308,3.98778614706788,43.2537628678131,17.4346223543515
30.7730773077308,3.98567754237358,43.2297880877989,17.4249727338244
30.7830783078308,3.98084045902783,43.2087242028055,17.417616516079
30.7930793079308,3.9808358724687,43.1852622865027,17.4093572109722
30.8030803080308,3.98027864365231,43.1634175106965,17.4044611692189
30.8130813081308,3.98042167847277,43.1397622890792,17.3984322931547
30.8230823082308,3.97723329384883,43.1181935642468,17.3946365950726
30.8330833083308,3.97885886115699,43.0973880406699,17.3887231922239
30.8430843084308,3.97589505250403,43.0725193909659,17.3844269508875
30.8530853085309,3.9718875388291,43.0482555705407,17.3796344276551
30.8630863086309,3.96996747076784,43.0225731634271,17.3761977874538
30.8730873087309,3.96850562250873,42.99974947072,17.3708227025071
30.8830883088309,3.96881984422206,42.9784212863372,17.3685787723375
30.8930893089309,3.96511941125789,42.9537416594493,17.3632714775198
30.9030903090309,3.96523485899137,42.927790882156,17.3589477642401
30.9130913091309,3.96269685781937,42.9042421768697,17.3546570741073
30.9230923092309,3.9595347995998,42.8848686102561,17.3470378452918
30.9330933093309,3.95839222998508,42.8631809260433,17.3438041412206
30.9430943094309,3.95599524899711,42.8392159104492,17.3407400832024
30.953095309531,3.95111086907649,42.817341392115,17.3323809390803
30.963096309631,3.95182563610098,42.7958900136509,17.3267717118165
30.973097309731,3.94821025377317,42.770976701059,17.3199529096602
30.983098309831,3.94888606813301,42.7486425143827,17.3161373304553
30.993099309931,3.94765968107412,42.7258319752822,17.3114037495508
31.003100310031,3.94461987380876,42.7029067850372,17.3044594845965
31.013101310131,3.93875762919126,42.6800712196852,17.3019998649497
31.023102310231,3.93715480731564,42.6552168354083,17.2963672270192
31.033103310331,3.93345875640216,42.6341734315836,17.2926143352937
31.043104310431,3.92860178753951,42.609485043483,17.2904827673447
31.0531053105311,3.92925711383225,42.5880511754422,17.2883460571688
31.0631063106311,3.92553131759443,42.5662149927144,17.280272403244
31.0731073107311,3.9202138190307,42.5432120098771,17.2742192158066
31.0831083108311,3.91791416176263,42.519424607567,17.2704360295616
31.0931093109311,3.9157810538929,42.4963578908606,17.268688589691
31.1031103110311,3.90969672410985,42.4728979653646,17.2634536770985
31.1131113111311,3.90423088561899,42.4515208366576,17.2590044279487
31.1231123112311,3.906911053868,42.428965523722,17.2560178375952
31.1331133113311,3.90741406932176,42.4087450063012,17.2511564635783
31.1431143114311,3.90532458020861,42.385097144651,17.2463562497676
31.1531153115312,3.90181045036795,42.3611390248774,17.2425106963071
31.1631163116312,3.89672499844994,42.3359496998752,17.2404328922054
31.1731173117312,3.8983468484017,42.3148672927519,17.2309422150319
31.1831183118312,3.90088663327372,42.29254424291,17.2261587147705
31.1931193119312,3.89977080504414,42.2702593493615,17.2218387485134
31.2031203120312,3.895880123041,42.2457741560256,17.2151723716801
31.2131213121312,3.89526020086811,42.2217095755642,17.2088349493184
31.2231223122312,3.89373094027706,42.1967345145521,17.2037540757307
31.2331233123312,3.89449794278537,42.1725011695614,17.2005415877131
31.2431243124312,3.89473480431465,42.1502094046718,17.1973291139173
31.2531253125313,3.89223951872841,42.1258109160803,17.1924530717519
31.2631263126313,3.88957628935422,42.1057623199975,17.1863394704417
31.2731273127313,3.88694823389419,42.0848744403179,17.1794188394079
31.2831283128313,3.88629732641808,42.0653641476265,17.1739540021427
31.2931293129313,3.88268867443741,42.0402267587197,17.1658896247709
31.3031303130313,3.88228819701503,42.0194817013445,17.1640415987076
31.3131313131313,3.8812401246724,41.9974708926015,17.1609340931246
31.3231323132313,3.87785686677728,41.9717825748777,17.1550357936625
31.3331333133313,3.87628077353156,41.948680010928,17.1506019185239
31.3431343134313,3.87358040588315,41.926724949096,17.1466870308222
31.3531353135314,3.87407421127274,41.9050233284557,17.1400458826145
31.3631363136314,3.87398055915311,41.8878658752975,17.1352505742576
31.3731373137314,3.87549072193482,41.8626743518979,17.1283956413931
31.3831383138314,3.87513120161759,41.8404320594677,17.1233009730858
31.3931393139314,3.87281835530901,41.8174311249085,17.1169763527204
31.4031403140314,3.87132238896554,41.7948073998634,17.1104637132501
31.4131413141314,3.86963600544078,41.7710110766256,17.1047378583653
31.4231423142314,3.86834551826156,41.7475099294094,17.1025134494782
31.4331433143314,3.86742143857426,41.7244140523209,17.0988598124863
31.4431443144314,3.86234574594664,41.7006340698453,17.0936948949483
31.4531453145315,3.86141799728459,41.6752398890634,17.0902523897676
31.4631463146315,3.86106202390246,41.6536070988909,17.0848096159619
31.4731473147315,3.8612889254211,41.6294844324081,17.0825275774488
31.4831483148315,3.86019092989271,41.6043471973824,17.0773715298782
31.4931493149315,3.85989757293121,41.5853508434272,17.0765534317238
31.5031503150315,3.85824269791683,41.562850788393,17.0701988617332
31.5131513151315,3.85429472371622,41.5404257021664,17.0660931828129
31.5231523152315,3.85153070245454,41.5179183767962,17.0594388511885
31.5331533153315,3.84975241738338,41.4941897061474,17.0539355340948
31.5431543154315,3.84823276388331,41.4747174218983,17.0467975898722
31.5531553155316,3.84787963462948,41.4524374860098,17.0367302380162
31.5631563156316,3.84744092922113,41.4328303417172,17.0341321707716
31.5731573157316,3.84842337179799,41.4069066907583,17.0294739399225
31.5831583158316,3.84532381758099,41.3832570469867,17.0189783539206
31.5931593159316,3.84228918536581,41.3620972125994,17.0162794017739
31.6031603160316,3.84317833260997,41.3378620241222,17.0130883671998
31.6131613161316,3.84253613588541,41.311276569034,17.0097483040275
31.6231623162316,3.83871311975561,41.2901977216106,17.0056815263234
31.6331633163316,3.83550776111427,41.2668307180279,17.0000019568796
31.6431643164316,3.83248521932384,41.2429946813057,16.9950173472714
31.6531653165317,3.82987945677955,41.2236825540821,16.9895137126147
31.6631663166317,3.82947650580237,41.2014712089138,16.9837338690274
31.6731673167317,3.83088406196498,41.1796041225596,16.9792830877124
31.6831683168317,3.83096502134925,41.1572000209922,16.9758337378717
31.6931693169317,3.82971054078414,41.1337465364798,16.9688994782377
31.7031703170317,3.82568581928365,41.1124131430327,16.9662076636535
31.7131713171317,3.82211551824409,41.090532024565,16.9625613468526
31.7231723172317,3.81890532428051,41.0687517276466,16.9608056236592
31.7331733173317,3.81725500328246,41.0466129400507,16.9566693588729
31.7431743174317,3.81610466298593,41.0260505033111,16.9518550723331
31.7531753175318,3.81236780842262,41.0053693379577,16.9464344922913
31.7631763176318,3.81001988795976,40.9821115301835,16.9425921393979
31.7731773177318,3.80743219861294,40.9595700899433,16.9393170922674
31.7831783178318,3.80633634787744,40.9392322037311,16.9374773978755
31.7931793179318,3.80581963966335,40.9166083951708,16.9329865976814
31.8031803180318,3.80555509496349,40.8915017247294,16.9259685147266
31.8131813181318,3.80708401155027,40.8709768435155,16.920726123046
31.8231823182318,3.80823199302187,40.8479304925255,16.916356311573
31.8331833183318,3.80798768452161,40.8284347154678,16.9143441674748
31.8431843184318,3.80354952672355,40.8061872656917,16.907805771639
31.8531853185319,3.80310671027023,40.7848459253211,16.9027847651914
31.8631863186319,3.80241477021056,40.7660662659383,16.8973846260523
31.8731873187319,3.80122423464937,40.7435681949218,16.8916258370726
31.8831883188319,3.80019178305702,40.7211858225825,16.8855091880608
31.8931893189319,3.79846174016456,40.7028561230188,16.8804439893887
31.9031903190319,3.79642866145707,40.678612783943,16.8748087506034
31.9131913191319,3.79893783566467,40.6572997498841,16.8726100710165
31.9231923192319,3.79812235523804,40.6377660472234,16.8653836021388
31.9331933193319,3.79184779763588,40.6157622372512,16.8593097889448
31.9431943194319,3.78903464556267,40.5894392401418,16.8611241375762
31.953195319532,3.785164915106,40.5669910429215,16.8556593740514
31.963196319632,3.78424564871758,40.5460046374285,16.8484548111929
31.973197319732,3.77933451847215,40.5255207486112,16.8444074341804
31.983198319832,3.77637114528683,40.5005237596739,16.8391838710233
31.993199319932,3.77670325138071,40.47895358401,16.8326353385653
32.003200320032,3.77713576366729,40.4565570956798,16.8285170169009
32.013201320132,3.77467019785158,40.4357952740337,16.8240938881254
32.023202320232,3.77412914187296,40.4142590010388,16.8183444945101
32.033203320332,3.77317062415538,40.3937587120932,16.8109749725189
32.043204320432,3.77102748284327,40.3697884293224,16.8099544618003
32.0532053205321,3.7706762530019,40.3485728162669,16.8033246744605
32.0632063206321,3.76982991909406,40.3285468486077,16.7981205663012
32.0732073207321,3.76834157370836,40.3075957518073,16.7919330287253
32.0832083208321,3.76608997741901,40.2874983431078,16.7865056372291
32.0932093209321,3.76758238826327,40.268165177355,16.783075394109
32.1032103210321,3.76601556492425,40.2440170634289,16.7780228820077
32.1132113211321,3.76553735091327,40.2203084554261,16.7721871374664
32.1232123212321,3.76427531620695,40.1998172603452,16.7673679891284
32.1332133213321,3.76629214400286,40.1799708276619,16.7640702968121
32.1432143214321,3.76646785475705,40.1583818269701,16.7556794582869
32.1532153215322,3.76819776153195,40.1364781695617,16.7520886815246
32.1632163216322,3.76634985420855,40.1158123532094,16.74609026056
32.1732173217322,3.76455558353627,40.0927770202555,16.7440833096716
32.1832183218322,3.75937312202916,40.0703689217223,16.7396636295084
32.1932193219322,3.75801856995938,40.0503235311303,16.7359532894287
32.2032203220322,3.75648790078765,40.0278259932401,16.731606733244
32.2132213221322,3.75582540627991,40.0056007857125,16.724521316671
32.2232223222322,3.75652619665961,39.9795468937733,16.7198773233085
32.2332233223322,3.75352175235098,39.9572976518174,16.7152601818744
32.2432243224322,3.75109803068724,39.9352894193453,16.7049249262649
32.2532253225323,3.74805856956464,39.9138469432417,16.698764666925
32.2632263226323,3.74759174064003,39.8923382823523,16.6928963029159
32.2732273227323,3.7460816990675,39.868860994337,16.6862776596192
32.2832283228323,3.74659998825383,39.8474293832322,16.6822316098628
32.2932293229323,3.74593667762318,39.8278436094939,16.6773556640337
32.3032303230323,3.74320901256386,39.8038711583103,16.675567226167
32.3132313231323,3.7443161825074,39.7798711125793,16.6712661819904
32.3232323232323,3.74249807724412,39.7584655848762,16.6680681278587
32.3332333233323,3.74152801958981,39.7361269015458,16.661011612933
32.3432343234323,3.73939142514088,39.7151029562968,16.6546582215813
32.3532353235324,3.73797401971605,39.6905410124986,16.6487756504465
32.3632363236324,3.73624654316759,39.6687182737254,16.6447377463561
32.3732373237324,3.733615485475,39.6457252806336,16.6400515256626
32.3832383238324,3.73242240403527,39.6219082990093,16.638299323101
32.3932393239324,3.72692400732803,39.6007645742017,16.6330959130029
32.4032403240324,3.72334331997447,39.579363407126,16.6310438892182
32.4132413241324,3.72414315059849,39.5595882604193,16.6267302188543
32.4232423242324,3.724241169406,39.5377837609101,16.6210489504118
32.4332433243324,3.72269353302792,39.5171330754786,16.6165333628238
32.4432443244324,3.72193990292147,39.4955254273857,16.6168419278617
32.4532453245325,3.72520310594573,39.4743016125244,16.6116099393642
32.4632463246325,3.72183951605823,39.4526625890531,16.6047488996454
32.4732473247325,3.72139110105128,39.4329982029466,16.5970086704519
32.4832483248325,3.71942905318354,39.4127588577864,16.5930822941685
32.4932493249325,3.71785270149189,39.3872792317437,16.5904434648917
32.5032503250325,3.71585957759126,39.3639249338795,16.5887711585403
32.5132513251325,3.71965542143961,39.3402616263607,16.5835686553995
32.5232523252325,3.71820819017644,39.3227239161374,16.5811846912814
32.5332533253325,3.71544983325442,39.3017985725679,16.5753850211043
32.5432543254325,3.71590109501311,39.2756904357056,16.5683889226054
32.5532553255326,3.71318955968487,39.2564860220583,16.5646650309031
32.5632563256326,3.71187066672815,39.2377175333181,16.5572760023913
32.5732573257326,3.71080850550826,39.2145204029464,16.549995046449
32.5832583258326,3.71178376435928,39.1956194680199,16.5438448957621
32.5932593259326,3.71302743002636,39.1743309259236,16.541211671519
32.6032603260326,3.71216195113554,39.1537560943176,16.5355911987831
32.6132613261326,3.71405220384452,39.1346486346595,16.5312456225295
32.6232623262326,3.7146997072431,39.1153068859226,16.5254910788309
32.6332633263326,3.71102142946116,39.0975686914751,16.5169245696133
32.6432643264326,3.70961260314656,39.0781293019068,16.5140182856362
32.6532653265327,3.71006392257045,39.0585284368413,16.5104738570109
32.6632663266327,3.70721694103686,39.0354951230347,16.506377851945
32.6732673267327,3.7057707549918,39.0180196208978,16.5030084044341
32.6832683268327,3.70332365591082,39.0007932728115,16.4970961817242
32.6932693269327,3.70801235683485,38.9797654538543,16.4913743498723
32.7032703270327,3.70319289632659,38.9589483989908,16.4861947654162
32.7132713271327,3.69943155578614,38.9416741231982,16.4816981294958
32.7232723272327,3.69855380946155,38.9186613051511,16.4764465201295
32.7332733273327,3.69598166017038,38.9015373652778,16.4694775140341
32.7432743274327,3.69369122747386,38.8817060159945,16.4641157507632
32.7532753275328,3.69668408819917,38.8625520112414,16.457351529745
32.7632763276328,3.69567492756323,38.8415030997477,16.4544880260796
32.7732773277328,3.69236180012186,38.8239420382943,16.4505703960339
32.7832783278328,3.69421742808387,38.8029723048981,16.4441828634527
32.7932793279328,3.69402630991228,38.7821453555927,16.440192111654
32.8032803280328,3.69374921072819,38.7573568291746,16.4396369465627
32.8132813281328,3.68911804651062,38.7348812251293,16.4325166085529
32.8232823282328,3.6866905189167,38.7112658439891,16.4282945274467
32.8332833283328,3.68505324084895,38.6874761348933,16.4245170812672
32.8432843284328,3.68470072012559,38.6666729265157,16.4181973277711
32.8532853285329,3.68552423137395,38.6419684575379,16.4128341244169
32.8632863286329,3.68573240721585,38.6218649949542,16.4118891328826
32.8732873287329,3.68555483477621,38.6005998085147,16.4098881773026
32.8832883288329,3.6861881649123,38.5830164737103,16.4038709915466
32.8932893289329,3.68478246320769,38.5642479345016,16.3984267175556
32.9032903290329,3.68065749883972,38.5432280987996,16.3908301130534
32.9132913291329,3.67896065040932,38.5232807145786,16.3818645118438
32.9232923292329,3.67630806236858,38.5028863208063,16.3786679550689
32.9332933293329,3.67362613417561,38.4816703863638,16.3770269843214
32.9432943294329,3.6731597422703,38.4633862119061,16.3751650548061
32.953295329533,3.67309232418866,38.444668080893,16.3701114117024
32.963296329633,3.67530324412433,38.4221799432218,16.3650971235478
32.973297329733,3.67290403372384,38.4020794056674,16.3573981609678
32.983298329833,3.6717156591607,38.3811036304787,16.3525710272103
32.993299329933,3.67185118378484,38.3611012116398,16.3443492032422
33.003300330033,3.67143137690002,38.3410240777666,16.3417068470947
33.013301330133,3.66701545384538,38.3188294935123,16.338413380066
33.023302330233,3.66385574969402,38.3014788335645,16.334770507859
33.033303330333,3.66554786764707,38.2823035252095,16.3299007460683
33.043304330433,3.66386053076095,38.2649500809363,16.324245731659
33.053305330533,3.66484016202025,38.2447333680967,16.3169607789339
33.0633063306331,3.66677482574571,38.225704237115,16.3140479388156
33.0733073307331,3.66961403309574,38.2029366392325,16.3113331883068
33.0833083308331,3.66770898502314,38.1803855206627,16.3095419471567
33.0933093309331,3.66622590661511,38.1603595175565,16.304212030624
33.1033103310331,3.66130338511714,38.1419367636093,16.2976100896197
33.1133113311331,3.66087226841549,38.1199045359949,16.2946369675745
33.1233123312331,3.65994527851085,38.0983619143252,16.2896438719396
33.1333133313331,3.65908558323918,38.0795844042731,16.2876633482464
33.1433143314331,3.65732645019584,38.0553508599859,16.2817365314999
33.1533153315332,3.65428034284728,38.035222941984,16.2747052372349
33.1633163316332,3.65166426714785,38.0137922677504,16.2729448268261
33.1733173317332,3.65079376764094,37.9967720022506,16.2694408632037
33.1833183318332,3.64737085923934,37.977086103222,16.2633989045728
33.1933193319332,3.64562616181695,37.9588698621308,16.257083477709
33.2033203320332,3.64378257752939,37.9379811251543,16.2499569627959
33.2133213321332,3.64283126636552,37.9180981942083,16.2428806727685
33.2233223322332,3.64272432043729,37.8988058537705,16.2420460292516
33.2333233323332,3.64152133508761,37.8810011198883,16.2368613772252
33.2433243324332,3.64169957920045,37.8611304713987,16.2304671406807
33.2533253325333,3.6420630337279,37.8404337624791,16.2248766389204
33.2633263326333,3.63982341950832,37.8226291088598,16.2205308162709
33.2733273327333,3.63493951527841,37.804109310208,16.2173912043099
33.2833283328333,3.63525673398084,37.7840378649252,16.2149518666037
33.2933293329333,3.63498135564324,37.7664529369224,16.2123396064686
33.3033303330333,3.62990382659608,37.744471216702,16.2089759750313
33.3133313331333,3.62985598991983,37.7221101756477,16.2037895655419
33.3233323332333,3.63175911195867,37.7075258701376,16.1976209644977
33.3333333333333,3.63182858337047,37.689423735408,16.1915755178592
33.3433343334333,3.62984462815285,37.6702948933086,16.1871911288762
33.3533353335334,3.62409492015838,37.6527378349683,16.1846652408177
33.3633363336334,3.62388824527735,37.6331767983145,16.179087053708
33.3733373337334,3.62200737101604,37.6160928872622,16.1734411647886
33.3833383338334,3.62153286369483,37.5996225808922,16.170361977134
33.3933393339334,3.61436302933073,37.5787660484271,16.1695156630823
33.4033403340334,3.61092147876363,37.553949928546,16.162779617766
33.4133413341334,3.61045082980272,37.5313021085162,16.1558968153418
33.4233423342334,3.61013136846968,37.5094820781861,16.1527003009865
33.4333433343334,3.60784053937457,37.4892713585556,16.1436534030092
33.4433443344334,3.6053738234363,37.4676660014246,16.1420038762202
33.4533453345335,3.60525970070934,37.4443199794549,16.1391339775947
33.4633463346335,3.60201669282396,37.4275185149372,16.132433979611
33.4733473347335,3.60232338509864,37.4074483916009,16.1268838892184
33.4833483348335,3.59834101439739,37.3855105209237,16.1240152607241
33.4933493349335,3.5957404746779,37.3651434007665,16.1188362576117
33.5033503350335,3.5925080009554,37.3461539831692,16.1114038844191
33.5133513351335,3.59179264758514,37.3268287079512,16.1055717586664
33.5233523352335,3.59306799944806,37.3076220401675,16.1003986025629
33.5333533353335,3.59353640292581,37.2891690741246,16.093541474853
33.5433543354335,3.59491122769302,37.2695713341909,16.0927616717586
33.5533553355336,3.59640376559996,37.2508522971064,16.0883278037972
33.5633563356336,3.59705962139746,37.2324989169835,16.0839068362349
33.5733573357336,3.59711576982612,37.211984965269,16.0804584844316
33.5833583358336,3.5956932672406,37.1941647787204,16.0736775842653
33.5933593359336,3.60046714449926,37.1745923206917,16.0661360862111
33.6033603360336,3.59657883931638,37.1535026639817,16.0615580406942
33.6133613361336,3.59320808362953,37.1348465089268,16.0550739762914
33.6233623362336,3.59268288427727,37.1131542399384,16.0496615880217
33.6333633363336,3.59042659327763,37.0949186965206,16.0438379381601
33.6433643364336,3.59164225007102,37.0790852393189,16.0391063758391
33.6533653365337,3.59259927463833,37.0574117294167,16.0368642447383
33.6633663366337,3.59198644946875,37.0354110929048,16.0297174729812
33.6733673367337,3.59129204050719,37.0136557345282,16.0235412003222
33.6833683368337,3.58912162380013,36.9892209684106,16.0200993160866
33.6933693369337,3.58771218716332,36.9736633903129,16.0145689081629
33.7033703370337,3.58715385184246,36.9537855893972,16.0096312872458
33.7133713371337,3.58864883473428,36.9332875287497,16.003620623447
33.7233723372337,3.58738587513124,36.9157056733889,15.9975563214097
33.7333733373337,3.58840349227128,36.8962386317284,15.9936927704699
33.7433743374337,3.58736263742167,36.8764677491465,15.9882864911829
33.7533753375338,3.58611629833535,36.8574242065483,15.9852337681407
33.7633763376338,3.58328403522128,36.8403319348525,15.9832227133347
33.7733773377338,3.58440910185367,36.8239439970732,15.978874392261
33.7833783378338,3.58187677651544,36.8035423095338,15.9739093190483
33.7933793379338,3.58052522778837,36.7844176145815,15.9705676595529
33.8033803380338,3.57980784394401,36.7635472308634,15.9686376781605
33.8133813381338,3.57268451477574,36.7409249647761,15.963930801458
33.8233823382338,3.5738714449551,36.7218335990168,15.958983598325
33.8333833383338,3.57336422562024,36.7048158098289,15.9563132367682
33.8433843384338,3.57105585215622,36.687143648711,15.950623628641
33.8533853385339,3.57222116687971,36.6686169482389,15.9422786696591
33.8633863386339,3.5714395144049,36.6491652538502,15.9409992394685
33.8733873387339,3.56961603744134,36.6305183088563,15.9347057416523
33.8833883388339,3.56720380723536,36.6103377382561,15.9295977579585
33.8933893389339,3.5663327081903,36.5872514036687,15.9245230377697
33.9033903390339,3.56692170235343,36.5681825509047,15.9186041372405
33.9133913391339,3.56616541625846,36.5508446928901,15.9170035670499
33.9233923392339,3.56437929279759,36.5329510283507,15.9109193503417
33.9333933393339,3.56504607791571,36.5176371317007,15.9098935268129
33.9433943394339,3.56515220639068,36.4987224153538,15.9032756356078
33.953395339534,3.5629785032404,36.4783004364828,15.8981835640437
33.963396339634,3.56277988283747,36.4598010737359,15.895493806534
33.973397339734,3.56221930015003,36.4390402350265,15.8907601031025
33.983398339834,3.56525358627426,36.4207496955659,15.8862139718279
33.993399339934,3.56099862113727,36.402348240901,15.882250650145
34.003400340034,3.55921470323673,36.3849151974432,15.8793428364438
34.013401340134,3.56063519685418,36.3652675522478,15.8729987836648
34.023402340234,3.55602658155165,36.3456779977811,15.8686776925803
34.033403340334,3.55754850535427,36.326524157526,15.8643331835959
34.043404340434,3.55571773311186,36.308499791309,15.8609777268199
34.0534053405341,3.55531609144406,36.2869347780484,15.8579811666475
34.0634063406341,3.55261506239006,36.2687936229855,15.8536195494069
34.0734073407341,3.55215405447955,36.2532148645444,15.8476672768242
34.0834083408341,3.55421400389084,36.237792655431,15.8442699981488
34.0934093409341,3.55414949594236,36.218898201909,15.8441337125394
34.1034103410341,3.55089841944424,36.198290620867,15.8423337961645
34.1134113411341,3.54873009724601,36.1790211218426,15.8351040157729
34.1234123412341,3.55214173447003,36.1603252379943,15.8319078962792
34.1334133413341,3.54944352136233,36.1404049913538,15.8288687034086
34.1434143414341,3.5493412950289,36.122246175395,15.8244664647474
34.1534153415342,3.54814223785442,36.1009856988149,15.8167227294712
34.1634163416342,3.55023664742642,36.0822499293474,15.810523247723
34.1734173417342,3.55068810268037,36.0663348935111,15.8072724575345
34.1834183418342,3.54900726861309,36.0460626158854,15.8032159902202
34.1934193419342,3.54627665350418,36.0294765410265,15.8005217031469
34.2034203420342,3.54514113557111,36.0119917892402,15.7954863246961
34.2134213421342,3.54817788083797,35.9943910190347,15.7908057361622
34.2234223422342,3.54872065245133,35.9747250615987,15.7875884967005
34.2334233423342,3.54915196446693,35.9589010372859,15.7838610204563
34.2434243424342,3.5501026398585,35.9406130937694,15.7781791175597
34.2534253425343,3.54893812320015,35.9214955016776,15.7736425582837
34.2634263426343,3.54343864102995,35.9027338457897,15.7669073493699
34.2734273427343,3.54078415187086,35.8908052206876,15.7597900420896
34.2834283428343,3.53989861803948,35.8739737105093,15.7589393384958
34.2934293429343,3.54369491562899,35.8549068561508,15.7586924029021
34.3034303430343,3.54472001521755,35.8364428535779,15.7551003707699
34.3134313431343,3.54326593697023,35.8193944771201,15.7515896265174
34.3234323432343,3.54383545388813,35.8020626494158,15.7461246293673
34.3334333433343,3.5439456620725,35.7854851325315,15.7422836892974
34.3434343434343,3.54501351587088,35.7650117184126,15.7387501755273
34.3534353435344,3.54365500149017,35.7438613826662,15.7361444122757
34.3634363436344,3.5388378841522,35.727678464081,15.7314541711141
34.3734373437344,3.53879070685136,35.7081643125364,15.7271117175338
34.3834383438344,3.53988151889569,35.690515518637,15.7201816856306
34.3934393439344,3.54243661898529,35.6730332376062,15.7167925040944
34.4034403440344,3.54272593513875,35.6544895293474,15.7138428302697
34.4134413441344,3.54309753498201,35.6361494519133,15.7073879900255
34.4234423442344,3.54269413606255,35.6206605169479,15.7028348831104
34.4334433443344,3.5422265875132,35.6009612894076,15.6995736586073
34.4434443444344,3.54425992470601,35.5849170197813,15.6914968857175
34.4534453445345,3.54549771427651,35.5676428957134,15.6872048667913
34.4634463446345,3.54355718459941,35.5497162732736,15.6856087370098
34.4734473447345,3.54294431517358,35.5326165380103,15.683025761075
34.4834483448345,3.54196750777325,35.5148997058546,15.6779490552412
34.4934493449345,3.53842706679513,35.4978116553979,15.6726639119944
34.5034503450345,3.53539716209941,35.4796579844704,15.6684832953621
34.5134513451345,3.5381078895169,35.4615865550932,15.6618996529319
34.5234523452345,3.54047675315702,35.4484642169606,15.6569658549033
34.5334533453345,3.54044718092868,35.433555853129,15.6558593816153
34.5434543454345,3.54377436935814,35.4147324005096,15.6509940093415
34.5534553455346,3.54380529273833,35.3954737656836,15.6491757519905
34.5634563456346,3.54429308602137,35.3780450560046,15.6449286109579
34.5734573457346,3.54505862027115,35.3608266371061,15.6401765350774
34.5834583458346,3.54602769325191,35.341414470242,15.6356641036613
34.5934593459346,3.5464718631403,35.3246236701705,15.630311010745
34.6034603460346,3.54351860928205,35.308875716236,15.6258683313134
34.6134613461346,3.54041693112275,35.2944969766401,15.6191934553755
34.6234623462346,3.54224428565259,35.2758304584029,15.6127589132102
34.6334633463346,3.54027193526262,35.2572785715312,15.6117275853552
34.6434643464346,3.53893178052794,35.2405555465652,15.6051570985404
34.6534653465347,3.53683057719946,35.2208885521023,15.5997585996133
34.6634663466347,3.54022503642359,35.2057800023212,15.5948364572354
34.6734673467347,3.54064295612491,35.1881073779331,15.5914238704535
34.6834683468347,3.53828802780573,35.168703964937,15.5869193858609
34.6934693469347,3.53927304805573,35.1493927125169,15.5784467364208
34.7034703470347,3.53861468546976,35.1341129516114,15.5727164372515
34.7134713471347,3.54068002276884,35.1156762637347,15.569902813302
34.7234723472347,3.53885144363731,35.0969988552849,15.5644837580463
34.7334733473347,3.53641611360104,35.0799499172577,15.561750386896
34.7434743474347,3.53308350227347,35.0606370089221,15.5584097362796
34.7534753475348,3.52889735013175,35.0434428646433,15.5530874380328
34.7634763476348,3.53082329175201,35.0247479291686,15.5465097887535
34.7734773477348,3.52831327594243,35.0090858432856,15.5449794976042
34.7834783478348,3.52471602112062,34.9911360336474,15.5400953704995
34.7934793479348,3.52173122903176,34.9735402169807,15.5354148860158
34.8034803480348,3.52067960739213,34.9578571447964,15.5317836518524
34.8134813481348,3.52019370176542,34.9381410397459,15.5263992449821
34.8234823482348,3.52184358551654,34.9220057073637,15.5215904572972
34.8334833483348,3.52173054210045,34.908791529423,15.5157558953293
34.8434843484348,3.52247820826484,34.8948081138269,15.5131529172524
34.8534853485349,3.52406435895467,34.8801603520923,15.509238255844
34.8634863486349,3.52575487683138,34.8668018958813,15.5053047977063
34.8734873487349,3.52341622894303,34.8463023776888,15.498175950585
34.8834883488349,3.52349794520111,34.8298114258425,15.4948021295664
34.8934893489349,3.52438124988593,34.8119855221613,15.493170680248
34.9034903490349,3.52326919983352,34.7963935604071,15.4905262606267
34.9134913491349,3.5246166439168,34.7792612342695,15.4866410276312
34.9234923492349,3.52793743337164,34.7623935370392,15.4813855444314
34.9334933493349,3.52755302690424,34.7444937093027,15.4761062832668
34.9434943494349,3.52509348172138,34.728025159398,15.474097537292
34.953495349535,3.52520624925572,34.7096802021552,15.4753492630659
34.963496349635,3.52730346112343,34.6943156843217,15.4709868352384
34.973497349735,3.52858565331964,34.677798026771,15.4636325418101
34.983498349835,3.52897168900155,34.6594942270512,15.4607085143458
34.993499349935,3.52795763594934,34.6447969539198,15.4565920805956
35.003500350035,3.52386296646099,34.6265376339485,15.451833857219
35.013501350135,3.52445464761867,34.6090441775505,15.4473694898923
35.023502350235,3.52225165337109,34.5927372223976,15.4457823908601
35.033503350335,3.52130702701331,34.5746897498115,15.4472255732417
35.043504350435,3.52261965775449,34.5587377046468,15.4393518913405
35.0535053505351,3.51909125567495,34.5442654639595,15.4361931640722
35.0635063506351,3.52012884148307,34.5281889101184,15.432380571045
35.0735073507351,3.51851248574845,34.5098947637875,15.4295365325087
35.0835083508351,3.52055161394997,34.4923018565648,15.4244401850608
35.0935093509351,3.51769423274493,34.4758368261554,15.4254917358626
35.1035103510351,3.51760914623279,34.4570894797319,15.418533874704
35.1135113511351,3.51569258930709,34.4400783270957,15.4112011990047
35.1235123512351,3.51315953837218,34.4240512263693,15.4081173152814
35.1335133513351,3.51470211937305,34.4056936184346,15.4015819418155
35.1435143514351,3.51507682734636,34.3883349221013,15.4007890459735
35.1535153515352,3.5157105311122,34.373156568919,15.3995452277593
35.1635163516352,3.51339300858193,34.3566696698875,15.3952769164261
35.1735173517352,3.51120880013697,34.3414530300766,15.3907109718076
35.1835183518352,3.51249256933626,34.3263354681564,15.3860608004093
35.1935193519352,3.51602412840223,34.3108446454219,15.3841753015383
35.2035203520352,3.51582645839639,34.2967455918862,15.3809422942764
35.2135213521352,3.51793498881102,34.2774410504842,15.3795146428858
35.2235223522352,3.51821838675641,34.2553551530285,15.3766604762155
35.2335233523352,3.51933271240576,34.2373640168917,15.3705969646146
35.2435243524352,3.51618268415381,34.2181724031742,15.3641019384961
35.2535253525353,3.51542599446458,34.2015645758065,15.3610355528519
35.2635263526353,3.51605891621637,34.1815628330148,15.3591486036166
35.2735273527353,3.51714570613947,34.1672908747069,15.3530964233989
35.2835283528353,3.51709498711716,34.149185722665,15.3481176876705
35.2935293529353,3.51737576755995,34.1310897959633,15.343774796355
35.3035303530353,3.51803775853419,34.1144681094273,15.3366605601072
35.3135313531353,3.5184968816959,34.0975248595459,15.3328028323239
35.3235323532353,3.52172050159137,34.0797147595259,15.329785544423
35.3335333533353,3.52159132582021,34.0617528392323,15.3269345597113
35.3435343534353,3.51905293692999,34.0469488929109,15.3215724116114
35.3535353535354,3.51596962033706,34.0306156532798,15.316673322401
35.3635363536354,3.51656279201188,34.0119710134216,15.3144619694341
35.3735373537354,3.51854259159239,33.996531932686,15.3111535089734
35.3835383538354,3.51852010552196,33.9761751205957,15.3082555607289
35.3935393539354,3.5146690727763,33.9607525882234,15.3038752121013
35.4035403540354,3.51573679080936,33.9455497996023,15.300222114754
35.4135413541354,3.51312338625643,33.9296263445302,15.2958025437822
35.4235423542354,3.51564718311196,33.914594548664,15.2897752287862
35.4335433543354,3.51386785294778,33.8972437545408,15.2846480668426
35.4435443544354,3.51226102142113,33.8812798096783,15.2814736773322
35.4535453545355,3.51192420437054,33.8666089877689,15.2791470666731
35.4635463546355,3.51070350922219,33.8496106684775,15.2769274325407
35.4735473547355,3.5099685426019,33.8292441966812,15.2731715010898
35.4835483548355,3.51243789800444,33.8141351690376,15.2701523377413
35.4935493549355,3.51345134267624,33.7944239735836,15.2651318133476
35.5035503550355,3.51297299705981,33.7804095128282,15.2595935048849
35.5135513551355,3.51249003158668,33.7638672430234,15.2551942742876
35.5235523552355,3.51402651579687,33.7480426215364,15.2484169990204
35.5335533553355,3.51508697416446,33.734542884242,15.2452829580648
35.5435543554355,3.51506995195841,33.7208205732061,15.2402827002344
35.5535553555356,3.51699266699759,33.7041152840279,15.2397213041132
35.5635563556356,3.51448596108176,33.6886527588979,15.2354571435635
35.5735573557356,3.5168388054162,33.671189803194,15.2336115158271
35.5835583558356,3.51493501395112,33.6593942145093,15.2297832052852
35.5935593559356,3.51546466090913,33.6444628670937,15.2289426915431
35.6035603560356,3.51667688719334,33.6317388423581,15.2295702099175
35.6135613561356,3.51523917022597,33.6165623843898,15.2270660647114
35.6235623562356,3.51563087182625,33.6000110879304,15.2271269330548
35.6335633563356,3.51588058434804,33.5827095872748,15.2230042546698
35.6435643564356,3.5147033881753,33.5669146157503,15.2197112131995
35.6535653565357,3.51230536150015,33.5462263177931,15.2173639266383
35.6635663566357,3.51105129185803,33.52994309377,15.2140046970346
35.6735673567357,3.51208706477171,33.5132504676416,15.2099879351028
35.6835683568357,3.50685184002647,33.4997973316166,15.2023782898792
35.6935693569357,3.50626493734151,33.4828966359831,15.1969952411373
35.7035703570357,3.50538544578414,33.4644021022308,15.1939806826703
35.7135713571357,3.50655979839838,33.4460112046737,15.1903523718015
35.7235723572357,3.5026937194221,33.4339685117726,15.1888235542149
35.7335733573357,3.49983101117965,33.4145048696428,15.1834381139283
35.7435743574357,3.50117515662739,33.3935317938001,15.1759668100446
35.7535753575358,3.50360809365863,33.3756067521967,15.1722102284923
35.7635763576358,3.50167967193623,33.3605418584315,15.1658285758108
35.7735773577358,3.50047660930218,33.3467875778373,15.1653409997307
35.7835783578358,3.49800238383212,33.3309696151544,15.1597160713149
35.7935793579358,3.50011951694907,33.3127580255257,15.1545632823016
35.8035803580358,3.50106857885866,33.2955903679291,15.1496104039528
35.8135813581358,3.50383865526332,33.2750924763841,15.1450487413608
35.8235823582358,3.50551031482863,33.2579885127919,15.1400548683143
35.8335833583358,3.50329325830188,33.2462262324692,15.1350075368753
35.8435843584358,3.50119675081159,33.2313422940233,15.1301278909071
35.8535853585359,3.50237698657311,33.2180507287403,15.1271626080601
35.8635863586359,3.5013476969054,33.2049931470773,15.117776566752
35.8735873587359,3.49967469060274,33.190524020549,15.1167553055983
35.8835883588359,3.4984477705575,33.1764919806294,15.1144685884812
35.8935893589359,3.49498166242519,33.1591997486555,15.1092335507709
35.9035903590359,3.4928280510085,33.1442271844231,15.104354436352
35.9135913591359,3.49354105924903,33.1251441695216,15.0988763370267
35.9235923592359,3.49326843056428,33.1128032277735,15.0932541854779
35.9335933593359,3.49548415074903,33.0959905007573,15.0880700310247
35.9435943594359,3.49290632448512,33.0820328542568,15.0829056280914
35.953595359536,3.49704031652537,33.0707849418594,15.0787606669928
35.963596359636,3.49650909660121,33.0533689809517,15.0725492011438
35.973597359736,3.49531475050681,33.0345380892283,15.0686590097451
35.983598359836,3.49574825683321,33.0192273868332,15.0609530875511
35.993599359936,3.49243619776601,33.0004150728316,15.0595543672386
36.003600360036,3.49419054028154,32.984001570839,15.0570604715575
36.013601360136,3.49658100779244,32.9635821394092,15.0526414829876
36.023602360236,3.49702510773937,32.9473147385433,15.0457548692001
36.033603360336,3.49936025790123,32.9318656311686,15.0413927705511
36.043604360436,3.49857298803181,32.9159571559275,15.0376551731255
36.0536053605361,3.4993531971173,32.8987085340339,15.0331965708418
36.0636063606361,3.4995995209802,32.8860382772413,15.0291821907153
36.0736073607361,3.50067167778724,32.873988247678,15.0247055457409
36.0836083608361,3.50237556392205,32.8604681297888,15.0207014013811
36.0936093609361,3.4988560038826,32.8476947227662,15.0167185556942
36.1036103610361,3.49832638028789,32.8295196497423,15.0117335028166
36.1136113611361,3.49457591568043,32.8144693517997,15.0086975098552
36.1236123612361,3.49547339636551,32.7988150259255,15.0019718824505
36.1336133613361,3.4942956263958,32.7872361984217,14.99668321162
36.1436143614361,3.49302552029019,32.7739819586481,14.9939120164263
36.1536153615362,3.49214733541555,32.7610844393912,14.9909664782956
36.1636163616362,3.49411147382503,32.7444757500684,14.9891486703184
36.1736173617362,3.49244189645885,32.7300454528177,14.9861298789125
36.1836183618362,3.49121135724391,32.7171272880859,14.9852200824554
36.1936193619362,3.4899389872849,32.7032252800777,14.9800697735692
36.2036203620362,3.48840948088328,32.6853304391487,14.9753660891449
36.2136213621362,3.48758966488208,32.666811618655,14.9745661650073
36.2236223622362,3.48482336614927,32.6508064657246,14.9688772092705
36.2336233623362,3.48770098853058,32.6338277538482,14.9624005419058
36.2436243624362,3.4887092253255,32.6169041773788,14.9643709327373
36.2536253625363,3.48518605225784,32.6025221288423,14.9592393868824
36.2636263626363,3.48294993090887,32.5874370239485,14.9584935432544
36.2736273627363,3.48250303074695,32.5710806893776,14.9532227996667
36.2836283628363,3.48172067616803,32.5551910293073,14.9499193104394
36.2936293629363,3.48579696893054,32.5408988267057,14.9445062859236
36.3036303630363,3.48525035747058,32.5291662045094,14.9403571249175
36.3136313631363,3.48733503076162,32.5146459204696,14.9388038639173
36.3236323632363,3.48661269694493,32.4981695691022,14.9362490919356
36.3336333633363,3.48812414124929,32.4836901321359,14.9292153042409
36.3436343634363,3.48916572463186,32.4680831266753,14.9280538899242
36.3536353635364,3.4881481960799,32.4540024049407,14.9247360503105
36.3636363636364,3.48745520289624,32.4391839753582,14.9236168502366
36.3736373637364,3.49151180732826,32.4234077914462,14.9189485258891
36.3836383638364,3.48825210588466,32.4045417180051,14.9117539951154
36.3936393639364,3.49228213549266,32.3899165309132,14.907517281498
36.4036403640364,3.49137543497484,32.3724498710219,14.9010021408653
36.4136413641364,3.49014300122038,32.3591339917678,14.8972223083247
36.4236423642364,3.4854212555584,32.3421599398971,14.8927828456809
36.4336433643364,3.48653837091193,32.3256674035562,14.8881034076581
36.4436443644364,3.48932853940942,32.3066974635689,14.884586593201
36.4536453645365,3.48933301872155,32.2887890337372,14.8820242087326
36.4636463646365,3.4886926496503,32.2732608448035,14.8793065725812
36.4736473647365,3.49333467882345,32.2572942837936,14.8757442566485
36.4836483648365,3.49007992577614,32.2418434158156,14.8712197964586
36.4936493649365,3.48959251133233,32.2272700333372,14.86930826346
36.5036503650365,3.49226726511207,32.2092379100171,14.8633927420712
36.5136513651365,3.49132831382633,32.1920641357277,14.858548117503
36.5236523652365,3.48724731762385,32.1773341891131,14.856576145862
36.5336533653365,3.48651008562152,32.1640566158443,14.8546252482069
36.5436543654365,3.48466569560126,32.1504868405058,14.8479066748964
36.5536553655366,3.48459506007618,32.1348235446172,14.8456664287106
36.5636563656366,3.48590798834578,32.118412272238,14.8404859471523
36.5736573657366,3.48464638389686,32.1059618756699,14.8346425626838
36.5836583658366,3.48526157263149,32.0888849260308,14.8321293810522
36.5936593659366,3.48612732881239,32.0745548508501,14.827131640374
36.6036603660366,3.4856769984882,32.0597458769282,14.823451478688
36.6136613661366,3.48300264117365,32.0443288484556,14.8187724134365
36.6236623662366,3.48405464116821,32.0316102624167,14.8123187661357
36.6336633663366,3.48260143659389,32.0132284703465,14.8114445639587
36.6436643664366,3.48224747897906,31.9957429936193,14.807175326033
36.6536653665367,3.48497798981959,31.9794488171014,14.8014451548086
36.6636663666367,3.4846270574056,31.9633833897686,14.796926413153
36.6736673667367,3.48207412931089,31.9492200974477,14.7945867470018
36.6836683668367,3.48277903219504,31.9374008728006,14.7923373843968
36.6936693669367,3.48236433003771,31.9199373001695,14.7891456560218
36.7036703670367,3.48404312265325,31.905658776034,14.7851727392811
36.7136713671367,3.48441732124469,31.8914016267947,14.7830792510803
36.7236723672367,3.48648408284957,31.8771551656109,14.779224908828
36.7336733673367,3.48411584761214,31.8605587867106,14.7750632362575
36.7436743674367,3.48144439332926,31.8461263376698,14.7663018421485
36.7536753675368,3.48313868878488,31.8349107274759,14.7618406567921
36.7636763676368,3.48212365138659,31.8217581260241,14.757728919321
36.7736773677368,3.47730224253817,31.8056356395865,14.7532264794951
36.7836783678368,3.47155423802542,31.7936364880456,14.7477051417343
36.7936793679368,3.46892184310367,31.7814671155701,14.7421815291005
36.8036803680368,3.46916017866141,31.7630809519171,14.7411758812785
36.8136813681368,3.46936447932699,31.7474835551954,14.7347247350411
36.8236823682368,3.46544465143224,31.7363523982804,14.7326224041504
36.8336833683368,3.46333194096424,31.7212902708537,14.7293398907767
36.8436843684368,3.46093581779219,31.7084747869921,14.7256060090202
36.8536853685369,3.45973575598056,31.6958397382162,14.71919870845
36.8636863686369,3.46199257284898,31.6796145785704,14.718041217411
36.8736873687369,3.46196930367243,31.6643087914988,14.7124404250166
36.8836883688369,3.45983138260962,31.6540516132964,14.7105235050174
36.8936893689369,3.4566814480832,31.6420219566194,14.7105288991455
36.9036903690369,3.45546535546171,31.6274370471148,14.7100041574578
36.9136913691369,3.45416634759468,31.6121991270875,14.7048410295056
36.9236923692369,3.45523627142723,31.5945085011537,14.7002058197371
36.9336933693369,3.45568122356945,31.5809498834144,14.6975094109623
36.9436943694369,3.45515417486827,31.5688414289119,14.6914116917914
36.953695369537,3.45322970075313,31.5514833412732,14.6861010897991
36.963696369637,3.45514559074547,31.5389321415704,14.6845562518168
36.973697369737,3.45330951498565,31.5248996534959,14.6790167869163
36.983698369837,3.45577275607438,31.5116767290288,14.677019978521
36.993699369937,3.45398471303605,31.4949846022031,14.6750819030375
37.003700370037,3.45731100236388,31.4842031327869,14.671774494623
37.013701370137,3.45788077245185,31.4708333592198,14.6692736948592
37.023702370237,3.45975893386289,31.4528059637629,14.6619737708432
37.033703370337,3.46178740418906,31.4361677530038,14.6572224590346
37.043704370437,3.46002685190633,31.4232097077926,14.6519930598675
37.0537053705371,3.46176545835127,31.4093805264434,14.6475499118365
37.0637063706371,3.46404789749022,31.3960181083245,14.6412557216544
37.0737073707371,3.46758503649445,31.381183680754,14.6389065446174
37.0837083708371,3.46623464717577,31.3721178699394,14.6339325867642
37.0937093709371,3.47007077705729,31.3562636913896,14.6280568402915
37.1037103710371,3.47255992594244,31.3404820714258,14.6257248575067
37.1137113711371,3.47116925567974,31.3256654815487,14.6222894308615
37.1237123712371,3.47097833132772,31.3120764011879,14.6197253470447
37.1337133713371,3.47113006253884,31.2974018193276,14.6159644769312
37.1437143714371,3.47424591689538,31.2822071595296,14.6109493710739
37.1537153715372,3.4724250345074,31.266391749591,14.6073111413892
37.1637163716372,3.47268588796671,31.2497680605357,14.6031930414571
37.1737173717372,3.47242762458659,31.2358582800227,14.5997629285028
37.1837183718372,3.47057288485252,31.2239700050838,14.5956565259637
37.1937193719372,3.47294082889439,31.2144083308412,14.5926738477805
37.2037203720372,3.47828603523821,31.2022602872421,14.5880744456356
37.2137213721372,3.48036482682067,31.1861980431322,14.5854955104488
37.2237223722372,3.47990624723511,31.1737720959039,14.5826330164001
37.2337233723372,3.47965886746168,31.1614640872091,14.5791230532752
37.2437243724372,3.47929507165659,31.1481037450965,14.5731948745859
37.2537253725373,3.47918974672104,31.1395772062146,14.5688180890639
37.2637263726373,3.47841203483407,31.1230315879224,14.5666221192281
37.2737273727373,3.47759005367709,31.1099206918193,14.5639702122751
37.2837283728373,3.47799270415961,31.0951027767554,14.5611031163686
37.2937293729373,3.47855272087181,31.0796914648079,14.5593942910098
37.3037303730373,3.47439341758625,31.0645339510806,14.5597636803371
37.3137313731373,3.47294418724774,31.0501414612685,14.5549923338694
37.3237323732373,3.47136932959288,31.0344182769438,14.5557895986288
37.3337333733373,3.46844721741641,31.0206538658452,14.5542032206163
37.3437343734373,3.46840504906663,31.0063199759143,14.5498374873767
37.3537353735374,3.46662227100934,30.9928064242813,14.5454576997694
37.3637363736374,3.46664946879739,30.9768197802018,14.5444541398633
37.3737373737374,3.46667617825767,30.9655113708107,14.5372085925871
37.3837383738374,3.468707569215,30.9537898535346,14.533078917036
37.3937393739374,3.47086829454553,30.9419950764568,14.5284662005841
37.4037403740374,3.47099523078355,30.930806442441,14.5222274440831
37.4137413741374,3.46741259965416,30.9162043683834,14.5171680106887
37.4237423742374,3.46870568988591,30.9028841130321,14.5154228179004
37.4337433743374,3.46787781424998,30.8909352080142,14.5137952552686
37.4437443744374,3.47219310770366,30.8763805568001,14.5122361852813
37.4537453745375,3.46930222911096,30.8604332787152,14.5095400777404
37.4637463746375,3.47526934534201,30.849322553867,14.5090220056994
37.4737473747375,3.47856348301341,30.8365177493534,14.5030145975348
37.4837483748375,3.48208846929092,30.8212417454897,14.4975332832826
37.4937493749375,3.48071887193227,30.8091688617067,14.4940532562739
37.5037503750375,3.48307667833927,30.7939728466233,14.488093614612
37.5137513751375,3.47942774451,30.7814707448954,14.4843820474041
37.5237523752375,3.47717780607967,30.7647630563739,14.4811603414039
37.5337533753375,3.4790893605307,30.748481632645,14.4778495855426
37.5437543754375,3.47657200758088,30.7347237531964,14.4754497085002
37.5537553755376,3.47542229014963,30.7218400879219,14.4737219757053
37.5637563756376,3.47631708329039,30.712011845762,14.4667918429913
37.5737573757376,3.47737663159474,30.698474532231,14.4618962676994
37.5837583758376,3.47792778826864,30.6818376639987,14.4568251501556
37.5937593759376,3.47906260440118,30.6704572161296,14.4520160724101
37.6037603760376,3.47911375152328,30.6564121275954,14.4503943881154
37.6137613761376,3.47654567830868,30.6418755463153,14.4515142693634
37.6237623762376,3.48023578508885,30.6244681874113,14.4478512522806
37.6337633763376,3.47751827302918,30.6117745523496,14.4466097587529
37.6437643764376,3.47577737946131,30.6000618816299,14.4422003805309
37.6537653765377,3.47746382702618,30.5889607424257,14.438029937361
37.6637663766377,3.48021441923527,30.5746354114582,14.4339280409719
37.6737673767377,3.47579261400624,30.5635257437878,14.4301198603128
37.6837683768377,3.47000210863872,30.5537886578575,14.4241999980545
37.6937693769377,3.46651816030954,30.5411803875781,14.4186843330348
37.7037703770377,3.46669435977121,30.5252233767854,14.4127793302314
37.7137713771377,3.46622212116396,30.5082534354579,14.4057173790649
37.7237723772377,3.46377109215982,30.4918664610065,14.4023539482296
37.7337733773377,3.46042811963113,30.4751536720214,14.4018636339993
37.7437743774377,3.46041054909635,30.4634585427382,14.4002256001869
37.7537753775378,3.46102956532529,30.4506053127798,14.399030063135
37.7637763776378,3.45875847890133,30.4395320650503,14.395720554248
37.7737773777378,3.45814071298255,30.42541850421,14.388842812117
37.7837783778378,3.46017454184232,30.4120186327265,14.3850505902257
37.7937793779378,3.45926670425092,30.3982547278356,14.3810078759546
37.8037803780378,3.45803708826779,30.3822540822573,14.3767478118554
37.8137813781378,3.45620244040946,30.369436730031,14.3704830504703
37.8237823782378,3.45488297205744,30.35471844724,14.3697018335793
37.8337833783378,3.45443574806488,30.342308892527,14.3659546876892
37.8437843784378,3.45418010733788,30.3307848137981,14.3619736177909
37.8537853785379,3.45577761516557,30.3185572821469,14.3570324651697
37.8637863786379,3.45544582360187,30.3083755843659,14.3551808131403
37.8737873787379,3.45396479547545,30.2982041862239,14.3503470876143
37.8837883788379,3.45544796436217,30.2877005715771,14.3465538881654
37.8937893789379,3.45506181126742,30.2752876714141,14.3453462164096
37.9037903790379,3.45362649820662,30.2621114666587,14.3419851585904
37.9137913791379,3.45411845538211,30.2521709652804,14.3376708927951
37.9237923792379,3.45180223385535,30.2399474813122,14.3296395171179
37.9337933793379,3.45130985598273,30.2271661227139,14.3254092696941
37.9437943794379,3.44964796650985,30.2114532405479,14.3209576745964
37.953795379538,3.44479379140143,30.2006418594303,14.3145891381834
37.963796379638,3.44352255739317,30.1889473398827,14.3092614629132
37.973797379738,3.44428670546867,30.1777503368466,14.3065674722446
37.983798379838,3.44344270398714,30.1636442457056,14.3037520744643
37.993799379938,3.44166591849046,30.1547475555164,14.3002802795793
38.003800380038,3.44146391947363,30.1404529298829,14.3032040069554
38.013801380138,3.44201136771129,30.1265521389973,14.2995585241569
38.023802380238,3.44166093680105,30.1120054519745,14.2940643661225
38.033803380338,3.44606365567009,30.095525601015,14.2871079674116
38.043804380438,3.44218628291216,30.0853923723442,14.2862960197987
38.0538053805381,3.44369730524264,30.0688177124065,14.2821642591445
38.0638063806381,3.442250064535,30.05332377721,14.2816902978024
38.0738073807381,3.43705116064217,30.0426387019971,14.2772695675743
38.0838083808381,3.43784490437173,30.0290663292902,14.2739486006626
38.0938093809381,3.43560080410513,30.0133154090073,14.2658286262569
38.1038103810381,3.43580110830117,29.9989991699707,14.2640068305498
38.1138113811381,3.4399832348882,29.9873476119229,14.2603694093266
38.1238123812381,3.43814010088189,29.9755215089298,14.2586829572466
38.1338133813381,3.43914357614014,29.9629863031104,14.2528521966427
38.1438143814381,3.44085371929915,29.9486893672558,14.2486339837682
38.1538153815382,3.44184215416808,29.9332146057303,14.2453081463526
38.1638163816382,3.4406382593095,29.9207409532407,14.244073531112
38.1738173817382,3.44227041313612,29.9121853429556,14.2416263632259
38.1838183818382,3.44251253816242,29.8985202743709,14.236406569532
38.1938193819382,3.44157084706878,29.8867654525645,14.2359643749197
38.2038203820382,3.44365320589705,29.8755719218461,14.2333184555675
38.2138213821382,3.44283410918756,29.8647275792465,14.2297177587447
38.2238223822382,3.44176991751586,29.8541988164544,14.2291595292266
38.2338233823382,3.44152021280895,29.8394218389344,14.2248072279286
38.2438243824382,3.43985323224284,29.8258699099961,14.2243607988289
38.2538253825383,3.43822471031114,29.8110727666548,14.217495166335
38.2638263826383,3.43380099736616,29.799281227955,14.2140716579498
38.2738273827383,3.43517988516757,29.7854532718876,14.2140274240367
38.2838283828383,3.43306332730785,29.7718760086265,14.2108626629778
38.2938293829383,3.43489342564895,29.7620884693819,14.2091638364961
38.3038303830383,3.43381839553674,29.7524105710759,14.2059698326755
38.3138313831383,3.43110872536465,29.7401231760551,14.2047732602826
38.3238323832383,3.43026749278109,29.7302905398237,14.1978485784113
38.3338333833383,3.43308302104005,29.719088192213,14.192539183956
38.3438343834383,3.43154770523033,29.7078522764689,14.1881923268069
38.3538353835384,3.43294192957355,29.6932593484072,14.184695016743
38.3638363836384,3.43372415545803,29.6796230584639,14.1821003627059
38.3738373837384,3.43060579133555,29.6668631920146,14.1770206019105
38.3838383838384,3.43281799331435,29.6549141496296,14.172737337073
38.3938393839384,3.43031357090921,29.6462436522325,14.173006494262
38.4038403840384,3.42825781172177,29.6336997158533,14.1723814051879
38.4138413841384,3.42876841932389,29.6194533535837,14.174365678127
38.4238423842384,3.42889146790846,29.6013101183467,14.1717477506931
38.4338433843384,3.42691840546396,29.5882162312674,14.1694580412807
38.4438443844384,3.42860581452496,29.5795555255656,14.1648057504282
38.4538453845385,3.4281482919735,29.5659846520103,14.1635154084367
38.4638463846385,3.43007724604376,29.5558279067684,14.1623131308599
38.4738473847385,3.42783348144794,29.5424310263017,14.1592871158046
38.4838483848385,3.42507228664839,29.5334412034521,14.1561549732948
38.4938493849385,3.42241835248132,29.5181017593988,14.1534495262379
38.5038503850385,3.420671118602,29.5053535465481,14.1492689231256
38.5138513851385,3.42070611507246,29.492556011019,14.1496173085188
38.5238523852385,3.41951847883558,29.4769270436529,14.1447752030811
38.5338533853385,3.42047808767036,29.4679353669057,14.1387811650239
38.5438543854385,3.42369889134031,29.4549790460481,14.1370299545674
38.5538553855386,3.42485682222035,29.4389678383983,14.1335694561354
38.5638563856386,3.4242473815618,29.4282674533991,14.1284708761348
38.5738573857386,3.42522699759105,29.4135164753995,14.1251050898943
38.5838583858386,3.42570690887045,29.3992868868451,14.1200970012577
38.5938593859386,3.4246586017987,29.3821619300289,14.1187506474331
38.6038603860386,3.42287814417841,29.3691673809755,14.1150295149328
38.6138613861386,3.42545335562272,29.3570323684295,14.114822101801
38.6238623862386,3.42424766131994,29.341266596643,14.1103139826336
38.6338633863386,3.42263639451142,29.3283923359026,14.1081985042216
38.6438643864386,3.42096835386975,29.3160044319117,14.1026265081076
38.6538653865387,3.41942277728909,29.3044051048399,14.1000828376042
38.6638663866387,3.42385758604347,29.2955621377303,14.0976939181579
38.6738673867387,3.4248110836614,29.2813722024789,14.0890757862523
38.6838683868387,3.42539837202544,29.2655605893181,14.0864206584413
38.6938693869387,3.42173146319922,29.2504586192203,14.0809397312699
38.7038703870387,3.4210093979702,29.2345723332823,14.0758765804844
38.7138713871387,3.42177715021978,29.2236555551388,14.0729478836484
38.7238723872387,3.42100389904646,29.2088409562877,14.0668845778874
38.7338733873387,3.41990514468148,29.1950331883645,14.063949983122
38.7438743874387,3.41730941570029,29.1813192340814,14.0619321199378
38.7538753875388,3.41652299067165,29.1714536571956,14.0607171295134
38.7638763876388,3.41314078195266,29.1607279387731,14.0562883374743
38.7738773877388,3.41616492103981,29.1484917112994,14.0571035440283
38.7838783878388,3.41772227998241,29.136688655823,14.0508438721579
38.7938793879388,3.4169744883222,29.1235813542035,14.0459373930282
38.8038803880388,3.41439347508578,29.1154315465795,14.0440824811116
38.8138813881388,3.41472780897762,29.1019544853796,14.0399179509323
38.8238823882388,3.41247502253918,29.0919314313469,14.037111885036
38.8338833883388,3.41312425791541,29.0805234617418,14.0340437749643
38.8438843884388,3.41409479618191,29.071637014758,14.0312325951044
38.8538853885389,3.40959069219192,29.0592560915377,14.026940634057
38.8638863886389,3.40958943701155,29.0469209388501,14.0233676690534
38.8738873887389,3.40805234873925,29.0384623368927,14.0205188032057
38.8838883888389,3.40710470157856,29.0271368554472,14.0160438577415
38.8938893889389,3.40842769699167,29.0121786296657,14.0133552776257
38.9038903890389,3.41089690528603,29.0021504067269,14.011272513632
38.9138913891389,3.40939404211986,28.9940218140406,14.0068592032225
38.9238923892389,3.40819325188446,28.9779051055882,14.0037140697696
38.9338933893389,3.40882332642939,28.9649953570711,14.0029549100231
38.9438943894389,3.41012510062158,28.949429303523,14.0026808829324
38.953895389539,3.40815145165394,28.9401940727371,13.9988346233621
38.963896389639,3.4088806470122,28.9283890529102,13.9969526620604
38.973897389739,3.40829753587292,28.9173531283398,13.9907526059629
38.983898389839,3.40841639033898,28.9105018124242,13.9880093598587
38.993899389939,3.40801881283147,28.8961701606818,13.9872414335329
39.003900390039,3.40754395082978,28.8835541243805,13.9876901148739
39.013901390139,3.40407676940859,28.8705695660029,13.9833877510127
39.023902390239,3.4069914117657,28.8611391706413,13.9826358531092
39.033903390339,3.40693399848088,28.8521452154356,13.9769041178992
39.043904390439,3.40783278773214,28.8408145356345,13.9758941101501
39.0539053905391,3.4057410869568,28.8296561092474,13.9745325192134
39.0639063906391,3.40504791874306,28.8174401425707,13.971681254994
39.0739073907391,3.40331598785882,28.8042599939534,13.9683965618939
39.0839083908391,3.40299918672749,28.7913711486608,13.9622370582643
39.0939093909391,3.40708700713136,28.780151984855,13.9577495313667
39.1039103910391,3.40526448078931,28.7695859975004,13.9545414999712
39.1139113911391,3.4053780845638,28.756081066754,13.9493803005302
39.1239123912391,3.40493929173029,28.7443586667903,13.9458201399192
39.1339133913391,3.40518239349803,28.7331348816071,13.9395100557842
39.1439143914391,3.40613485652815,28.7202435237709,13.939121751336
39.1539153915392,3.40543843813538,28.708485251945,13.9340467486361
39.1639163916392,3.4085146736729,28.6950517051444,13.932581812712
39.1739173917392,3.4075268006239,28.6825487664482,13.9322885773308
39.1839183918392,3.40958316760047,28.6713852004375,13.928501283918
39.1939193919392,3.41262254585232,28.6582902291834,13.9280893804386
39.2039203920392,3.41013462246546,28.6429776622881,13.9230123223825
39.2139213921392,3.4122112264308,28.6332318364807,13.9188656357453
39.2239223922392,3.41238997826772,28.6217324662034,13.9182557959753
39.2339233923392,3.41177949934217,28.6107053975884,13.913133286501
39.2439243924392,3.41209174278975,28.5975765188678,13.9131197044718
39.2539253925393,3.41254021063133,28.5853402849601,13.9090851838393
39.2639263926393,3.41399682530366,28.5764175092373,13.9047820175474
39.2739273927393,3.41400910139528,28.5656887969428,13.90341264391
39.2839283928393,3.41553408585068,28.5544498021458,13.8999910262634
39.2939293929393,3.41464760412259,28.5422216770532,13.8979393450134
39.3039303930393,3.41656923348311,28.5328919793485,13.8904908713871
39.3139313931393,3.41559063175795,28.5244472894676,13.8883218860077
39.3239323932393,3.41737370103858,28.5097568632287,13.8834942673626
39.3339333933393,3.41686336089057,28.4955016570921,13.8796373278298
39.3439343934393,3.41740370824313,28.4848580205098,13.8736980386426
39.3539353935394,3.41881908555161,28.472830981132,13.8699413736165
39.3639363936394,3.41620786211774,28.4597408872002,13.8660037124732
39.3739373937394,3.41593094844426,28.4480863527239,13.8627538604327
39.3839383938394,3.41316046748763,28.4362267475424,13.8579813638467
39.3939393939394,3.41292074880159,28.4253184037064,13.8556495410455
39.4039403940394,3.41391477881877,28.4142718254292,13.8491889195565
39.4139413941394,3.41369858251804,28.4039486079972,13.8446486467746
39.4239423942394,3.41736937501043,28.3940417540624,13.8396108408419
39.4339433943394,3.41633804536486,28.3825649505114,13.8370513051623
39.4439443944394,3.41494296345357,28.3694252496036,13.8332591881925
39.4539453945395,3.41490948510039,28.3568161694173,13.8273139600317
39.4639463946395,3.41689083756808,28.3472424384076,13.8223379280571
39.4739473947395,3.41587014432176,28.3386950870376,13.8191345910669
39.4839483948395,3.41594828094969,28.3268470966083,13.8162471055373
39.4939493949395,3.41548813760789,28.3176691276108,13.8169893020285
39.5039503950395,3.41853592982905,28.3054958027607,13.8164008124555
39.5139513951395,3.42062833389828,28.2953328070732,13.8155787464721
39.5239523952395,3.41835830187055,28.2808671232229,13.8149485318058
39.5339533953395,3.41683376015691,28.2698991391692,13.8102204135312
39.5439543954395,3.41844674443115,28.2622940439652,13.8077973077053
39.5539553955396,3.41647654511364,28.2533020406145,13.8060351848815
39.5639563956396,3.41436565650438,28.2416808799933,13.8005383685242
39.5739573957396,3.41508420924624,28.2356379193999,13.7934460308448
39.5839583958396,3.41445772258089,28.2239403908014,13.7933018577597
39.5939593959396,3.41235713999123,28.2097746100832,13.7934285521472
39.6039603960396,3.41111171161101,28.1976067078969,13.7908583990211
39.6139613961396,3.41136123093118,28.1843548839527,13.7889871382989
39.6239623962396,3.41054342858079,28.172279700705,13.7847721286423
39.6339633963396,3.41158963798842,28.1630651335524,13.7840555945593
39.6439643964396,3.41087518047408,28.154211626524,13.7823909825964
39.6539653965397,3.41224104842252,28.1433117531525,13.7791548558979
39.6639663966397,3.41381680274356,28.1360217894585,13.776997075728
39.6739673967397,3.41260772319572,28.128812085555,13.7715950488829
39.6839683968397,3.41266239167408,28.1172768857285,13.7665045497859
39.6939693969397,3.41171684687253,28.1046751741352,13.7626777198089
39.7039703970397,3.40898965019494,28.0912160834232,13.7587567159346
39.7139713971397,3.40852024043942,28.080603342442,13.7557188904691
39.7239723972397,3.41127980424617,28.0684445730735,13.7537787820106
39.7339733973397,3.40708558459934,28.0562625846438,13.7463221472802
39.7439743974397,3.404253647118,28.0439771764944,13.7423146786743
39.7539753975398,3.40355364394684,28.0302608854421,13.7377345582831
39.7639763976398,3.4058182839192,28.0181277614591,13.7346434335034
39.7739773977398,3.40659287338712,28.0096088724676,13.730270642245
39.7839783978398,3.40234836042007,27.9972265007143,13.7294425544296
39.7939793979398,3.40241420120737,27.9887514215025,13.7276908267602
39.8039803980398,3.40305815827459,27.9757953090842,13.7252218244259
39.8139813981398,3.40215230190012,27.9641877683311,13.7214170456405
39.8239823982398,3.40156741100689,27.9534254365054,13.7204162487233
39.8339833983398,3.40033505365856,27.941947512298,13.7182847095451
39.8439843984398,3.40190688564337,27.9323756159649,13.7154043491727
39.8539853985399,3.4002963108618,27.9189103996575,13.7123466534242
39.8639863986399,3.40079477573479,27.9107674329053,13.7093414409911
39.8739873987399,3.39994025612237,27.8982698165437,13.7085741371267
39.8839883988399,3.39990614793251,27.8888565398553,13.7078671858969
39.8939893989399,3.3996880503354,27.8770642662166,13.7031266819501
39.9039903990399,3.39813017855022,27.8642525482965,13.6991479187109
39.9139913991399,3.39820318680117,27.8536004114827,13.6987516575445
39.9239923992399,3.39706862790353,27.8430129361211,13.6966611400145
39.9339933993399,3.39457635232057,27.8326514326994,13.6970372965245
39.9439943994399,3.39307936191713,27.8199051002988,13.6933622731813
39.95399539954,3.39038384623678,27.8109739431044,13.690309440474
39.96399639964,3.39123226784481,27.7977277114542,13.6865829415556
39.97399739974,3.39233943203413,27.7875815728749,13.6825665087447
39.98399839984,3.39551490416586,27.779130758532,13.6803860579481
39.99399939994,3.39713218168012,27.7670531391848,13.6796204289486
40.00400040004,3.39666823499879,27.7566220116071,13.6765731254261
40.01400140014,3.39476462915774,27.7439013045124,13.6737879219432
40.02400240024,3.39417534752574,27.7331449750865,13.6720264045732
40.03400340034,3.39306523350691,27.7195586351053,13.6685597970746
40.04400440044,3.39242591385408,27.7105825333592,13.6605739867906
40.0540054005401,3.39198197810593,27.7007914802179,13.6550879100829
40.0640064006401,3.39278002068308,27.6883220984441,13.6551032821799
40.0740074007401,3.39208380330778,27.6766896224455,13.6557248385889
40.0840084008401,3.39207109232632,27.6654000996185,13.6511584477924
40.0940094009401,3.39607077072964,27.6540992896439,13.6455107932538
40.1040104010401,3.39230816020813,27.6436787439514,13.6445080244984
40.1140114011401,3.39328657787991,27.6343402013332,13.6410589155637
40.1240124012401,3.3924224535259,27.6259611183723,13.6347527577236
40.1340134013401,3.39120115564636,27.6164740968665,13.6339879741859
40.1440144014401,3.39004842544561,27.6053561774256,13.6331282761156
40.1540154015402,3.39056455046785,27.5938303312015,13.6274099021013
40.1640164016402,3.38609278941555,27.582430429408,13.6228462258078
40.1740174017402,3.38404999888361,27.5688909850354,13.6210364840511
40.1840184018402,3.38562104841423,27.55800673596,13.6162983005102
40.1940194019402,3.38937687415956,27.5446315643968,13.6105584030852
40.2040204020402,3.3895102600521,27.5372377243335,13.6041864765727
40.2140214021402,3.39004602523925,27.5251517228391,13.6047101879354
40.2240224022402,3.38856897746209,27.5147937476458,13.6013869487242
40.2340234023402,3.39303833991766,27.5047044532248,13.5971470117966
40.2440244024402,3.39249151117196,27.4991730583652,13.592889911494
40.2540254025403,3.39278926483885,27.4876173092099,13.5859164475007
40.2640264026403,3.38958411096445,27.4771698981854,13.5847895278754
40.2740274027403,3.38907198249054,27.4599733970805,13.5791394629021
40.2840284028403,3.38943854631477,27.4513478518747,13.5778240967299
40.2940294029403,3.38756773830754,27.4390608816286,13.5763543181537
40.3040304030403,3.38557377294356,27.4302058893562,13.5735357567728
40.3140314031403,3.38382037941532,27.4181455271445,13.573771696122
40.3240324032403,3.38364352889376,27.4054947864881,13.5722883785787
40.3340334033403,3.38459629662543,27.3962264383477,13.5732478086935
40.3440344034403,3.38579055527108,27.3867656771525,13.5667918387461
40.3540354035404,3.38979077124235,27.3770125439492,13.5627161699589
40.3640364036404,3.38886221440578,27.3654594331049,13.5605053759051
40.3740374037404,3.39203126664944,27.3552424534416,13.5581297035749
40.3840384038404,3.39342779770686,27.3431525600206,13.5557108403178
40.3940394039404,3.3913377716728,27.3314624256887,13.5506623129675
40.4040404040404,3.3931354787509,27.319211500463,13.5463367265064
40.4140414041404,3.39052195787063,27.308781987829,13.5426742680427
40.4240424042404,3.39243480227971,27.2984035913914,13.5388085739069
40.4340434043404,3.39283716977034,27.2914956423046,13.5378878132398
40.4440444044404,3.39046338672744,27.2815281555199,13.5340242128975
40.4540454045405,3.38878358895269,27.2720632803897,13.5293886927187
40.4640464046405,3.38598609746771,27.2646503552878,13.5301889106746
40.4740474047405,3.38513704562478,27.2566590410994,13.5226897494093
40.4840484048405,3.38752663315109,27.2475238361169,13.5232691190964
40.4940494049405,3.38720864720842,27.2364219462646,13.5193614973348
40.5040504050405,3.38449254325929,27.2247286816328,13.516706742299
40.5140514051405,3.38499451083107,27.2169098912281,13.5135183745005
40.5240524052405,3.38579398126271,27.2071048364842,13.5131165897817
40.5340534053405,3.3836353976553,27.1935377158916,13.5100960793735
40.5440544054405,3.38203998961633,27.1814790334581,13.5052450922466
40.5540554055406,3.3808294603754,27.1723160404693,13.4998180455584
40.5640564056406,3.380842487111,27.1605409230686,13.4964300040622
40.5740574057406,3.37887619249441,27.1503350140931,13.4930299887291
40.5840584058406,3.37810714941685,27.1456968971338,13.490052424839
40.5940594059406,3.37858686230341,27.1343903540154,13.488283932629
40.6040604060406,3.37690965452063,27.1210999409567,13.4851366876638
40.6140614061406,3.37676431086023,27.1137899876509,13.4826973376367
40.6240624062406,3.37756319696974,27.1024854631261,13.4797360336544
40.6340634063406,3.37891566643341,27.0945613031675,13.4780236054958
40.6440644064406,3.37872648753721,27.0795185110317,13.4764954414131
40.6540654065407,3.3766933429674,27.0662603381654,13.4769035192504
40.6640664066407,3.37748509874274,27.0580996683915,13.4756050703584
40.6740674067407,3.37845625275903,27.0465570268466,13.4731828705313
40.6840684068407,3.37658478404329,27.0327378628009,13.4710920428547
40.6940694069407,3.37688196289231,27.0215392238859,13.4680558347196
40.7040704070407,3.37828721097262,27.0127434075751,13.4628799905922
40.7140714071407,3.37889025482824,27.0041148286169,13.4578597317048
40.7240724072407,3.38228379009818,26.9944622575093,13.4566643008436
40.7340734073407,3.38488253816198,26.9832330750207,13.4514538304554
40.7440744074407,3.38444168953602,26.9717068978854,13.4491164347393
40.7540754075408,3.38513303932277,26.9587666991953,13.4455986424606
40.7640764076408,3.38615748360136,26.9491587965872,13.4411731276039
40.7740774077408,3.38563335258083,26.9356495365754,13.4362287421479
40.7840784078408,3.38252304075762,26.9240965664529,13.4314577329916
40.7940794079408,3.38353777793203,26.9128483649409,13.4316265435092
40.8040804080408,3.38372994001296,26.9020615898628,13.4288910879639
40.8140814081408,3.38223969084439,26.8889494577087,13.4287122622331
40.8240824082408,3.38115306087253,26.8769210290465,13.4272909489646
40.8340834083408,3.3824991156718,26.8669267892101,13.4245102257171
40.8440844084408,3.37933458995047,26.8558863476451,13.4193468487863
40.8540854085409,3.37955375167858,26.8426081819661,13.415300100389
40.8640864086409,3.38246246623133,26.8349235358607,13.4146637181052
40.8740874087409,3.37889497590323,26.8257363258861,13.4126439516851
40.8840884088409,3.37601477653246,26.815981748837,13.409060176687
40.8940894089409,3.37486233082693,26.8055764840839,13.4049496717418
40.9040904090409,3.36983574774501,26.7969824822149,13.4025040009451
40.9140914091409,3.36905065489953,26.7870945315204,13.3989631577642
40.9240924092409,3.37026692726919,26.7754482957875,13.3951141651716
40.9340934093409,3.37031394715353,26.7666112424713,13.3925232798111
40.9440944094409,3.37135351052624,26.7583888089793,13.3872952621014
40.954095409541,3.37087777738523,26.7497075306586,13.3798674375398
40.964096409641,3.37223594320417,26.7397367145198,13.3772913119237
40.974097409741,3.36921261353211,26.729174260663,13.3747433455858
40.984098409841,3.3698824989338,26.7144709709441,13.3749579340621
40.994099409941,3.36640832100915,26.7032764401783,13.371954943091
41.004100410041,3.36676890064915,26.6920116207054,13.3708041445901
41.014101410141,3.36931124467121,26.6809168603609,13.3651840479854
41.024102410241,3.36916706432444,26.6705148719532,13.362076952602
41.034103410341,3.37044215053727,26.660720484717,13.3616005930989
41.044104410441,3.36814662541064,26.6478389622772,13.3590336867152
41.0541054105411,3.37000295214536,26.636066438925,13.3552754943803
41.0641064106411,3.36877838259667,26.6263268982297,13.3509426060477
41.0741074107411,3.36343092734647,26.6178969683996,13.3459707304911
41.0841084108411,3.36262492606858,26.6078638542984,13.3442659483597
41.0941094109411,3.3615087082876,26.6023676881998,13.3446339195599
41.1041104110411,3.35758840655088,26.5908707543745,13.3442579234137
41.1141114111411,3.35804935439618,26.5818602132278,13.3397129152702
41.1241124112411,3.35963631018092,26.5731819140673,13.3383761054234
41.1341134113411,3.35730322482911,26.5608398415124,13.3369468513264
41.1441144114411,3.35862894215068,26.5524405129429,13.3351216306617
41.1541154115412,3.35791114856487,26.5420209360464,13.3321527920853
41.1641164116412,3.35729715685786,26.535116375405,13.3303717308609
41.1741174117412,3.35805224200781,26.5276225714298,13.3241009084746
41.1841184118412,3.35962178433344,26.5191612851175,13.3216977229039
41.1941194119412,3.36061752152628,26.5073679783131,13.3230186802582
41.2041204120412,3.35939931276547,26.4954567539284,13.3208835423906
41.2141214121412,3.35771184561254,26.4841269709994,13.3195708570678
41.2241224122412,3.35424083466652,26.4744459785264,13.3169955425232
41.2341234123412,3.35334274340442,26.4620782100101,13.3210821895773
41.2441244124412,3.35458246257345,26.4576033213933,13.319181888871
41.2541254125413,3.35350501370738,26.4485396778232,13.3171097475213
41.2641264126413,3.34908589115881,26.4378220667267,13.3150789066821
41.2741274127413,3.34758779594604,26.4284651884655,13.3110164685306
41.2841284128413,3.34871226270581,26.417093137144,13.305291791605
41.2941294129413,3.34832811384815,26.406154970884,13.3047302701485
41.3041304130413,3.34869092784806,26.394173015345,13.3028303885623
41.3141314131413,3.34963664917203,26.3811720079803,13.2969281313196
41.3241324132413,3.34817352603734,26.3733124743539,13.2916181090785
41.3341334133413,3.34705093000606,26.3648119396251,13.2872034429727
41.3441344134413,3.34619407079563,26.3571889434958,13.2856558913529
41.3541354135414,3.34750417398875,26.348240645075,13.2779530301225
41.3641364136414,3.34769523045283,26.3421528376629,13.276885201612
41.3741374137414,3.34781597184038,26.3329170274699,13.2734072482385
41.3841384138414,3.34631265977155,26.3214618208649,13.2681762032469
41.3941394139414,3.34715686536362,26.3164708127011,13.2588323119873
41.4041404140414,3.34881304108905,26.3068394710535,13.2548454656479
41.4141414141414,3.35064013975004,26.2996751539381,13.2511099276878
41.4241424142414,3.3545952772774,26.2937811170179,13.252123226295
41.4341434143414,3.35683002255231,26.2857264761959,13.2531301987022
41.4441444144414,3.35614272072408,26.277002991108,13.252894282339
41.4541454145415,3.3513742837532,26.2706337148237,13.2486876713183
41.4641464146415,3.35315610878154,26.2551568424286,13.2430364906627
41.4741474147415,3.35577111120653,26.2436679937101,13.2388275656948
41.4841484148415,3.35516023009799,26.234101466981,13.2374345688524
41.4941494149415,3.35104590595747,26.2252170489744,13.233503772756
41.5041504150415,3.35107337849573,26.2145276458169,13.2291071832741
41.5141514151415,3.34936671744377,26.2034306860923,13.2231089739907
41.5241524152415,3.34868959703883,26.1912843142226,13.2219626749747
41.5341534153415,3.34942491183718,26.1824626050918,13.2163262110468
41.5441544154415,3.34881194765967,26.1700881544373,13.2162737277241
41.5541554155416,3.34813915270991,26.1621624857031,13.2136048697323
41.5641564156416,3.35335614511903,26.1514074851221,13.2105565199521
41.5741574157416,3.35333613427333,26.1409789975754,13.2092735646539
41.5841584158416,3.35173053409495,26.1320401512723,13.2067640227077
41.5941594159416,3.35179144122474,26.1246149498141,13.2044241907442
41.6041604160416,3.34854173919213,26.1146805983057,13.2033375309278
41.6141614161416,3.3497700873736,26.1054013837213,13.2001575896308
41.6241624162416,3.34879873917106,26.0999762729312,13.198466579549
41.6341634163416,3.34956467860203,26.090637518872,13.1966924300073
41.6441644164416,3.35215298284998,26.0814620023684,13.190058709262
41.6541654165417,3.35130356505768,26.0705148866533,13.1870608555265
41.6641664166417,3.35406296585523,26.0632247491921,13.1835726951746
41.6741674167417,3.35208301133069,26.0569317467464,13.1795991248621
41.6841684168417,3.35233751779704,26.0480731764591,13.1797313341762
41.6941694169417,3.35474343541765,26.0404781620099,13.1741386124616
41.7041704170417,3.35778785044288,26.030019196868,13.17348443275
41.7141714171417,3.35592151019301,26.0209697831521,13.1674471638232
41.7241724172417,3.35688989872131,26.0117682707801,13.1644615301462
41.7341734173417,3.35784037525602,26.0032202511576,13.1606948382854
41.7441744174417,3.35397388359642,25.990431369136,13.157483797039
41.7541754175418,3.35338380372743,25.9850210259198,13.1559733810042
41.7641764176418,3.35276180916961,25.9758062825743,13.1546342716359
41.7741774177418,3.35423011762394,25.9665732868904,13.1506629654764
41.7841784178418,3.35079246546194,25.9527079810878,13.1479777609999
41.7941794179418,3.35233616347134,25.9459698710927,13.1449134401922
41.8041804180418,3.35341639504937,25.9369838095414,13.1426569060547
41.8141814181418,3.35563678758679,25.9327661269526,13.1384476882915
41.8241824182418,3.35439351281898,25.9228377197649,13.1381066804008
41.8341834183418,3.35418796072097,25.9106028128724,13.1340082193037
41.8441844184418,3.35418973152324,25.90065272808,13.1300816157953
41.8541854185419,3.35440770670548,25.8931329094622,13.1279454532853
41.8641864186419,3.3499856247148,25.8827730100164,13.1234785799469
41.8741874187419,3.35164560057971,25.8721623148191,13.122326430864
41.8841884188419,3.35510692799694,25.8603748982598,13.1194223130418
41.8941894189419,3.35242981457281,25.8496632033028,13.1175361729076
41.9041904190419,3.35125961449521,25.8435356898601,13.1154257112453
41.9141914191419,3.34891832850345,25.8351594340315,13.1110940410543
41.9241924192419,3.35182053614708,25.8274806386995,13.1110505963473
41.9341934193419,3.35069571678517,25.8212913944702,13.1089988118047
41.9441944194419,3.35044876286732,25.8075481961571,13.1060473381187
41.954195419542,3.34899725186444,25.8009312529946,13.1059607623387
41.964196419642,3.34902869169175,25.7906912733853,13.1043253584262
41.974197419742,3.34918033277623,25.7818708105578,13.10402073478
41.984198419842,3.35185570902353,25.7761438752839,13.1027201784036
41.994199419942,3.35138729256811,25.7651712274483,13.0999038318335
42.004200420042,3.34927547244199,25.7589500901588,13.0984297634819
42.014201420142,3.34821603676138,25.7485799490372,13.094619713761
42.024202420242,3.35062350263405,25.7419493206726,13.0926131207961
42.034203420342,3.35036201073455,25.7336601683053,13.0926070539174
42.044204420442,3.34806195382473,25.7260746235593,13.0895921059356
42.0542054205421,3.34695671812854,25.7155143019661,13.0879781679635
42.0642064206421,3.34705783670136,25.7033761155838,13.0876369705448
42.0742074207421,3.34982878695396,25.6920214848047,13.0829206817542
42.0842084208421,3.34941315968009,25.680654370715,13.0792964107787
42.0942094209421,3.34816601834756,25.6711252209168,13.0770028427333
42.1042104210421,3.35024660996815,25.6600375021232,13.0749199205565
42.1142114211421,3.3499977186428,25.6474214869946,13.0709783001961
42.1242124212421,3.34589977572038,25.6396202938098,13.0694956694558
42.1342134213421,3.34669624440455,25.6270602846274,13.0687240750738
42.1442144214421,3.34589361517466,25.6187709945337,13.0638732619556
42.1542154215422,3.34386166450995,25.608300190982,13.0619525553106
42.1642164216422,3.34513532935523,25.5986044969134,13.0618366784568
42.1742174217422,3.3484978877038,25.5895610589897,13.0572189403491
42.1842184218422,3.34835723158466,25.5808695400497,13.0565292422266
42.1942194219422,3.34957541612773,25.5724416210303,13.0514572345026
42.2042204220422,3.35045390994089,25.5627645661168,13.0527852568234
42.2142214221422,3.35232524880258,25.5503048234713,13.0523366131724
42.2242224222422,3.35347273284924,25.5381826633112,13.0475020026233
42.2342234223422,3.35454266082425,25.531469167314,13.0445454564331
42.2442244224422,3.35294165628628,25.5247020333656,13.0449195136017
42.2542254225423,3.35489195943097,25.51688034819,13.0429516525902
42.2642264226423,3.35514694557486,25.5081908991831,13.0418365277108
42.2742274227423,3.35995839136336,25.5014359143759,13.0410519803174
42.2842284228423,3.35595389814333,25.4930235702338,13.0409035183652
42.2942294229423,3.35499267971454,25.4851271938319,13.0365125835466
42.3042304230423,3.35667334317796,25.4784011632612,13.0326395991984
42.3142314231423,3.35831829851934,25.4663605891201,13.0315968598293
42.3242324232423,3.35623818191928,25.459638605315,13.029161382072
42.3342334233423,3.35736884838054,25.4507941969624,13.021832127592
42.3442344234423,3.35695985025575,25.4455590867841,13.0195197653899
42.3542354235424,3.35575878767291,25.4409619498051,13.0127431878114
42.3642364236424,3.35800386293257,25.4312048222123,13.0112679464861
42.3742374237424,3.36087929273662,25.4194042196842,13.0074584848118
42.3842384238424,3.35751075146809,25.4115522120171,13.0041175367051
42.3942394239424,3.35348844185603,25.4030225745,13.0021288277281
42.4042404240424,3.35354700695269,25.3978150982526,12.9981665645959
42.4142414241424,3.35308574430411,25.3891653616127,12.9968591487363
42.4242424242424,3.35433815525384,25.3822584827341,12.9983814377996
42.4342434243424,3.3536789595625,25.3736466517963,12.9977051845699
42.4442444244424,3.35552419608278,25.3634927331357,12.9920712600913
42.4542454245425,3.35353226733827,25.35778969216,12.9912206748983
42.4642464246425,3.35166309579449,25.3467189217188,12.9857218780526
42.4742474247425,3.34993649081081,25.3366457105738,12.9853388145649
42.4842484248425,3.35247805733215,25.3271178615218,12.9814906295965
42.4942494249425,3.35281687803666,25.3191574192777,12.9765112760989
42.5042504250425,3.35442484556933,25.3082749980863,12.9771479764307
42.5142514251425,3.35602313186313,25.2983786922372,12.9735160663035
42.5242524252425,3.35423692465879,25.2863876406133,12.9743659457864
42.5342534253425,3.35728789558172,25.2768712107827,12.9717396981432
42.5442544254425,3.36154723332705,25.2681603818268,12.9683990583634
42.5542554255426,3.3597637135988,25.2587819698565,12.9676241321442
42.5642564256426,3.35739922507193,25.2480148506895,12.9660763763564
42.5742574257426,3.35988078813653,25.2394264756532,12.9661787920381
42.5842584258426,3.35799172478595,25.2334842675348,12.9641349382388
42.5942594259426,3.35581681825501,25.22387420549,12.9593364530548
42.6042604260426,3.35475035763289,25.2165407065869,12.9582154851848
42.6142614261426,3.35397143146793,25.2104717345299,12.9571913533247
42.6242624262426,3.35460483180561,25.2012541294629,12.9546631560933
42.6342634263426,3.3541288903289,25.1916488607259,12.9519293161137
42.6442644264426,3.35417892792595,25.1866923195516,12.9523641613002
42.6542654265427,3.35264819718011,25.1756538713129,12.9510971699402
42.6642664266427,3.35443066622547,25.1673965968967,12.9490084781846
42.6742674267427,3.35404935699534,25.1611894660949,12.9427531001093
42.6842684268427,3.35131295526992,25.1558494230464,12.9405003983162
42.6942694269427,3.3515631877256,25.1461412396317,12.9385055794234
42.7042704270427,3.34890243824509,25.1365660340202,12.9346401635801
42.7142714271427,3.3490809604942,25.1274089750293,12.930628513573
42.7242724272427,3.34622282792805,25.1230619164706,12.9296715569309
42.7342734273427,3.34730162628494,25.1155671639166,12.9275975551731
42.7442744274427,3.34771887619163,25.1054813011815,12.9222972460899
42.7542754275428,3.34895268153264,25.0982489140401,12.9192804345032
42.7642764276428,3.34697132505084,25.0884150669063,12.9178544709984
42.7742774277428,3.34678528508189,25.0815803558817,12.9182245656718
42.7842784278428,3.3452213002197,25.0739909704668,12.9173021663731
42.7942794279428,3.34484846120099,25.0668765569065,12.9185078254556
42.8042804280428,3.34507480431232,25.0586175304259,12.9233004358586
42.8142814281428,3.34147291013038,25.0483323195085,12.9194656210562
42.8242824282428,3.34353089256587,25.0387676802403,12.9172880428246
42.8342834283428,3.34585155624334,25.0315590485902,12.9141962490591
42.8442844284428,3.34895811851148,25.0213755817717,12.9114072739688
42.8542854285429,3.34994593464061,25.0130323903537,12.9081597151033
42.8642864286429,3.3514567864664,25.0045993303347,12.9049861129838
42.8742874287429,3.3533797002786,24.9961392348258,12.9051743864306
42.8842884288429,3.35342715303853,24.9898702920606,12.9040212522592
42.8942894289429,3.35315904679081,24.9817917675624,12.9023737662231
42.9042904290429,3.35277170574481,24.9714031020349,12.8997564538649
42.9142914291429,3.35042544953581,24.9618563967312,12.8962617232252
42.9242924292429,3.35038238454715,24.9529870476619,12.8924968048997
42.9342934293429,3.35180051413654,24.9428523427439,12.8914507964834
42.9442944294429,3.35374144850844,24.9341349339907,12.8870023476821
42.954295429543,3.35495735922986,24.9306318801604,12.8846030240864
42.964296429643,3.35179009902202,24.919431226591,12.8811442216698
42.974297429743,3.35183447031617,24.906931903776,12.8756606921976
42.984298429843,3.35437084696515,24.9029951792137,12.87450119207
42.994299429943,3.35367306864045,24.8941213597213,12.8710787537815
43.004300430043,3.35430997773719,24.8845200526625,12.8688219424778
43.014301430143,3.35593628557858,24.8767010148159,12.8666686873726
43.024302430243,3.35318312797895,24.8709242679601,12.8669517725859
43.034303430343,3.3551251605596,24.8636799255068,12.8659719360696
43.044304430443,3.35900523563567,24.8520562331036,12.8652667141767
43.0543054305431,3.35662987014788,24.8434441033952,12.8621188865522
43.0643064306431,3.35659222854062,24.8325385188844,12.8575458603264
43.0743074307431,3.35348784508137,24.826324456689,12.8503138233906
43.0843084308431,3.35284768153813,24.8191099513996,12.8461943571561
43.0943094309431,3.35506920462384,24.8105344029672,12.8423631125506
43.1043104310431,3.35412074239694,24.8051210270653,12.8422420264034
43.1143114311431,3.35103660775277,24.7978602975521,12.8413331971634
43.1243124312431,3.35361006031386,24.7906112294208,12.8393417838136
43.1343134313431,3.35468430994625,24.7818829436476,12.8376567768107
43.1443144314431,3.35137758919725,24.7739211431496,12.8360026859611
43.1543154315432,3.35033904289174,24.7643262955454,12.834673916087
43.1643164316432,3.35249502582625,24.7572602425339,12.830225424276
43.1743174317432,3.35551822587302,24.7487315559563,12.8265396055887
43.1843184318432,3.35546563869883,24.7436145186664,12.8242312172361
43.1943194319432,3.36086126708791,24.7347614827248,12.8220874671746
43.2043204320432,3.35882730485478,24.7246215271944,12.8197607276968
43.2143214321432,3.36034559423364,24.7126885971317,12.8155323594384
43.2243224322432,3.35925689786617,24.7078925359103,12.8121904279112
43.2343234323432,3.35817157138451,24.6999147875568,12.806891391269
43.2443244324432,3.3582030989236,24.6936451910871,12.8032324910522
43.2543254325433,3.35617659945038,24.6849290249763,12.8027840615572
43.2643264326433,3.35202867089508,24.6759628469679,12.8015734628836
43.2743274327433,3.35180177179846,24.669043017367,12.7965806330293
43.2843284328433,3.35133329796745,24.6614540609356,12.7893898728591
43.2943294329433,3.35514528887727,24.6537208889075,12.7857298685599
43.3043304330433,3.35851515270907,24.6464832132022,12.7830014856782
43.3143314331433,3.35984919663559,24.6368404161785,12.7833943651601
43.3243324332433,3.36362694280737,24.6288031548159,12.7839985787343
43.3343334333433,3.36372903397878,24.6197006610157,12.7813712334516
43.3443344334433,3.3658922440594,24.6151678032068,12.781941019984
43.3543354335434,3.3622214724756,24.6095178257089,12.7808676731864
43.3643364336434,3.36327101943228,24.6009187464038,12.7755943096197
43.3743374337434,3.36353707311545,24.5933536802877,12.7766451785066
43.3843384338434,3.36462570701899,24.5858979250178,12.773099946967
43.3943394339434,3.3654315395792,24.5773862463492,12.7728935586158
43.4043404340434,3.36267351581366,24.5692345412851,12.7722382962979
43.4143414341434,3.36202493073941,24.5604951665759,12.7686082808878
43.4243424342434,3.36183809890911,24.5497300665528,12.7688847129229
43.4343434343434,3.36316638984342,24.5437831899878,12.7656713978441
43.4443444344434,3.36155871982154,24.5359277859023,12.7653646687694
43.4543454345435,3.36208185462718,24.5289614871821,12.763844315614
43.4643464346435,3.3604540110475,24.5189310946123,12.7597637346397
43.4743474347435,3.35958425294327,24.5125413053287,12.7552907187099
43.4843484348435,3.35905833891575,24.5100380799686,12.7506637289346
43.4943494349435,3.36023162170268,24.5017429448892,12.7475907239306
43.5043504350435,3.36135959456446,24.4935778483783,12.7442636995842
43.5143514351435,3.36162714396775,24.4858714240364,12.7418864086179
43.5243524352435,3.36459465348482,24.4784574125865,12.7392734010877
43.5343534353435,3.35902687735456,24.47359532163,12.7370420524598
43.5443544354435,3.35991364474446,24.4668593038253,12.7373950607183
43.5543554355436,3.36170481995592,24.4605665020546,12.736351495154
43.5643564356436,3.36385952722721,24.4537586473731,12.7353242389392
43.5743574357436,3.36288938028027,24.4477802709919,12.7357668196895
43.5843584358436,3.35981802259288,24.4396883435947,12.730031019179
43.5943594359436,3.35648572295027,24.4292283753246,12.7292950583583
43.6043604360436,3.35437609825646,24.4226332601831,12.7285718773272
43.6143614361436,3.35180264325651,24.4137157527571,12.7277185094589
43.6243624362436,3.35285463386975,24.4057151818082,12.7236088604069
43.6343634363436,3.35156405799428,24.3978282954216,12.7223208451849
43.6443644364436,3.35208059321178,24.3924640500118,12.7219539696465
43.6543654365437,3.35121963343037,24.3833343545379,12.7180331107066
43.6643664366437,3.35265307546904,24.3768865028556,12.7108028013836
43.6743674367437,3.35249619275906,24.3689455418212,12.7084697292701
43.6843684368437,3.35123659471763,24.3619294257935,12.7064577737451
43.6943694369437,3.35096138880465,24.357476732959,12.7033708855877
43.7043704370437,3.35216994151218,24.351247707748,12.6955388734435
43.7143714371437,3.35183582982976,24.3413318966287,12.6927166282304
43.7243724372437,3.35022005516701,24.3356924084707,12.6884460151684
43.7343734373437,3.34719894343134,24.3307053702749,12.6859275647741
43.7443744374437,3.35029650955162,24.3247233180837,12.6797396374597
43.7543754375438,3.35154206925122,24.3194043292271,12.6781782291348
43.7643764376438,3.34855772007175,24.316405202175,12.6754878114046
43.7743774377438,3.34558381169788,24.3096088218837,12.6712065820706
43.7843784378438,3.34600804682116,24.3010161803171,12.6698880390884
43.7943794379438,3.34489667551121,24.2957585034056,12.6701046588004
43.8043804380438,3.34307928526004,24.2903603729041,12.6677503484672
43.8143814381438,3.34332982874916,24.2800737091833,12.6652699008834
43.8243824382438,3.34196165237052,24.2751387747942,12.6652774348957
43.8343834383438,3.34050277511596,24.2658143655505,12.6639400435236
43.8443844384438,3.34108474890876,24.2583776387439,12.658800199243
43.8543854385439,3.33858247551351,24.253783297363,12.6535895408733
43.8643864386439,3.33255241612136,24.2455914071605,12.6558652620142
43.8743874387439,3.33072922997985,24.2352919008527,12.6546681171411
43.8843884388439,3.33371727227532,24.2237757806229,12.6517596534829
43.8943894389439,3.33341942636241,24.2170478441183,12.6544894619883
43.9043904390439,3.3343138924738,24.2067035225904,12.6526758813622
43.9143914391439,3.33489702262669,24.1998893102778,12.6477011402032
43.9243924392439,3.33570494025592,24.193607360564,12.6479022661309
43.9343934393439,3.33404878810858,24.1842077710785,12.6452883360486
43.9443944394439,3.33633523989428,24.1748191225655,12.6461834388581
43.954395439544,3.33746238511062,24.1651462168873,12.6446381180841
43.964396439644,3.33924519372408,24.1586470789888,12.6401769265748
43.974397439744,3.33879963654271,24.1488072974143,12.6427908956729
43.984398439844,3.34018621645412,24.1454783352744,12.6396634171903
43.994399439944,3.33431298158037,24.1390845224911,12.6386127425283
44.004400440044,3.33538547319871,24.130435510023,12.6373007393119
44.014401440144,3.33346090580455,24.1227457975632,12.6378415691707
44.024402440244,3.3355949960985,24.1170148527749,12.6358819600562
44.034403440344,3.33410961261766,24.1104187900959,12.6354879137223
44.044404440444,3.33186701568143,24.1038429228796,12.6299899261877
44.0544054405441,3.32869593693748,24.0963144297668,12.6282657480646
44.0644064406441,3.32929601325811,24.0890887054039,12.6226264997389
44.0744074407441,3.33065762155243,24.0821893944976,12.6206682178398
44.0844084408441,3.3309422765643,24.0704139355791,12.6192357169649
44.0944094409441,3.33120140645924,24.0611665154759,12.6169477460851
44.1044104410441,3.33171128927088,24.057095573191,12.6146482298262
44.1144114411441,3.3298271800674,24.0481937720413,12.6112338141162
44.1244124412441,3.32712575366741,24.040102788297,12.6056814773152
44.1344134413441,3.32857605869814,24.0326138081141,12.6002094341877
44.1444144414441,3.32798305758177,24.0259596280363,12.596506462399
44.1544154415442,3.33173300265142,24.0224302297992,12.5957077996107
44.1644164416442,3.33227475053189,24.0169286753766,12.5957317735437
44.1744174417442,3.33306079819622,24.0105131727519,12.5961874474213
44.1844184418442,3.32845877345164,24.0036442308354,12.5923528511697
44.1944194419442,3.329982476566,23.9938632938588,12.5878125648522
44.2044204420442,3.32694265799185,23.986289998729,12.5855779249117
44.2144214421442,3.32762757056201,23.9804723501962,12.5793327155638
44.2244224422442,3.32795832314801,23.9772062593169,12.57939840378
44.2344234423442,3.32969449294437,23.9737909749542,12.576275097745
44.2444244424442,3.33050970954058,23.9670595270658,12.5740693663271
44.2544254425443,3.32901681728132,23.9571438752411,12.5705844286683
44.2644264426443,3.32820430852441,23.9502832843803,12.5682968994202
44.2744274427443,3.3321514183093,23.9422649742805,12.5660437745151
44.2844284428443,3.32679992851467,23.937092121973,12.5643256853312
44.2944294429443,3.32632204342485,23.9274441239352,12.5577813259935
44.3044304430443,3.32686030776663,23.9230055527057,12.5562062369133
44.3144314431443,3.32999592829081,23.9180369441911,12.551844439205
44.3244324432443,3.33259376357088,23.9133375850726,12.5512272755769
44.3344334433443,3.33629453546313,23.9102596123527,12.5494227977725
44.3444344434443,3.34057339450719,23.9024631999253,12.5485862501843
44.3544354435444,3.34072134071757,23.8943171502537,12.5471539577665
44.3644364436444,3.34194827707436,23.8885213352027,12.544382497129
44.3744374437444,3.33808576159786,23.8830486275908,12.5429035607236
44.3844384438444,3.34014257251792,23.8736836250079,12.5395351658818
44.3944394439444,3.34106703892658,23.8694739387894,12.5370801041946
44.4044404440444,3.33798870943974,23.8620078194226,12.5351904231672
44.4144414441444,3.34082022591179,23.8561589999379,12.5299556372233
44.4244424442444,3.33956824099163,23.8513529105649,12.5266150412729
44.4344434443444,3.33715608259274,23.8464939323162,12.5245581736072
44.4444444444444,3.33513129705818,23.8380941466033,12.5218294900578
44.4544454445445,3.33509262576095,23.8299221996981,12.522290803586
44.4644464446445,3.33674328043064,23.8215501347886,12.5159532508755
44.4744474447445,3.33310448333901,23.8169722749579,12.5119647883265
44.4844484448445,3.33765547858716,23.8126388493772,12.5108209812647
44.4944494449445,3.33902805404811,23.8054803946203,12.5089108764771
44.5044504450445,3.33966336146512,23.7977364629192,12.5090244677798
44.5144514451445,3.33735258040439,23.7872421637303,12.5077400231872
44.5244524452445,3.33624196017325,23.7811448924877,12.5045845373531
44.5344534453445,3.3354662570809,23.7763496236595,12.498992588297
44.5444544454445,3.33416139868387,23.7694449495626,12.4969124374733
44.5544554455446,3.33534788630081,23.760243980615,12.4947847897759
44.5644564456446,3.33569837315599,23.7526684270195,12.4957696886227
44.5744574457446,3.33700801545103,23.7490701165509,12.4989669349331
44.5844584458446,3.33705052506019,23.739944301801,12.4965076527201
44.5944594459446,3.33786005856935,23.7330020765608,12.491772086566
44.6044604460446,3.33945248804477,23.7237143857504,12.4899719742446
44.6144614461446,3.3377676513548,23.7191577474949,12.4881865648439
44.6244624462446,3.34294956304241,23.7107680647915,12.4850655986186
44.6344634463446,3.34219163906795,23.7023371140581,12.4842587250301
44.6444644464446,3.34280416297597,23.6958621469687,12.4803471650146
44.6544654465447,3.34453541755567,23.689037763591,12.4808698531743
44.6644664466447,3.34644750761666,23.6813994937057,12.4774118145567
44.6744674467447,3.34304085818896,23.6779743500292,12.4730586805716
44.6844684468447,3.34220826519808,23.667878059522,12.4716431854009
44.6944694469447,3.3421602421928,23.6600843473135,12.4675201282467
44.7044704470447,3.34132749585227,23.6542841404432,12.4646652399641
44.7144714471447,3.34331096454901,23.6491773015297,12.4622309888545
44.7244724472447,3.34489005127039,23.6442209746605,12.456545888661
44.7344734473447,3.34406799006186,23.6383581179417,12.4602536131688
44.7444744474447,3.34431696411031,23.6305589244333,12.4555737210175
44.7544754475448,3.34377290123002,23.6246380486411,12.4548216481522
44.7644764476448,3.34393741868927,23.6199560165177,12.4579926459841
44.7744774477448,3.34844761787784,23.6091656994065,12.4613783591918
44.7844784478448,3.34837288871968,23.6012413331199,12.4590760524187
44.7944794479448,3.34834061518287,23.5938549952231,12.4579934843156
44.8044804480448,3.34774413437529,23.5888717445299,12.4533194192192
44.8144814481448,3.34686396741885,23.5838538865518,12.4509056709073
44.8244824482448,3.34458354323969,23.5792445046559,12.4494036723609
44.8344834483448,3.34357410256609,23.5690347694828,12.4472941826489
44.8444844484448,3.34348775911903,23.5615880756615,12.4459040273855
44.8544854485449,3.34416802680938,23.5520981718453,12.4410971988311
44.8644864486449,3.34727605938329,23.5483200143783,12.4393852466135
44.8744874487449,3.3493263411583,23.5397521903978,12.4381520484718
44.8844884488449,3.3486922983259,23.5348516422861,12.4345475644193
44.8944894489449,3.34620627851962,23.5260446259043,12.4320345498344
44.9044904490449,3.34586637208464,23.5200551753184,12.4320415059997
44.9144914491449,3.34669707367594,23.5145370063404,12.4308416404854
44.9244924492449,3.34784200612745,23.5091475122118,12.4275745417609
44.9344934493449,3.34849467351543,23.5006577138538,12.42425408047
44.9444944494449,3.34897903220781,23.4927472175736,12.4216168691052
44.954495449545,3.35157335380355,23.4873133636336,12.4162342014986
44.964496449645,3.3473197869204,23.4820625146757,12.4119463206566
44.974497449745,3.34798783158464,23.475518785953,12.4111203017667
44.984498449845,3.34771715627841,23.4707534580946,12.4092325318895
44.994499449945,3.34672624994638,23.4664384199108,12.4071786956293
45.004500450045,3.34319287534173,23.4614412092895,12.4019494306495
45.014501450145,3.34297409445567,23.4499828992549,12.3971831351288
45.024502450245,3.34095439714956,23.4451046352384,12.3969552615199
45.034503450345,3.33796525862698,23.4420980419992,12.3913978134215
45.044504450445,3.33657171317748,23.4367852829104,12.3934869494457
45.0545054505451,3.33648715718401,23.4261768166387,12.3930968497504
45.0645064506451,3.33617665449417,23.4191566183748,12.3929126859399
45.0745074507451,3.33546349464382,23.4137658023568,12.3909722348436
45.0845084508451,3.33718851113327,23.4083876020241,12.3922556470594
45.0945094509451,3.3386218679005,23.4012496331152,12.3880515122835
45.1045104510451,3.33909168222708,23.3935737994057,12.3895448613859
45.1145114511451,3.33962351756688,23.3876496189403,12.3902190784269
45.1245124512451,3.33946335736914,23.3859143967035,12.3851245103624
45.1345134513451,3.33693567595405,23.3747830788025,12.382303180511
45.1445144514451,3.33791068782145,23.368123019243,12.3822351880468
45.1545154515452,3.33913658032402,23.3622400844209,12.3833095912783
45.1645164516452,3.33810648850321,23.3581696798366,12.3816870757732
45.1745174517452,3.33985195357321,23.3506164126212,12.379885007985
45.1845184518452,3.33941131872001,23.342833997402,12.3786937371779
45.1945194519452,3.33872456239319,23.3406665549995,12.3753090358563
45.2045204520452,3.339239692274,23.3329830760668,12.3723839630832
45.2145214521452,3.34134732884829,23.3242692562593,12.3751985869183
45.2245224522452,3.34115224918903,23.3162667101627,12.3739252723975
45.2345234523452,3.34222518333481,23.3077450439169,12.3724449333068
45.2445244524452,3.34337666977248,23.3047110015082,12.3716408708079
45.2545254525453,3.34675849209807,23.2986651328889,12.3711266841275
45.2645264526453,3.3450881646993,23.2902949970702,12.3687662773243
45.2745274527453,3.34669066892221,23.2841081555626,12.3680878068349
45.2845284528453,3.34490010530036,23.2808501094243,12.3632821346144
45.2945294529453,3.34447543534106,23.2748195281529,12.3596609051261
45.3045304530453,3.34635129266568,23.2683713970287,12.3589922429162
45.3145314531453,3.34396245579021,23.2611316128472,12.3569173049547
45.3245324532453,3.34486194310458,23.2521661547675,12.355898866011
45.3345334533453,3.34499408736443,23.2466639722467,12.3572721416497
45.3445344534453,3.34613556936075,23.2426088979385,12.35604715859
45.3545354535454,3.34475798834918,23.2344524755537,12.3560027453847
45.3645364536454,3.34625391667989,23.2271582200625,12.3547315492211
45.3745374537454,3.34618184912914,23.2215596135936,12.3508639270998
45.3845384538454,3.34710204867856,23.2134728569875,12.3480737592988
45.3945394539454,3.34761405171834,23.2035091775438,12.3440368072957
45.4045404540454,3.35065666306645,23.1941412785969,12.3405214123362
45.4145414541454,3.3514037595454,23.1879055810109,12.3392668462432
45.4245424542454,3.35173175752141,23.1814117543047,12.3415959710079
45.4345434543454,3.34628105669055,23.1747265027658,12.3378106981465
45.4445444544454,3.345996082473,23.1714576388415,12.3363474964765
45.4545454545455,3.34559646061782,23.1637533458207,12.3301766833426
45.4645464546455,3.34277316531418,23.1609495953419,12.3273873343087
45.4745474547455,3.33948309703313,23.155883931407,12.3218752006187
45.4845484548455,3.34037189283773,23.1488158954753,12.3172693235128
45.4945494549455,3.34033040110519,23.1439932595657,12.3178593073004
45.5045504550455,3.34257465051686,23.1372587934595,12.3138933124694
45.5145514551455,3.34257850676754,23.1300485128272,12.3117377228814
45.5245524552455,3.34144528083403,23.1255840210973,12.3072484359634
45.5345534553455,3.34246643882913,23.1181421500955,12.3083803174641
45.5445544554455,3.34415654672675,23.1138440116363,12.3074105766665
45.5545554555456,3.34279934165334,23.1023900123045,12.3071261283799
45.5645564556456,3.33942821436444,23.0967652394623,12.3059633576557
45.5745574557456,3.34036318260746,23.0930460027195,12.3048496986412
45.5845584558456,3.33777234276836,23.0889315718045,12.3078003349418
45.5945594559456,3.33926364376236,23.0842232400408,12.3075537248021
45.6045604560456,3.34007372225965,23.0796582523566,12.3063553087208
45.6145614561456,3.33992198405424,23.0718160618489,12.3042581886116
45.6245624562456,3.33481194102097,23.0607239518877,12.3005905530942
45.6345634563456,3.3348882557018,23.0532765597076,12.3013449262739
45.6445644564456,3.33465690949662,23.0475523132128,12.2972674602156
45.6545654565457,3.33402968725369,23.0416306081668,12.2981673922281
45.6645664566457,3.33418372465474,23.0363024949906,12.297322510462
45.6745674567457,3.33318186212331,23.0300336471458,12.2955815267558
45.6845684568457,3.33248468619627,23.0237201058601,12.2967607515243
45.6945694569457,3.33467515382968,23.0177911643268,12.2955237186429
45.7045704570457,3.3363901496578,23.008405005436,12.2925146753067
45.7145714571457,3.33913254908859,22.9993556898125,12.2899624330796
45.7245724572457,3.33912852617424,22.9942241999987,12.2885537039925
45.7345734573457,3.34269205377567,22.9879419307191,12.2885346595547
45.7445744574457,3.34133401938995,22.9851156976512,12.2874489202277
45.7545754575458,3.33914953635824,22.9792499760742,12.2850549314869
45.7645764576458,3.33957240488609,22.9725308042529,12.2799726963349
45.7745774577458,3.34017576154291,22.967175718849,12.275617416003
45.7845784578458,3.34217718213456,22.9611990156221,12.2749466159963
45.7945794579458,3.34448314773093,22.956784622834,12.2720901740692
45.8045804580458,3.342466269662,22.9513364584077,12.270844146186
45.8145814581458,3.34119710999661,22.9426491276283,12.2717553095319
45.8245824582458,3.34128029882282,22.9363747484427,12.2703697961341
45.8345834583458,3.34074895401987,22.9296184276398,12.2688405994901
45.8445844584458,3.34314494823494,22.9256766003263,12.2659861809888
45.8545854585459,3.34068576284889,22.9189915460472,12.2636591613818
45.8645864586459,3.33896415391488,22.9107521376987,12.262493519542
45.8745874587459,3.33639138602686,22.9069146289012,12.259237122121
45.8845884588459,3.33635220009993,22.8989866877584,12.2577014221986
45.8945894589459,3.33591073926747,22.8913293689831,12.2524409812457
45.9045904590459,3.33222177854127,22.8836141145028,12.2488079800885
45.9145914591459,3.32856395500319,22.8769468643262,12.2464089919867
45.9245924592459,3.32982909254997,22.8721215797185,12.2457441714228
45.9345934593459,3.32834666843359,22.8679339335,12.2462164944303
45.9445944594459,3.32774035905404,22.8592734734143,12.2457805430479
45.954595459546,3.32686091315781,22.8503901761881,12.2427316519781
45.964596459646,3.32972636396924,22.8434580069747,12.2413741481964
45.974597459746,3.32637874575717,22.8364348569097,12.2383153248042
45.984598459846,3.32153238599586,22.8316673109882,12.2348300559634
45.994599459946,3.31823982976853,22.8246115872351,12.2342042190237
46.004600460046,3.31711926785361,22.8194762583106,12.23302404554
46.014601460146,3.31851498556344,22.8082488706651,12.2332873057864
46.024602460246,3.3191351035023,22.7997807783581,12.2320609218308
46.034603460346,3.3176669788881,22.7939592636829,12.2316257855479
46.044604460446,3.31818381303866,22.7907367584442,12.2273548742679
46.0546054605461,3.31867376445897,22.7843411612452,12.2258126093877
46.0646064606461,3.32101297434916,22.7783776649807,12.2226036977715
46.0746074607461,3.3216460643968,22.7717819200242,12.2193507327196
46.0846084608461,3.32360885219603,22.7640103893787,12.2191828292948
46.0946094609461,3.32478967906656,22.7592611404292,12.2185757981652
46.1046104610461,3.32122705886312,22.7496848630049,12.2191074355498
46.1146114611461,3.31981610516412,22.7420179702467,12.2162854816737
46.1246124612461,3.31725792484247,22.7334686467803,12.2161068570262
46.1346134613461,3.31391625905953,22.7253443469955,12.2130960337098
46.1446144614461,3.31729509336612,22.7188476073709,12.2134711220114
46.1546154615462,3.31614574337434,22.7152646045478,12.2141563977205
46.1646164616462,3.3169808903336,22.7048928370652,12.212163237011
46.1746174617462,3.31579067298217,22.6992942030621,12.2125276584793
46.1846184618462,3.31359588397699,22.6954563580203,12.2099960116942
46.1946194619462,3.31400102729752,22.6921625286582,12.2056910117109
46.2046204620462,3.31100181612671,22.6875287656654,12.2027298657207
46.2146214621462,3.31447552131047,22.6801965722216,12.2023023011305
46.2246224622462,3.31478144183355,22.6741899445043,12.1988164441016
46.2346234623462,3.31509369929455,22.6703444842133,12.195600586836
46.2446244624462,3.31680007148228,22.6662536153438,12.1956083058467
46.2546254625463,3.31518441753517,22.6629757874986,12.1961595668758
46.2646264626463,3.31792006525806,22.6560812450253,12.1967734661175
46.2746274627463,3.31806294161214,22.6496723091674,12.1951043289269
46.2846284628463,3.31663947237546,22.6431537983212,12.1942302693695
46.2946294629463,3.31786159958506,22.6356941859251,12.1855672810989
46.3046304630463,3.31940885962573,22.627046488248,12.182346203224
46.3146314631463,3.32002630352807,22.6187780610078,12.1831440745867
46.3246324632463,3.3179989433272,22.6153186849159,12.1787875442204
46.3346334633463,3.32178290026661,22.6085623132984,12.1816579704132
46.3446344634463,3.32133785879865,22.6015594002451,12.1786566195341
46.3546354635464,3.3229335389016,22.597402035064,12.1767654708615
46.3646364636464,3.32251107474433,22.5923914138765,12.1757083329718
46.3746374637464,3.32143660289132,22.5810546991597,12.1725156849907
46.3846384638464,3.3218858419541,22.5771626927582,12.1705419326036
46.3946394639464,3.32439840100645,22.568685110907,12.1665862665909
46.4046404640464,3.32212041631356,22.5654784150681,12.1654423787782
46.4146414641464,3.32103931944918,22.5626403689477,12.1634406562722
46.4246424642464,3.32114658563984,22.556731042723,12.1604396365824
46.4346434643464,3.32004552184835,22.5490119916511,12.1554800969748
46.4446444644464,3.32052906823776,22.5441378303052,12.1544338391057
46.4546454645465,3.31944130690595,22.5401074944569,12.1525154331377
46.4646464646465,3.31969777781082,22.533304424159,12.1519949749366
46.4746474647465,3.31335708465756,22.5285368819091,12.1505911202075
46.4846484648465,3.31474239824806,22.5272631126593,12.1485265292185
46.4946494649465,3.31465712866355,22.5207247608751,12.1456724020801
46.5046504650465,3.31149875118057,22.5114406484173,12.1436319006363
46.5146514651465,3.31246232022341,22.5032307822526,12.143362565504
46.5246524652465,3.31258147300163,22.4981339778902,12.1422149439946
46.5346534653465,3.31451520386799,22.4928408138571,12.1403591265168
46.5446544654465,3.31514839163918,22.4858802238009,12.1402540249184
46.5546554655466,3.31408180154809,22.481903024297,12.1338777699246
46.5646564656466,3.31411997562067,22.475227589281,12.134089412663
46.5746574657466,3.31126168424388,22.4679195978033,12.1318045733017
46.5846584658466,3.31060626364239,22.4627737428876,12.1324129328049
46.5946594659466,3.31045157428051,22.4603725196429,12.1283618716247
46.6046604660466,3.31298340139117,22.4552567517863,12.1224086714218
46.6146614661466,3.31219094603028,22.450101248699,12.1213517281832
46.6246624662466,3.31254604210977,22.4430221217284,12.1216563346774
46.6346634663466,3.31312370620411,22.4370726959909,12.1190641096607
46.6446644664466,3.31544562236295,22.4295189473133,12.1215079501081
46.6546654665467,3.31822860901337,22.4248114720827,12.1184240303181
46.6646664666467,3.31847570004373,22.4218827146122,12.1148508021139
46.6746674667467,3.31741284699389,22.4181570586957,12.1131802156188
46.6846684668467,3.32011444071509,22.4104841137913,12.1127293044387
46.6946694669467,3.31966242421182,22.4022991855558,12.1077842233162
46.7046704670467,3.31950050615744,22.3952026385984,12.1078154755138
46.7146714671467,3.31730210857394,22.3911338137095,12.1020875690167
46.7246724672467,3.31442450256608,22.3821401153134,12.1016526891586
46.7346734673467,3.31311579663087,22.3789027081917,12.0954682884787
46.7446744674467,3.31541401222279,22.3717860645778,12.0918449232596
46.7546754675468,3.31575255225901,22.3688397542434,12.0907757117797
46.7646764676468,3.31529031486946,22.3666246156703,12.0884425424271
46.7746774677468,3.31405706385979,22.3589915818433,12.0842748723059
46.7846784678468,3.31604769866267,22.3577525567373,12.0787534514314
46.7946794679468,3.31596978489158,22.3531391790148,12.0764269055313
46.8046804680468,3.31498313149012,22.3484267899299,12.0750163632174
46.8146814681468,3.31725268799996,22.3427004985709,12.0727064565668
46.8246824682468,3.32026676819391,22.338029943118,12.0685615598827
46.8346834683468,3.32184481305885,22.3330007915322,12.0680473465287
46.8446844684468,3.3235422742492,22.3242839026419,12.0702435468092
46.8546854685469,3.32232127898188,22.3175954152991,12.0696014233562
46.8646864686469,3.32070061179141,22.3096661806631,12.066972388089
46.8746874687469,3.32119588171855,22.3062093482299,12.0647286478401
46.8846884688469,3.32170648166059,22.3005492709642,12.0633131753063
46.8946894689469,3.31866649149029,22.2904185022129,12.0632271898843
46.9046904690469,3.32036411209156,22.2863812125278,12.0576955601716
46.9146914691469,3.32223391392065,22.2790048373481,12.0564836377565
46.9246924692469,3.32134085742966,22.2694693931584,12.0576780877725
46.9346934693469,3.3222276042583,22.2610628673517,12.0519900674863
46.9446944694469,3.3230269153429,22.2558054274899,12.0498217588415
46.954695469547,3.32567727069716,22.2523964996884,12.0474029828867
46.964696469647,3.32579416975187,22.2471726919387,12.0475854739409
46.974697469747,3.32535933663559,22.2418914190683,12.0471593758989
46.984698469847,3.32410125166826,22.2374114815806,12.0443767074295
46.994699469947,3.32440966063858,22.2319654566126,12.042169970228
47.004700470047,3.32404131253066,22.2271217874509,12.0399606873331
47.014701470147,3.32316190344427,22.2188775316295,12.0374363705835
47.024702470247,3.32289875578464,22.2140133892277,12.0346886434485
47.034703470347,3.32306831918256,22.2080878037246,12.0366410606888
47.044704470447,3.3257870134354,22.2020611154478,12.034810390324
47.0547054705471,3.32719525778065,22.1968359622438,12.0337068755524
47.0647064706471,3.32647706010839,22.1911614054543,12.0311582799433
47.0747074707471,3.3258120604802,22.1854920405123,12.0278892326497
47.0847084708471,3.32373458830979,22.1789483131109,12.0275173367243
47.0947094709471,3.32591964245561,22.1729901999436,12.0249982453088
47.1047104710471,3.32577305322589,22.166446023114,12.0214549963128
47.1147114711471,3.32497668724542,22.1603895402161,12.020537723072
47.1247124712471,3.32507175455103,22.1547764382503,12.0202835607634
47.1347134713471,3.32859294050192,22.1509573394836,12.0187631366896
47.1447144714471,3.32906502296746,22.13880878531,12.0153575469461
47.1547154715472,3.32952193267813,22.1348676585205,12.0144622628765
47.1647164716472,3.33083590949176,22.1324056317139,12.0158587030977
47.1747174717472,3.33156195905744,22.1272052432594,12.0145306331809
47.1847184718472,3.33299291479208,22.1243622948027,12.0129821210022
47.1947194719472,3.3318158180726,22.11703380235,12.0113676585865
47.2047204720472,3.32965413894825,22.1101849351794,12.0084947125403
47.2147214721472,3.32847784739895,22.1037901966472,12.0075555296338
47.2247224722472,3.32897981778793,22.0987093498359,12.0100490624855
47.2347234723472,3.32867309223254,22.0960531018182,12.0073174987398
47.2447244724472,3.32734733313197,22.0890667495006,12.005155165616
47.2547254725473,3.32554431259335,22.0825411324948,12.0004089772409
47.2647264726473,3.32696036038959,22.0766226902796,12.00019985316
47.2747274727473,3.32546719986303,22.0724464310676,11.9993152763161
47.2847284728473,3.32283949497251,22.0674935738788,11.9956331286701
47.2947294729473,3.32116114175519,22.0634977743166,11.9957451393066
47.3047304730473,3.3203259154006,22.0597675457789,11.9933282146253
47.3147314731473,3.31948866796114,22.0571362087446,11.9926416953527
47.3247324732473,3.32042974249927,22.0520593295564,11.9889000192533
47.3347334733473,3.31855603552951,22.0491139587772,11.9841242640572
47.3447344734473,3.31532457130824,22.0383729632302,11.9834989164768
47.3547354735474,3.31363841337528,22.031862602066,11.9801202197556
47.3647364736474,3.31332828207424,22.0267397301608,11.9783203518431
47.3747374737474,3.31355055292875,22.0219672285902,11.9767752870403
47.3847384738474,3.31510605903346,22.0157516820179,11.9723651851871
47.3947394739474,3.31317046480964,22.0103135292147,11.9725863184308
47.4047404740474,3.31485923913105,22.0035871543214,11.9687233463717
47.4147414741474,3.31514827096153,21.994375936815,11.9659549570648
47.4247424742474,3.31168662026395,21.9887919364913,11.9620441365399
47.4347434743474,3.31150189253872,21.9864024782911,11.9633883428045
47.4447444744474,3.30871159796977,21.9810505978219,11.9622672197276
47.4547454745475,3.30828832578573,21.9764144070052,11.9606787214521
47.4647464746475,3.30990996127402,21.9699406206849,11.959731870405
47.4747474747475,3.30857793306727,21.9657979154474,11.9572636156515
47.4847484748475,3.30979076659779,21.9595623760107,11.9536833711651
47.4947494749475,3.31171699666077,21.9517111982821,11.9492908416136
47.5047504750475,3.31057005378208,21.9459600006045,11.9454648841942
47.5147514751475,3.31008596566863,21.9396396865449,11.9444367153084
47.5247524752475,3.31240158683189,21.9355897310886,11.9444820104069
47.5347534753475,3.31354596758027,21.93214017985,11.9411551454664
47.5447544754475,3.31232083698376,21.9268292000319,11.9372987379638
47.5547554755476,3.31567922465856,21.9200956996806,11.9377348982028
47.5647564756476,3.31421385237735,21.9152032559399,11.9373340097991
47.5747574757476,3.31854785700259,21.9118250571167,11.935032681582
47.5847584758476,3.3164016558088,21.9065675645579,11.9324847375113
47.5947594759476,3.31508729819067,21.8999508731849,11.9348032473409
47.6047604760476,3.31169859466986,21.8933079678049,11.9341505423728
47.6147614761476,3.31422146674834,21.8878771055062,11.9328758429441
47.6247624762476,3.31772946020727,21.8825759332195,11.9301889413439
47.6347634763476,3.32066664536014,21.8786756528907,11.9247502106425
47.6447644764476,3.31782255020599,21.8711687796578,11.9235693415779
47.6547654765477,3.31825651480716,21.867263998366,11.9255315439092
47.6647664766477,3.3194496355892,21.8601692065726,11.9224539364556
47.6747674767477,3.32170383614062,21.8546021413674,11.9186884993214
47.6847684768477,3.32413799371904,21.8454326119102,11.9220906519448
47.6947694769477,3.32397563342262,21.8392799295224,11.9199967366967
47.7047704770477,3.31940459897435,21.8345100307533,11.9234836102523
47.7147714771477,3.31599250944221,21.829272833494,11.9201006370933
47.7247724772477,3.31632869456496,21.8199137567205,11.9191354960494
47.7347734773477,3.31452733963815,21.8136881825847,11.9205767165351
47.7447744774477,3.31309873990924,21.807026984457,11.9180090707134
47.7547754775478,3.31405447419659,21.804074043115,11.9174831662529
47.7647764776478,3.31331537847341,21.7981665932389,11.916730099794
47.7747774777478,3.31330751652597,21.79167987053,11.9159374064225
47.7847784778478,3.31108908207818,21.7879230877373,11.9173179157758
47.7947794779478,3.3144566577218,21.7839406473969,11.9207262792341
47.8047804780478,3.31590910554466,21.777346870798,11.9129625012082
47.8147814781478,3.31629808700018,21.7754490457878,11.9054252572438
47.8247824782478,3.32022960124923,21.7684161407097,11.9032935303156
47.8347834783478,3.32145841532128,21.765350583558,11.9040319029829
47.8447844784478,3.31887089500642,21.7605045401345,11.9013514791144
47.8547854785479,3.31734213712959,21.7546778878548,11.9008696668918
47.8647864786479,3.31506967535412,21.7493148002377,11.8984183234243
47.8747874787479,3.31653939864968,21.7441555994996,11.8962949397682
47.8847884788479,3.31336881210047,21.7400579795996,11.8908871675055
47.8947894789479,3.31680176365655,21.7363843215036,11.8875465209598
47.9047904790479,3.31223933920772,21.7316869293183,11.8839755215307
47.9147914791479,3.3170759415345,21.7252302263602,11.8849906928999
47.9247924792479,3.31504173046565,21.7204513254087,11.8822668970719
47.9347934793479,3.31411491764712,21.7157537102052,11.8784742661312
47.9447944794479,3.31668561215894,21.7088582233183,11.8726970833309
47.954795479548,3.31687571547021,21.7050524840805,11.8734368130986
47.964796479648,3.3152181302582,21.699710733365,11.8753440838126
47.974797479748,3.31525023301196,21.6905608592561,11.8721645991725
47.984798479848,3.31259580739071,21.68640547676,11.8693192684863
47.994799479948,3.30921880348996,21.6819370548142,11.8668199372356
48.004800480048,3.31424319735064,21.6782999225492,11.8654746891493
48.014801480148,3.31758047849517,21.6754183552537,11.8642113522729
48.024802480248,3.31907947599956,21.6732373723835,11.8656530501205
48.034803480348,3.31985265538393,21.6698881236518,11.8688963141974
48.044804480448,3.31827375699642,21.6652474916852,11.868611052844
48.0548054805481,3.31795215709031,21.6571100790052,11.8682472952081
48.0648064806481,3.31905868318189,21.6552382437679,11.8642391506565
48.0748074807481,3.32004436848806,21.6510700076021,11.8608052125315
48.0848084808481,3.32002442606834,21.6419230823213,11.8619257017231
48.0948094809481,3.31997538973998,21.6366671686536,11.860508827241
48.1048104810481,3.32078757820298,21.6316055265359,11.8583380121641
48.1148114811481,3.32026465690879,21.6265207178882,11.8586240527236
48.1248124812481,3.32047102763401,21.6202964730397,11.851794943305
48.1348134813481,3.32059814369537,21.6136059099928,11.8499009401945
48.1448144814481,3.32300105245389,21.6083808430809,11.847917493646
48.1548154815482,3.32578297890608,21.6075961538426,11.8493298753319
48.1648164816482,3.32682980958995,21.6034028485984,11.8469238701456
48.1748174817482,3.32841073964735,21.5986306140693,11.8470177434887
48.1848184818482,3.32952064744784,21.5940548415863,11.8430168514577
48.1948194819482,3.32612862416516,21.586535679524,11.8417934331696
48.2048204820482,3.32860168515511,21.5813191001145,11.8421242973454
48.2148214821482,3.32550159690038,21.5749334189738,11.8394091966081
48.2248224822482,3.32654432355016,21.5672743976516,11.8364184795397
48.2348234823482,3.3256090496393,21.5629914249684,11.8354122259458
48.2448244824482,3.32465483007375,21.5604593112936,11.8312872944789
48.2548254825483,3.32128266655112,21.5533779954246,11.828592289945
48.2648264826483,3.32307751007588,21.5531744763114,11.8263054591812
48.2748274827483,3.31963467643383,21.5469249065908,11.8190496420322
48.2848284828483,3.31830540068723,21.5445170542311,11.820779441513
48.2948294829483,3.31713849117833,21.5364610838763,11.8201125459922
48.3048304830483,3.31773579803106,21.5304592860383,11.8206508897121
48.3148314831483,3.31842539407647,21.5259800272195,11.8179330328191
48.3248324832483,3.32101765683343,21.5242197635067,11.8142424769643
48.3348334833483,3.32056745522514,21.5199519482999,11.812461532251
48.3448344834483,3.32275635400322,21.511012704363,11.8105758811809
48.3548354835484,3.32213337177668,21.5098297318659,11.8070203079553
48.3648364836484,3.32440220006406,21.5043984291949,11.8063947199576
48.3748374837484,3.32251408072954,21.4991346455577,11.8019745650213
48.3848384838484,3.32060187968651,21.4920903936208,11.8025090659974
48.3948394839484,3.31941112951359,21.4847254177989,11.7972834842653
48.4048404840484,3.31968576891597,21.4767652194065,11.7935285175666
48.4148414841484,3.31804211317523,21.4689796551796,11.7933779426556
48.4248424842484,3.32005816218059,21.4660945675807,11.7910606978684
48.4348434843484,3.32090939771468,21.4612914547915,11.7896757949251
48.4448444844484,3.31646503360985,21.4559367998433,11.7914224435863
48.4548454845485,3.31457179638251,21.4516479646353,11.7917220298389
48.4648464846485,3.31399970393959,21.4484036317886,11.7913475464919
48.4748474847485,3.31450614986112,21.4444739477847,11.7927938717141
48.4848484848485,3.31848752368307,21.4402085414262,11.7914725224342
48.4948494849485,3.32041231770089,21.4370607284373,11.7912557084916
48.5048504850485,3.31976374037794,21.4282530489981,11.7894812353596
48.5148514851485,3.31815445896245,21.4244286805998,11.7841006158548
48.5248524852485,3.32039312099216,21.4203847474424,11.7838254127679
48.5348534853485,3.31850829224991,21.414556072981,11.7828175250987
48.5448544854485,3.32066833705147,21.4118034330292,11.7794014117724
48.5548554855486,3.32083902902457,21.4042291083546,11.7738977665505
48.5648564856486,3.3199295047188,21.3973079965535,11.7719059654642
48.5748574857486,3.32154174365679,21.3944626400099,11.7701693689264
48.5848584858486,3.32077137929369,21.3888218446742,11.7672691237675
48.5948594859486,3.32172937913173,21.383179106537,11.7668697794033
48.6048604860486,3.31994622617086,21.380141103558,11.7645133728542
48.6148614861486,3.32022716656395,21.3769428260373,11.7609144481029
48.6248624862486,3.31727312483003,21.3705831696533,11.759394402937
48.6348634863486,3.31891195678983,21.3624076683278,11.756977928121
48.6448644864486,3.32282778199971,21.360770201386,11.7573003335645
48.6548654865487,3.32359238798685,21.3525358851132,11.7555149240802
48.6648664866487,3.3255694183923,21.3498242434913,11.7524435158448
48.6748674867487,3.32113608373614,21.3440936021945,11.7509134392208
48.6848684868487,3.32157433447984,21.3431705913153,11.7523182244777
48.6948694869487,3.3229556085161,21.3335951942465,11.7506156445203
48.7048704870487,3.32490609430476,21.3287076935298,11.7511240561803
48.7148714871487,3.32263744664458,21.327413141414,11.748762858001
48.7248724872487,3.32253966400955,21.3271632680545,11.7493496006921
48.7348734873487,3.32067783854507,21.3202120974033,11.7511765959461
48.7448744874487,3.32282802141969,21.3147184539015,11.7508262397666
48.7548754875488,3.3228406785322,21.3110713445392,11.7493084595712
48.7648764876488,3.32235650878356,21.3044017114379,11.7496130477361
48.7748774877488,3.32093813998972,21.3036307742924,11.7492184378618
48.7848784878488,3.32014556547746,21.299797077907,11.7473153221149
48.7948794879488,3.31885992918745,21.2967057519331,11.7453091230038
48.8048804880488,3.31665572857825,21.2930672873664,11.746361813499
48.8148814881488,3.31192714540993,21.2882948828857,11.745027980925
48.8248824882488,3.30784726791014,21.281683453057,11.7429044200664
48.8348834883488,3.30966077691906,21.2775679048469,11.7453266703248
48.8448844884488,3.31015110462426,21.2722903631349,11.7442241302246
48.8548854885489,3.30873769147939,21.265787063043,11.7417798654314
48.8648864886489,3.31132819922158,21.2590062517975,11.7375443660683
48.8748874887489,3.31226765359912,21.2550491085569,11.7335061605205
48.8848884888489,3.31404335644519,21.2511163808041,11.7322247189154
48.8948894889489,3.31456116754576,21.2450088292673,11.7337955893904
48.9048904890489,3.31577494173187,21.239115957449,11.7326282427473
48.9148914891489,3.31593152545442,21.2338981466621,11.7296914001376
48.9248924892489,3.31694018373594,21.228562649794,11.7298899753905
48.9348934893489,3.31621335541783,21.2237895773457,11.7294515107399
48.9448944894489,3.31703446986858,21.2171744359152,11.7281342440663
48.954895489549,3.31531318067749,21.2148617361722,11.7299180764162
48.964896489649,3.31526296788716,21.2078067186275,11.7298257975389
48.974897489749,3.31932501286061,21.2034818558603,11.7263313352348
48.984898489849,3.31744543103519,21.199190031458,11.7249236651718
48.994899489949,3.321824396112,21.19351955648,11.7233976087981
49.004900490049,3.3203232034138,21.1891899533679,11.7252632186382
49.014901490149,3.32123449173849,21.1854982331486,11.727161498274
49.024902490249,3.3218058672841,21.1823204552631,11.7261687698449
49.034903490349,3.32275306980895,21.174212378795,11.727689012709
49.044904490449,3.3219611829809,21.1703889001907,11.7272605865373
49.0549054905491,3.31903354850902,21.1643412301283,11.7260199928327
49.0649064906491,3.31656074179397,21.1628009969282,11.716416551809
49.0749074907491,3.31459006735225,21.1609703698272,11.7149359389674
49.0849084908491,3.31697258436044,21.1597434768928,11.7137278629109
49.0949094909491,3.31802006223977,21.1570897222812,11.7153161862173
49.1049104910491,3.31788490381647,21.1525402294084,11.7134190414321
49.1149114911491,3.32016780109844,21.1476074918026,11.7144896585948
49.1249124912491,3.31662682869742,21.1405827864952,11.7134948551107
49.1349134913491,3.31821523399465,21.1383052136175,11.7127045785436
49.1449144914491,3.31691893840262,21.1360169460061,11.7075624925089
49.1549154915492,3.32036151676436,21.1324930430088,11.7067358089437
49.1649164916492,3.32003777592337,21.125796007929,11.7052206215522
49.1749174917492,3.32116728443867,21.1189743285807,11.6994198078945
49.1849184918492,3.32131223937082,21.1158142392615,11.700484110442
49.1949194919492,3.31981325620526,21.1097180115882,11.6977866537047
49.2049204920492,3.31982863458235,21.1047410622399,11.6936357140114
49.2149214921492,3.31945347942448,21.1024665693978,11.6923350498797
49.2249224922492,3.32188819689892,21.0991062468963,11.6931195710867
49.2349234923492,3.32478535875451,21.0956775482304,11.6958168146713
49.2449244924492,3.32150465719707,21.0913767918501,11.6929764836957
49.2549254925493,3.32322309596086,21.0881971635184,11.6918092814451
49.2649264926493,3.32398051505568,21.0849030349479,11.6913056591467
49.2749274927493,3.32592818648549,21.0843044820824,11.6895738576903
49.2849284928493,3.32516361274804,21.0841958183298,11.689054837459
49.2949294929493,3.32468113101529,21.0808458541293,11.6869603718505
49.3049304930493,3.32378592791337,21.0788640718938,11.6898634489511
49.3149314931493,3.31969899817992,21.0729415081073,11.6890061440755
49.3249324932493,3.32660137256645,21.0692293908251,11.6913075037651
49.3349334933493,3.32975861184339,21.0652458524993,11.6855536001335
49.3449344934493,3.32921163513793,21.0590183835241,11.6859742586104
49.3549354935494,3.33250616253994,21.0534370403628,11.6826915248636
49.3649364936494,3.33382147750253,21.0457255693101,11.6845253685546
49.3749374937494,3.33489891935951,21.0417549098484,11.6782400216852
49.3849384938494,3.33599895742895,21.0388547941559,11.6734989211837
49.3949394939494,3.33532544681944,21.0357540394303,11.6708791284826
49.4049404940494,3.3332296414802,21.0304864100099,11.6665926893445
49.4149414941494,3.33524916318138,21.027974235364,11.6634759836484
49.4249424942494,3.33648605775794,21.0244206706918,11.6621039064255
49.4349434943494,3.33599825590098,21.0198228841772,11.6587406926428
49.4449444944494,3.33935261520067,21.0167258552104,11.6585956977988
49.4549454945495,3.34093529091063,21.0131257517145,11.6563176931013
49.4649464946495,3.33952563238797,21.006964840083,11.6564621026164
49.4749474947495,3.34063580460814,21.0048590684462,11.6603608347885
49.4849484948495,3.338115333578,20.9997514652859,11.656593864732
49.4949494949495,3.33926612281884,20.9923326209091,11.6569056798859
49.5049504950495,3.34222896894142,20.9867207867664,11.6559165326896
49.5149514951495,3.33939821297041,20.9816991222045,11.6582103184811
49.5249524952495,3.33646398387232,20.9774323447199,11.6571661401395
49.5349534953495,3.33894829002983,20.9708642173803,11.6588923879562
49.5449544954495,3.33934535339313,20.9636628119493,11.6537118716789
49.5549554955496,3.33460413797549,20.9600476058883,11.6537110200161
49.5649564956496,3.33449637789581,20.9582496362,11.6564835928674
49.5749574957496,3.3319181647552,20.9542384476397,11.6559196747838
49.5849584958496,3.33297660073558,20.9510304794939,11.6575545289099
49.5949594959496,3.33142194715873,20.9495791496375,11.6548277371615
49.6049604960496,3.32825446107291,20.9449935598801,11.6526236397255
49.6149614961496,3.32862884671121,20.9394569191933,11.647076142033
49.6249624962496,3.32934639208368,20.9333216241908,11.6461699378493
49.6349634963496,3.32775296354646,20.9303234680622,11.6411255697426
49.6449644964496,3.32707032378972,20.9233240308693,11.64071672863
49.6549654965497,3.32364352252801,20.9206959883414,11.6406304534754
49.6649664966497,3.32239043110185,20.9194008645548,11.6394895352737
49.6749674967497,3.32292733293344,20.9157161227692,11.6428994189913
49.6849684968497,3.32040177202576,20.9124045937191,11.6421880521624
49.6949694969497,3.32191652585044,20.9075805038288,11.641179434113
49.7049704970497,3.32590902071296,20.9020506200493,11.6392263162103
49.7149714971497,3.32687787880512,20.8968563431276,11.6352434322545
49.7249724972497,3.32450236921745,20.8918580583995,11.6313591686989
49.7349734973497,3.32360307435262,20.8881981747956,11.6250143519625
49.7449744974497,3.31703940358257,20.8823556394961,11.6249638268793
49.7549754975498,3.31634303151402,20.8739013328992,11.6253430282469
49.7649764976498,3.3170833157844,20.8683056247531,11.6283469046274
49.7749774977498,3.31547934241047,20.8622287713663,11.6267954508329
49.7849784978498,3.31753385561747,20.8580863617648,11.6213249143769
49.7949794979498,3.31860290389224,20.8568003742393,11.6190702967457
49.8049804980498,3.3165114594409,20.8548254321788,11.6126135039175
49.8149814981498,3.31987364591033,20.8518500223494,11.60995264664
49.8249824982498,3.32175251190053,20.8456409751255,11.608729333005
49.8349834983498,3.32355694885006,20.8419815355272,11.6038048061515
49.8449844984498,3.32431120639505,20.8399562618986,11.6009955305352
49.8549854985499,3.32285452104391,20.8344269419958,11.5981589810866
49.8649864986499,3.32097188484107,20.8303849816207,11.5970756412892
49.8749874987499,3.32295591323747,20.8241723298482,11.5985256118375
49.8849884988499,3.32287534398178,20.8190924202652,11.5975911672788
49.8949894989499,3.32320684879087,20.8174335226361,11.5959934633981
49.9049904990499,3.32046158965036,20.8131422516429,11.5939699835055
49.9149914991499,3.32246194175343,20.8066968482406,11.5938133595528
49.9249924992499,3.32377224390739,20.8021758745512,11.5923999224956
49.9349934993499,3.32588523931816,20.7964087597053,11.5908868040622
49.9449944994499,3.32466678424047,20.7914151870097,11.5886872722886
49.95499549955,3.32596062545939,20.7898963288571,11.5848567096284
49.96499649965,3.32498441290229,20.7839576018295,11.5827325063705
49.97499749975,3.32799088595909,20.7784156868861,11.5795283554192
49.98499849985,3.32863565695282,20.7743408481714,11.5776509456231
49.99499949995,3.32655783902197,20.7694832115622,11.5795043624278
50.00500050005,3.32509582103294,20.7668955170222,11.5761999173154
50.01500150015,3.32576848465997,20.7640004408224,11.5773394080166
50.02500250025,3.32814051731799,20.7571593429172,11.5779137302561
50.03500350035,3.32629494644658,20.7488545169146,11.5780289464596
50.04500450045,3.32977071459258,20.7437116647427,11.5775071649585
50.0550055005501,3.32924796545521,20.7392050672784,11.5723976618464
50.0650065006501,3.32691143307556,20.7354444641442,11.5690410068463
50.0750075007501,3.32653508675803,20.7289135316257,11.5690297081055
50.0850085008501,3.32437037737709,20.7275262846661,11.5679977094814
50.0950095009501,3.32419298321615,20.724814957486,11.5641738079388
50.1050105010501,3.3264364683164,20.7196096510394,11.5631183856429
50.1150115011501,3.32723034072133,20.7155314633533,11.5628702555897
50.1250125012501,3.32824938032777,20.7122148988414,11.5617339853923
50.1350135013501,3.33045298704925,20.7058552270275,11.5611519305199
50.1450145014501,3.32954099211176,20.7017650964491,11.561062141261
50.1550155015502,3.33136906601998,20.6987718246647,11.5611466554447
50.1650165016502,3.33206284322054,20.694843490899,11.5614406804591
50.1750175017502,3.33051858113751,20.688698537965,11.5587238415699
50.1850185018502,3.33092396821847,20.6864616484981,11.556855739371
50.1950195019502,3.33571124379815,20.6843582229769,11.5592373977336
50.2050205020502,3.33531344873632,20.6792401514809,11.5602026230928
50.2150215021502,3.33307403138983,20.6757692143113,11.5584386795533
50.2250225022502,3.3342364401744,20.6745058371119,11.5572988555961
50.2350235023502,3.33647958651344,20.6701756460837,11.5545836720183
50.2450245024502,3.33643562289199,20.6690721763876,11.5510574794417
50.2550255025503,3.33491039568135,20.6628004431551,11.5498877920446
50.2650265026503,3.33708915767719,20.6573849437634,11.5525414172073
50.2750275027503,3.33798732252319,20.6515529960949,11.5504982945486
50.2850285028503,3.33749561528152,20.6500943913556,11.5487711829036
50.2950295029503,3.33405473824439,20.6477578653954,11.5488311030692
50.3050305030503,3.33426277092044,20.6441575937779,11.5513559562956
50.3150315031503,3.3312161137293,20.640072575998,11.5492253260273
50.3250325032503,3.3316998755246,20.6390934768417,11.5498586251235
50.3350335033503,3.33097971543225,20.636246587315,11.5465796100602
50.3450345034503,3.33030788105758,20.6338199685185,11.5467877238677
50.3550355035504,3.3323424173371,20.6280713201608,11.5495453404627
50.3650365036504,3.33564598075093,20.624206809565,11.5496800143153
50.3750375037504,3.33537124422698,20.6197016599061,11.5492103649647
50.3850385038504,3.33625873028639,20.6142950633078,11.5454375207712
50.3950395039504,3.33568258668915,20.6080511307674,11.5407834903676
50.4050405040504,3.33583962442187,20.605671933763,11.5426207682932
50.4150415041504,3.3348713428943,20.6011447684187,11.5412596102261
50.4250425042504,3.336005783469,20.5991715676418,11.5386427943217
50.4350435043504,3.33281024206964,20.5971334272742,11.5364123440728
50.4450445044504,3.33387619100275,20.5962855635648,11.5318578023056
50.4550455045505,3.33271300255939,20.5923907739277,11.5282332620141
50.4650465046505,3.3303980900476,20.59214045923,11.5272215130722
50.4750475047505,3.33155030235159,20.5866314143593,11.5265498861338
50.4850485048505,3.3334025520302,20.5853154768487,11.5262909832084
50.4950495049505,3.33609085247579,20.5822335858392,11.523885785412
50.5050505050505,3.33400247224351,20.5760229363728,11.5212098012854
50.5150515051505,3.33163127320844,20.5754168788932,11.5140972633221
50.5250525052505,3.3297747830705,20.566935780324,11.5117870202499
50.5350535053505,3.3337641486277,20.5644625022176,11.5119281499239
50.5450545054505,3.33386870471189,20.5626692601524,11.5097514430687
50.5550555055506,3.33507610520852,20.5615332350847,11.507754401974
50.5650565056506,3.33998360310563,20.5553938110846,11.5065182660873
50.5750575057506,3.33738271588327,20.5522912052109,11.5057561981446
50.5850585058506,3.33838028936426,20.54737225069,11.5047188163711
50.5950595059506,3.33641445453384,20.5423908836693,11.4989017440223
50.6050605060506,3.3361389378015,20.5391543041719,11.4974985578181
50.6150615061506,3.33176257033322,20.5339459746931,11.4972853570263
50.6250625062506,3.33195839647881,20.5287653688345,11.4943026253514
50.6350635063506,3.33151985242506,20.5255506003513,11.4950493513495
50.6450645064506,3.33298082609887,20.5203534198294,11.4953263298806
50.6550655065507,3.33463152091603,20.5162575668716,11.4910013703711
50.6650665066507,3.33566706873384,20.5120827983934,11.4913611451603
50.6750675067507,3.33849407510737,20.5041779705195,11.4888397645808
50.6850685068507,3.34030870080067,20.4999216527874,11.4889344521658
50.6950695069507,3.33959419832526,20.4960065100605,11.4860987368988
50.7050705070507,3.33694371646956,20.4959191331637,11.4879211038352
50.7150715071507,3.34010010199154,20.4962222911856,11.4841046428416
50.7250725072507,3.34220115177223,20.4900219758938,11.4837216694856
50.7350735073507,3.33974723995267,20.4891843127556,11.478564028878
50.7450745074507,3.33902845036619,20.4876886765661,11.4767881334578
50.7550755075508,3.34179170272181,20.4833086474129,11.477745074723
50.7650765076508,3.34305978666175,20.4790096842755,11.4751548647432
50.7750775077508,3.34404340665472,20.4754843131365,11.4678345867317
50.7850785078508,3.34461967620522,20.4719257019755,11.4659437620971
50.7950795079508,3.35045147422231,20.4657801442938,11.4672541952099
50.8050805080508,3.34817338882343,20.4619140538871,11.4678214755851
50.8150815081508,3.34757427975838,20.4546926201442,11.4654379845961
50.8250825082508,3.34903874940989,20.4572748047898,11.467080688675
50.8350835083508,3.35293332317182,20.4537795977291,11.4642238389882
50.8450845084508,3.3526320873005,20.4516533290512,11.4630227514225
50.8550855085509,3.35364868296001,20.446151622165,11.4634839754175
50.8650865086509,3.35560844500441,20.4375719626073,11.4653435121757
50.8750875087509,3.35560584511364,20.4374139602929,11.4637860227967
50.8850885088509,3.35433386319311,20.4325539378124,11.4603129382258
50.8950895089509,3.35473163039186,20.429709774826,11.4565119369233
50.9050905090509,3.35518725545111,20.4296221167566,11.4583663929028
50.9150915091509,3.35771960365032,20.4238029519218,11.456807806489
50.9250925092509,3.35658060592357,20.4209007387926,11.4507867358864
50.9350935093509,3.35825029994202,20.4180010891457,11.4505085272883
50.9450945094509,3.35593116619929,20.4163194696567,11.4479702585831
50.955095509551,3.35590662593808,20.4136063311401,11.445100707219
50.965096509651,3.35603025440523,20.4111278679399,11.4408051369602
50.975097509751,3.35722094467923,20.403786235199,11.4381614206137
50.985098509851,3.35832803626373,20.402714883055,11.4392148149291
50.995099509951,3.35631066655818,20.3990711476039,11.4380344960015
51.005100510051,3.35680068890849,20.3954432845452,11.4355155923956
51.015101510151,3.35686804065649,20.3919894357765,11.4358241728941
51.025102510251,3.35625455925377,20.3919003754881,11.4423016251725
51.035103510351,3.35620318011776,20.3876466209849,11.4410439566247
51.045104510451,3.35855764753582,20.3826204600189,11.4413670915336
51.0551055105511,3.35888707834766,20.3762155677752,11.4373713232586
51.0651065106511,3.35945785296381,20.3750672032275,11.435238193621
51.0751075107511,3.36009155580913,20.3753480052894,11.4311510658763
51.0851085108511,3.3587843373111,20.3724571219214,11.4278710556845
51.0951095109511,3.35763821242265,20.3713815184361,11.4297616791273
51.1051105110511,3.35612735026092,20.3681012169762,11.4298160735884
51.1151115111511,3.35776514913425,20.3621108242867,11.4318007787108
51.1251125112511,3.35581110520989,20.3601277756606,11.4315007381815
51.1351135113511,3.3533076292709,20.35615114081,11.4296052883562
51.1451145114511,3.35584076927672,20.3513079596491,11.4291765163095
51.1551155115512,3.35355249124322,20.3459811447719,11.4282318626826
51.1651165116512,3.35132700734779,20.3402040003432,11.4275705313166
51.1751175117512,3.35302919388874,20.3355380578511,11.4262995181847
51.1851185118512,3.35257627890946,20.3335573000687,11.4199943022425
51.1951195119512,3.35298090903717,20.3322694085874,11.4178217873191
51.2051205120512,3.34957340817998,20.3300880331536,11.4211954615235
51.2151215121512,3.34814728013662,20.3232025430799,11.4187711153432
51.2251225122512,3.34827907998146,20.3157361410609,11.4170317394792
51.2351235123512,3.34718399210884,20.3098209166815,11.4117005682408
51.2451245124512,3.3434134807867,20.3060594834681,11.4094220687855
51.2551255125513,3.34107975777673,20.3034708197213,11.4066411430649
51.2651265126513,3.34553425635905,20.3054689406646,11.4081137040236
51.2751275127513,3.34214431394682,20.3023956960686,11.4096749965352
51.2851285128513,3.33972297448594,20.3032435120873,11.4093497581267
51.2951295129513,3.34198965248692,20.2995351763571,11.4053569861973
51.3051305130513,3.34229013317249,20.2943278026316,11.402258498641
51.3151315131513,3.34185578322772,20.2853527711738,11.4003460485746
51.3251325132513,3.33954285959527,20.278075202714,11.4010149365371
51.3351335133513,3.3389296542767,20.2748005761947,11.4001799289314
51.3451345134513,3.33662065506697,20.2696188947531,11.4019498942762
51.3551355135514,3.33687247263428,20.2650473026366,11.40015452457
51.3651365136514,3.33531447164419,20.2612659181763,11.3995665050449
51.3751375137514,3.33465529561433,20.2608199754236,11.4009736923058
51.3851385138514,3.33583626298235,20.2597997101783,11.3988735890544
51.3951395139514,3.33410699457341,20.2605643321395,11.3959036926483
51.4051405140514,3.33329425337216,20.260676761939,11.3934113525392
51.4151415141514,3.33189341997644,20.2581721760263,11.3938448330352
51.4251425142514,3.33284725120374,20.2561381402376,11.3944478778882
51.4351435143514,3.33420632062272,20.2535385291659,11.3944362300625
51.4451445144514,3.33245066266962,20.2481615906613,11.395056706512
51.4551455145515,3.33552121782214,20.246175946849,11.3941592117223
51.4651465146515,3.33459341703147,20.2463395890945,11.3930675753378
51.4751475147515,3.33514951355329,20.2447849141639,11.3885274529681
51.4851485148515,3.33854617199285,20.2400142936123,11.3900809793769
51.4951495149515,3.33745918294751,20.2362915457468,11.3905775838494
51.5051505150515,3.33724089270325,20.2322579918701,11.3915803898335
51.5151515151515,3.33440547633412,20.2293695022869,11.3891336851272
51.5251525152515,3.33517176781594,20.2273469156669,11.3898597518191
51.5351535153515,3.33631709960783,20.2217580022502,11.390881541313
51.5451545154515,3.33499020327372,20.2147190546519,11.3912230701839
51.5551555155516,3.3330065265024,20.2124420995257,11.3892161451479
51.5651565156516,3.33094028720289,20.2079389894762,11.3846532455673
51.5751575157516,3.33052486757427,20.2036685330266,11.3811976521335
51.5851585158516,3.32890518080354,20.2006898446051,11.38076054863
51.5951595159516,3.33081145371004,20.1968040843583,11.3835817689639
51.6051605160516,3.33061991546939,20.1893978273436,11.3796687870145
51.6151615161516,3.32678106897035,20.1854647640389,11.379334361802
51.6251625162516,3.33110794566226,20.1837553295688,11.3759254962
51.6351635163516,3.32824342452264,20.1797872461546,11.3736948345922
51.6451645164516,3.32972619571667,20.1740514084937,11.3727927308822
51.6551655165517,3.32773321295717,20.1745209544513,11.373150649764
51.6651665166517,3.3279433132629,20.1752831859652,11.3726599650424
51.6751675167517,3.33002797086081,20.1698209079749,11.3739539105568
51.6851685168517,3.33072004605346,20.1665924766809,11.3722930992072
51.6951695169517,3.33016279260722,20.1610695393925,11.3705405943982
51.7051705170517,3.32980475455518,20.1586350730416,11.3679190805158
51.7151715171517,3.32935928892165,20.1545367932408,11.3646910508272
51.7251725172517,3.32881777743334,20.1496789767729,11.3646155892767
51.7351735173517,3.32694207850795,20.1464717223283,11.3664820851528
51.7451745174517,3.32538166643982,20.1406384806726,11.364289197395
51.7551755175518,3.32494058150493,20.1364034072614,11.3670941848054
51.7651765176518,3.32638941340645,20.1325942489803,11.366439432067
51.7751775177518,3.32622873784005,20.1276973965382,11.3634469826508
51.7851785178518,3.3244796865363,20.1235415904873,11.3605621316374
51.7951795179518,3.32578303499221,20.1188713080092,11.3566071071448
51.8051805180518,3.32724460139351,20.1154824479765,11.3568747811982
51.8151815181518,3.32890318173917,20.1140793465795,11.3530510094904
51.8251825182518,3.3307342845458,20.1123000724415,11.3520434954507
51.8351835183518,3.3284462433857,20.1070348688784,11.3512406854791
51.8451845184518,3.32766137547986,20.1040645849847,11.3472085333117
51.8551855185519,3.33000531743084,20.0989346718452,11.3451209360153
51.8651865186519,3.32953412180527,20.096589454095,11.3430495967841
51.8751875187519,3.33130478922124,20.0916481598486,11.342096975862
51.8851885188519,3.33496508134001,20.0878980240367,11.3424908872791
51.8951895189519,3.33450974640928,20.0864990468109,11.3431289721832
51.9051905190519,3.33322907474272,20.0818601150304,11.3436276293789
51.9151915191519,3.33025205655302,20.0769400059974,11.3400992174709
51.9251925192519,3.32942902142139,20.0743514886245,11.3408700620205
51.9351935193519,3.32828266523207,20.0675354432679,11.3396527567838
51.9451945194519,3.33223254294684,20.0678486021856,11.337914456112
51.955195519552,3.33180139199121,20.0653979485874,11.3418726653913
51.965196519652,3.33336605306146,20.0615220883297,11.3428573279974
51.975197519752,3.33001899957994,20.0555235711753,11.3438767000966
51.985198519852,3.3295962842436,20.0510881248769,11.3428031910865
51.995199519952,3.33098773422148,20.048422284801,11.3417860513771
52.005200520052,3.33392078803161,20.0425134433408,11.3348812687345
52.015201520152,3.33569023192799,20.0385326027833,11.3344027189282
52.025202520252,3.33303844740082,20.0365616380121,11.334573989682
52.035203520352,3.33348060778462,20.0317377652624,11.3379916308141
52.045204520452,3.32977534713164,20.0266231684473,11.3416648528514
52.0552055205521,3.32956364662111,20.0212863324118,11.3403625876901
52.0652065206521,3.32937701163561,20.0190024537075,11.3402444987728
52.0752075207521,3.32758461524507,20.0172294988019,11.335416865297
52.0852085208521,3.32877217851373,20.0115820994272,11.3340577650068
52.0952095209521,3.32821971625912,20.008524615308,11.3305581727066
52.1052105210521,3.32859384440183,20.0067818793236,11.3276925713237
52.1152115211521,3.32853472803487,20.0069573596003,11.3260402392197
52.1252125212521,3.32918210190009,20.0041766165034,11.3252653753849
52.1352135213521,3.32743614730151,20.0012285947155,11.3227688530492
52.1452145214521,3.32914453302042,20.0008941133582,11.318027163583
52.1552155215522,3.33065259117393,19.9972975226288,11.3146262416644
52.1652165216522,3.33256333522531,19.9911878288217,11.3112350112178
52.1752175217522,3.33057818747324,19.9842141940842,11.3088175934498
52.1852185218522,3.33209670885391,19.9828560760517,11.309114540645
52.1952195219522,3.33084825136338,19.9833173258727,11.3062528949399
52.2052205220522,3.32999662261657,19.977279005415,11.3044444114669
52.2152215221522,3.32899012343488,19.9734521421715,11.3059673985909
52.2252225222522,3.33092620444383,19.9687257763701,11.3033212694262
52.2352235223522,3.33117240552287,19.9630771567443,11.3045781063103
52.2452245224522,3.33175190669161,19.9597451001204,11.303493986682
52.2552255225523,3.33335856258204,19.9565722615759,11.2987980839699
52.2652265226523,3.33359291599322,19.9525323985015,11.2990325583824
52.2752275227523,3.33090070712762,19.9452072930281,11.2965882863547
52.2852285228523,3.33397237755811,19.9404043516125,11.2968418689606
52.2952295229523,3.33278689280775,19.939983408619,11.29623584656
52.3052305230523,3.33426682344951,19.9362619517849,11.2980117871912
52.3152315231523,3.33450929739111,19.9334591986353,11.2985161209488
52.3252325232523,3.3363842709781,19.9319074041248,11.2966176662298
52.3352335233523,3.33550085889807,19.9293299672556,11.2954526383058
52.3452345234523,3.33439647801398,19.9268830809308,11.2927801246164
52.3552355235524,3.33689305622284,19.9213149695105,11.2914179331932
52.3652365236524,3.33658462616892,19.919551342048,11.2928848716958
52.3752375237524,3.33657802812809,19.9159688833392,11.2950194038626
52.3852385238524,3.33651588790862,19.9119721804944,11.2938474495509
52.3952395239524,3.33895923827033,19.9090716772155,11.2945679484679
52.4052405240524,3.33780429724213,19.9079576624944,11.2937147399157
52.4152415241524,3.33681599687091,19.902986019403,11.286404340994
52.4252425242524,3.33674322596636,19.9005132739009,11.2819747764516
52.4352435243524,3.33590061327142,19.8995537932129,11.2776118944604
52.4452445244524,3.33488272823869,19.8985308692072,11.2760037008151
52.4552455245525,3.33738916681973,19.8917638128377,11.2793782931557
52.4652465246525,3.34102916800348,19.88735087713,11.2767243596012
52.4752475247525,3.34164043879194,19.8826713659164,11.2790049966426
52.4852485248525,3.34296034947012,19.8782484349956,11.2817374703812
52.4952495249525,3.34108329018067,19.876200585275,11.2800492936959
52.5052505250525,3.3429443638152,19.8723232297661,11.281005167441
52.5152515251525,3.34183703430966,19.8693010707028,11.2806432606581
52.5252525252525,3.34423523096349,19.8661721242077,11.2775490364391
52.5352535253525,3.34759455924611,19.8643669623918,11.2777288175635
52.5452545254525,3.34796908611949,19.8603813426489,11.2805924583787
52.5552555255526,3.34836794597083,19.8589054172433,11.2794586828291
52.5652565256526,3.35007729904087,19.8568363451624,11.2806741858202
52.5752575257526,3.34955079672889,19.8520992822095,11.2815064397344
52.5852585258526,3.348438617662,19.8483518320521,11.278983854221
52.5952595259526,3.34810761247702,19.8466268822847,11.2755333512137
52.6052605260526,3.34609161234009,19.8453432583671,11.2732476878887
52.6152615261526,3.34527143155178,19.8421887202157,11.2728993849976
52.6252625262526,3.34572433780863,19.8373915790716,11.2704500363034
52.6352635263526,3.3454249014313,19.8340990809519,11.2704426854456
52.6452645264526,3.34378042599505,19.8321465968732,11.2664767415027
52.6552655265527,3.34449181731049,19.8246863593385,11.2627284074869
52.6652665266527,3.34455944640591,19.8214031087692,11.2642240569537
52.6752675267527,3.34607439234692,19.8197945066418,11.263678597648
52.6852685268527,3.3460790674151,19.8143128415051,11.2640226192185
52.6952695269527,3.35155607899593,19.8115202556233,11.2658325749688
52.7052705270527,3.35030476686346,19.8060891441903,11.2682402328988
52.7152715271527,3.35102748584548,19.8055534650732,11.2675034574801
52.7252725272527,3.35451458793289,19.8020101554568,11.2619705478989
52.7352735273527,3.35521861554753,19.7987607706062,11.2621994576654
52.7452745274527,3.35653803306452,19.7964071434161,11.2624762630343
52.7552755275528,3.35718203829179,19.7919608028968,11.2648733710248
52.7652765276528,3.35732770707986,19.7912793707608,11.261959135431
52.7752775277528,3.3585466871674,19.7907798076176,11.2632032137813
52.7852785278528,3.35921130482486,19.7835829398488,11.2623089043715
52.7952795279528,3.3598597024422,19.7768711514658,11.2621704880678
52.8052805280528,3.36037652392369,19.7713098852036,11.2584541228208
52.8152815281528,3.35801102044553,19.7701242582892,11.2573626848002
52.8252825282528,3.35409220329533,19.7639104582644,11.2582329177369
52.8352835283528,3.35624645563603,19.7599872233988,11.2573814441062
52.8452845284528,3.35610051192853,19.7577269963569,11.2556706552126
52.8552855285529,3.35469803836271,19.7545063046026,11.2545698807208
52.8652865286529,3.35418502157133,19.7514008887733,11.2528432778003
52.8752875287529,3.35467044224008,19.7492061048316,11.253005982205
52.8852885288529,3.3569231385442,19.7437995559175,11.2541104021389
52.8952895289529,3.35705386344656,19.7447443876891,11.2503913802812
52.9052905290529,3.35562691666708,19.7413920235168,11.2513350423354
52.9152915291529,3.35833357921457,19.7376879988335,11.2500115835164
52.9252925292529,3.36132205653823,19.7356173455376,11.252962059191
52.9352935293529,3.35849930897589,19.7355246562979,11.2533981125918
52.9452945294529,3.36182546519858,19.7358927923398,11.2556711389428
52.955295529553,3.36227931129405,19.7341425971553,11.252967867735
52.965296529653,3.36041586118741,19.7314261852757,11.249629417559
52.975297529753,3.3616549464016,19.7238743052568,11.2482624745904
52.985298529853,3.35916675102254,19.7241455894692,11.2485742905462
52.995299529953,3.36161474500934,19.7216986221703,11.2450872298584
53.005300530053,3.35960694010038,19.7187265981742,11.2410069979015
53.015301530153,3.35961247930265,19.7160250987196,11.2380012855118
53.025302530253,3.36111776761347,19.7131997629139,11.2357961811241
53.035303530353,3.36181769723345,19.7100563774765,11.2346875871047
53.045304530453,3.36108690354257,19.7090754846925,11.2330882056114
53.0553055305531,3.35845622784034,19.7071344540867,11.229848268624
53.0653065306531,3.35462470745021,19.7034537438066,11.2318485083399
53.0753075307531,3.35287560339259,19.7029794780329,11.231730100714
53.0853085308531,3.35267929512036,19.7014675522937,11.2316052308299
53.0953095309531,3.35173766908006,19.6963156068853,11.2310296977717
53.1053105310531,3.35559012548394,19.6945191423649,11.2305324833435
53.1153115311531,3.3554363891384,19.6942393279687,11.229294481358
53.1253125312531,3.35543504511395,19.691751698437,11.2296437483849
53.1353135313531,3.35327640846533,19.6899696263943,11.2273327842223
53.1453145314531,3.35468282662804,19.6866508272158,11.2262923942795
53.1553155315532,3.35485327035964,19.6829404975597,11.2214247953905
53.1653165316532,3.35571093449606,19.6826560676081,11.2172453490681
53.1753175317532,3.35655572187665,19.6776734068309,11.2176061358067
53.1853185318532,3.35940261454261,19.6748539232348,11.2153550551297
53.1953195319532,3.36163420156986,19.6721413058888,11.2132417811863
53.2053205320532,3.35959854066918,19.6693484549777,11.2094838298978
53.2153215321532,3.35945494081757,19.6680134653592,11.2079592661198
53.2253225322532,3.36069236837264,19.665553444488,11.2087793787693
53.2353235323532,3.35832419751723,19.6620845454253,11.2066711330441
53.2453245324532,3.35911670050285,19.6556536185763,11.2066417758907
53.2553255325533,3.35765000919277,19.6536207738448,11.2059074687474
53.2653265326533,3.35541720577894,19.6510227577919,11.2040284207537
53.2753275327533,3.35395951319047,19.6467897294647,11.2006917006382
53.2853285328533,3.35224583720489,19.6429997002698,11.199015076259
53.2953295329533,3.3509411327241,19.6405547688248,11.1982842117116
53.3053305330533,3.35283534787906,19.6368896024002,11.1993376085418
53.3153315331533,3.3498048130543,19.6358405735194,11.1969318741558
53.3253325332533,3.34904324908677,19.6319570007843,11.1950120703439
53.3353335333533,3.34896180948556,19.6295687793907,11.1926073273178
53.3453345334533,3.34845141762339,19.6260581452306,11.1932669483393
53.3553355335534,3.35105933502142,19.621735301378,11.19239255328
53.3653365336534,3.35428374135092,19.6181283832514,11.1942498140391
53.3753375337534,3.35186903227792,19.6133156747562,11.1929633691915
53.3853385338534,3.35183025948314,19.6105094967222,11.192872869086
53.3953395339534,3.34820033348307,19.6083227604192,11.1933535687051
53.4053405340534,3.34475459264361,19.6080691359889,11.1913780662254
53.4153415341534,3.34511335071604,19.6068816190675,11.1927520170316
53.4253425342534,3.34614298156303,19.6045880644812,11.1939352175299
53.4353435343534,3.34463388299146,19.6021021200944,11.1897953625567
53.4453445344534,3.34188267674632,19.5951177091798,11.1880040878895
53.4553455345535,3.34087337788197,19.5920393519353,11.185483897389
53.4653465346535,3.34091176040337,19.5890455227824,11.1831198652793
53.4753475347535,3.34304759537699,19.5854217553481,11.1790433809839
53.4853485348535,3.34229690799244,19.5864000664741,11.1769202402912
53.4953495349535,3.34357453543866,19.5794205776852,11.1734144074077
53.5053505350535,3.34531151720382,19.5740754018222,11.1720257611556
53.5153515351535,3.34584105892573,19.5720159153516,11.1725482608754
53.5253525352535,3.34423414512787,19.5699342933364,11.1747093921314
53.5353535353535,3.34066806050463,19.5659028227126,11.1756435693348
53.5453545354535,3.34112789909298,19.5619886247437,11.1731005271031
53.5553555355536,3.3397673641039,19.5571120673193,11.1720376744021
53.5653565356536,3.33888513998861,19.5546365498224,11.1659776061671
53.5753575357536,3.33940135850289,19.553220452085,11.1622719961611
53.5853585358536,3.33638834611935,19.5456401540725,11.1617098943081
53.5953595359536,3.33690454213765,19.5433287063073,11.1591793639678
53.6053605360536,3.3375764196528,19.5443223676089,11.1553350223721
53.6153615361536,3.33736671203367,19.5420091666084,11.1585874634132
53.6253625362536,3.34100358577179,19.5412849303908,11.1575366843701
53.6353635363536,3.34411749601889,19.5369517599937,11.1550353842739
53.6453645364536,3.34310085342704,19.5323939071522,11.1514575819628
53.6553655365537,3.33982765537062,19.5277413543237,11.1532890589159
53.6653665366537,3.34054087974666,19.5262465878393,11.1531772920131
53.6753675367537,3.33866869672471,19.5207459906523,11.1531784620587
53.6853685368537,3.33988050508868,19.5182565387503,11.1512414376303
53.6953695369537,3.3432600386568,19.516017558327,11.1497188958892
53.7053705370537,3.34470098129079,19.5133172561561,11.1453734292797
53.7153715371537,3.3425138874004,19.5117987101781,11.141677873597
53.7253725372537,3.34193012741751,19.5091712366128,11.1445055984905
53.7353735373537,3.34406109190857,19.5060403832872,11.144293970351
53.7453745374537,3.34573059229175,19.5026256824411,11.1466284131054
53.7553755375538,3.34678519221353,19.4980449345526,11.1478169358719
53.7653765376538,3.35123312640317,19.4930862766079,11.1475817783847
53.7753775377538,3.35220475833519,19.4904227319426,11.1489743622623
53.7853785378538,3.34965312696729,19.4856415282113,11.1491922286177
53.7953795379538,3.34785202271037,19.4837737137749,11.1480493208876
53.8053805380538,3.34556306397916,19.4791917264743,11.1448266167666
53.8153815381538,3.34782606842698,19.4736428282447,11.141754581312
53.8253825382538,3.34840573895945,19.4715488548333,11.1424338021168
53.8353835383538,3.34871135924752,19.4681200654603,11.1422144799455
53.8453845384538,3.35136097342547,19.466669104202,11.1432984212608
53.8553855385539,3.35336537088086,19.4660355423135,11.1389196877202
53.8653865386539,3.3523183142258,19.4647377342197,11.1379054902926
53.8753875387539,3.35141897963185,19.4630436456841,11.1363843266653
53.8853885388539,3.35187769997543,19.464029184189,11.1360433318396
53.8953895389539,3.35151205392307,19.4570665861153,11.1346597445275
53.9053905390539,3.3521869128221,19.4551045517387,11.1290563996192
53.9153915391539,3.35078773184446,19.4553812182527,11.1299936659506
53.9253925392539,3.34921310848766,19.4521203401788,11.1302902856957
53.9353935393539,3.34992955724473,19.4496765678079,11.1279363808361
53.9453945394539,3.35038459220086,19.4444541554444,11.1251546367458
53.955395539554,3.35292457824554,19.4430179805446,11.1239456801363
53.965396539654,3.3530695325813,19.4417348603636,11.1193654434652
53.975397539754,3.35376446761974,19.440666367764,11.1189565397673
53.985398539854,3.35733364402995,19.4371966523117,11.1182543277839
53.995399539954,3.35551299962318,19.43404485216,11.1182055062333
54.005400540054,3.3590911971365,19.428849301344,11.1194716428456
54.015401540154,3.35791677540319,19.4287101663969,11.1189766136937
54.025402540254,3.35775729258523,19.4261193059304,11.113510466306
54.035403540354,3.35754394358934,19.4228293527627,11.1123991529162
54.045404540454,3.35841916622598,19.4193080096085,11.1120973728742
54.0554055405541,3.35765742828735,19.4201379767095,11.1082239448181
54.0654065406541,3.35779641312068,19.4151327183498,11.1084643382282
54.0754075407541,3.35817745800813,19.41236576781,11.1094411800298
54.0854085408541,3.35933019463202,19.4120595182679,11.1061843881686
54.0954095409541,3.35875734346857,19.4114570855469,11.1058352429024
54.1054105410541,3.35694971667269,19.4062005080737,11.1061482914718
54.1154115411541,3.35522881123101,19.4023327136729,11.1000334292993
54.1254125412541,3.35200823811758,19.4025551468575,11.0998744027513
54.1354135413541,3.35063602125009,19.4052795164334,11.096939666436
54.1454145414541,3.34930543139227,19.4047502406296,11.097382989215
54.1554155415542,3.3486819063991,19.4021902514737,11.0999065711746
54.1654165416542,3.34751119231108,19.3994442855909,11.097240206394
54.1754175417542,3.34579114055452,19.3976734921973,11.096407341367
54.1854185418542,3.34745531741685,19.3972681120373,11.0951683059269
54.1954195419542,3.34765819502216,19.3964262265408,11.0926542876987
54.2054205420542,3.34649791323446,19.3934651077238,11.0895219447689
54.2154215421542,3.34871247760991,19.3918269478629,11.0880583764419
54.2254225422542,3.3511780087801,19.3878473486766,11.0855161353638
54.2354235423542,3.3549295642214,19.3864366489639,11.085825111555
54.2454245424542,3.35245410850034,19.384116019502,11.0846938518388
54.2554255425543,3.35238357093803,19.3863909714009,11.0833547601148
54.2654265426543,3.35326520355338,19.3862256781669,11.0837661064586
54.2754275427543,3.35198581465058,19.380163805705,11.083093502745
54.2854285428543,3.35117845976521,19.3756042132535,11.0817832119587
54.2954295429543,3.35376244259413,19.3689959571726,11.0832112909154
54.3054305430543,3.35150459779601,19.364381726235,11.0837996448634
54.3154315431543,3.35248405588923,19.35833600526,11.0827657865171
54.3254325432543,3.35336016286586,19.3533754785933,11.0815171077545
54.3354335433543,3.35129665803484,19.3526537065264,11.0815396381192
54.3454345434543,3.35144625988278,19.3480925436457,11.0806527620731
54.3554355435544,3.35087890145006,19.342753919303,11.0798720264437
54.3654365436544,3.34720969860059,19.3383025345214,11.0793637313634
54.3754375437544,3.34776702072963,19.3368204824637,11.0769232390987
54.3854385438544,3.34474183434109,19.3345623416842,11.0745990587574
54.3954395439544,3.34517147121653,19.3313323743376,11.0741096155318
54.4054405440544,3.3449529382481,19.3309474787073,11.0719092033519
54.4154415441544,3.34485392330653,19.328025683012,11.0710737497677
54.4254425442544,3.34548102953432,19.3236792345572,11.0693953882187
54.4354435443544,3.34265611326724,19.3217271459261,11.0710210239529
54.4454445444544,3.3416608197336,19.3185121906223,11.0692708779042
54.4554455445545,3.3405201581931,19.3174204113012,11.0696833443333
54.4654465446545,3.33712664656364,19.316011540318,11.0690377343751
54.4754475447545,3.33639502738022,19.3151626578903,11.0673923804506
54.4854485448545,3.33569576884718,19.31036854532,11.066550324707
54.4954495449545,3.33525419930215,19.3093060008032,11.0665160591137
54.5054505450545,3.33529295183521,19.3101877066557,11.0655311686157
54.5154515451545,3.3367687843232,19.3059655128896,11.0635256526265
54.5254525452545,3.33530023621217,19.3037923232728,11.0632586304204
54.5354535453545,3.33760238682798,19.3025501162001,11.0653077677816
54.5454545454545,3.33802300747357,19.298572473131,11.0666000450613
54.5554555455546,3.33976266995983,19.2965118423228,11.0641890911099
54.5654565456546,3.33690696919098,19.2956558854736,11.0626533346578
54.5754575457546,3.33795185692331,19.2933678884048,11.0656600351564
54.5854585458546,3.33524261923342,19.2875084333738,11.0643580271768
54.5954595459546,3.33555046912467,19.2815027005556,11.065001269072
54.6054605460546,3.33405454088019,19.2803364198277,11.0635347976672
54.6154615461546,3.3341137672688,19.2768300551858,11.0604800034681
54.6254625462546,3.33330470671787,19.2787998008101,11.063855516618
54.6354635463546,3.33424892500611,19.2741708396402,11.0634053518949
54.6454645464546,3.3377028503191,19.2709419357121,11.0594040190479
54.6554655465547,3.33908053431295,19.265608770768,11.058331730408
54.6654665466547,3.33915950075532,19.2635412638321,11.0566928467097
54.6754675467547,3.33773607744178,19.2600543349579,11.0529241395994
54.6854685468547,3.34264544312664,19.2533439014152,11.0524643238721
54.6954695469547,3.34244247496168,19.2494308397397,11.0501292342143
54.7054705470547,3.34130813077861,19.2475560408776,11.0491273982678
54.7154715471547,3.34291073270698,19.241068784191,11.0523198881411
54.7254725472547,3.34492132945929,19.2371897591572,11.0536460998299
54.7354735473547,3.34413075439173,19.2357557107398,11.0512711911595
54.7454745474547,3.34279554993205,19.2318598893204,11.050232102254
54.7554755475548,3.34419921597636,19.2309046695992,11.0476385637757
54.7654765476548,3.34431181104332,19.2308936583444,11.0477557445062
54.7754775477548,3.34659111684248,19.2294173719697,11.0469274615481
54.7854785478548,3.34419357185494,19.2300091486503,11.0449150932348
54.7954795479548,3.34507613376368,19.2265148198706,11.0453636139596
54.8054805480548,3.34199847305606,19.2249047068289,11.0438149361918
54.8154815481548,3.33989393020436,19.2227500261523,11.0420973388216
54.8254825482548,3.34102119342288,19.2194501363982,11.0392495310498
54.8354835483548,3.34230330239908,19.2183548247709,11.0416160346805
54.8454845484548,3.3449175595418,19.2144415029207,11.0372084797027
54.8554855485549,3.34086732382769,19.2112599732223,11.0390400370918
54.8654865486549,3.34448431121151,19.2108036687212,11.0386845934871
54.8754875487549,3.34068611978175,19.2082807773032,11.0373204258078
54.8854885488549,3.34232716600025,19.2079237089288,11.0378141874927
54.8954895489549,3.3407239310914,19.2000352052257,11.0358089326137
54.9054905490549,3.33828539634857,19.1991963215171,11.0313187849502
54.9154915491549,3.33527877427814,19.1958199762336,11.0305573337347
54.9254925492549,3.33425644407856,19.1919848472132,11.0299137105016
54.9354935493549,3.33010449391217,19.1901986465727,11.0286976032858
54.9454945494549,3.33006292515171,19.1867170024057,11.0239948855311
54.955495549555,3.33258788444192,19.1852108439672,11.0239015161773
54.965496549655,3.33170635238693,19.1857302096428,11.0257957951218
54.975497549755,3.33104862852465,19.1867484390205,11.0264652422109
54.985498549855,3.33189441234845,19.1830423236336,11.0261263054789
54.995499549955,3.33442155997356,19.1808600106167,11.0238477268539
55.005500550055,3.3312369683921,19.1797948231235,11.0213057021443
55.015501550155,3.33241820449926,19.1784135462512,11.0199121566069
55.025502550255,3.33385559709603,19.1755607585155,11.019829677915
55.035503550355,3.33188069703688,19.1678396877031,11.0197532602997
55.045504550455,3.33323019050167,19.1680145350858,11.0176695740221
55.0555055505551,3.33582281417648,19.164369414278,11.0178175136187
55.0655065506551,3.33307880270783,19.1643553689167,11.0184159874375
55.0755075507551,3.33051972729343,19.1633844483195,11.0196821188895
55.0855085508551,3.32995350476633,19.1587839745543,11.0203354050077
55.0955095509551,3.32905455246316,19.1562838741422,11.0212853568499
55.1055105510551,3.3262291127895,19.1530202635927,11.0237579908982
55.1155115511551,3.32993060894837,19.1495885157608,11.0238913215252
55.1255125512551,3.32570859255746,19.1478731900789,11.0251765066712
55.1355135513551,3.32485909478675,19.1465583907865,11.0268738467037
55.1455145514551,3.3238274378612,19.1472130018157,11.0261718845197
55.1555155515552,3.32442754257745,19.1420167688141,11.0247215755167
55.1655165516552,3.32780354924095,19.1386922900391,11.0242278754019
55.1755175517552,3.33273092598709,19.13562885461,11.0251904798738
55.1855185518552,3.33317251842009,19.1368226767797,11.0212099915593
55.1955195519552,3.33347841614228,19.1340216204353,11.0195848300841
55.2055205520552,3.33547908018965,19.1295373918799,11.0228300262585
55.2155215521552,3.33295324742097,19.1240266250269,11.0202379807303
55.2255225522552,3.33313387096843,19.1240440904753,11.0192144535002
55.2355235523552,3.33482061189149,19.1215761738241,11.0178749274253
55.2455245524552,3.33491857693443,19.1180519918457,11.0178302459366
55.2555255525553,3.33503160797618,19.1139383204712,11.0157744244213
55.2655265526553,3.33578527579063,19.1118549562708,11.0176041733839
55.2755275527553,3.33689988791011,19.1063011728096,11.0127206028982
55.2855285528553,3.33689928665195,19.1041697865878,11.011957591262
55.2955295529553,3.33640611495679,19.0996677195696,11.0122448316293
55.3055305530553,3.33532371968454,19.0965297326961,11.0109985918207
55.3155315531553,3.33267424355774,19.0931130031341,11.0099913317328
55.3255325532553,3.33068261491512,19.0912123029176,11.0103743858247
55.3355335533553,3.33063769250193,19.0885092169652,11.0091819113671
55.3455345534553,3.33552684629865,19.0862663281863,11.0079464773929
55.3555355535554,3.33747664343279,19.0849733709696,11.0055324132834
55.3655365536554,3.33524166878948,19.0800938444004,11.0065242178081
55.3755375537554,3.33210379710359,19.0765871473848,11.0077417220646
55.3855385538554,3.3277306327338,19.0710904962976,11.0025402011787
55.3955395539554,3.33213032902606,19.0666753532289,11.0041496698294
55.4055405540554,3.33032925407353,19.0641265291851,11.0040067276799
55.4155415541554,3.32799666193692,19.0651686699094,11.0018401698481
55.4255425542554,3.32747595617032,19.0636898153294,11.0044307581536
55.4355435543554,3.32916120343926,19.0659394916833,11.0033696724701
55.4455445544554,3.33063048849913,19.0646121368421,11.0010280165714
55.4555455545555,3.33151936919124,19.0622564077919,11.0024842929082
55.4655465546555,3.3310599128306,19.0599452330998,11.002073232438
55.4755475547555,3.33312887468814,19.0549719928075,11.0012927672939
55.4855485548555,3.32926244368354,19.0556215561925,11.0000217655734
55.4955495549555,3.32805737377773,19.0529546457047,11.0008921325395
55.5055505550555,3.32951654402983,19.051228556978,10.9967662122319
55.5155515551555,3.32845166379059,19.0487312379404,10.9936020654788
55.5255525552555,3.32689855491652,19.046903790058,10.9909898717703
55.5355535553555,3.32599145151579,19.0451220401716,10.9934549719632
55.5455545554555,3.32815103946845,19.0452305196145,10.9966186236951
55.5555555555556,3.32966183907874,19.0417981578127,10.9955673295104
55.5655565556556,3.32970225974507,19.038978167923,10.995244673998
55.5755575557556,3.33112769833374,19.0366757995287,10.9932621694728
55.5855585558556,3.33475504718617,19.0339446898515,10.9944480500684
55.5955595559556,3.33536424872067,19.0301043307994,10.9926629529665
55.6055605560556,3.33439348878804,19.0288477075816,10.9903290948483
55.6155615561556,3.3334615034634,19.0213732457493,10.9920223880458
55.6255625562556,3.33342921286492,19.0204225042635,10.9923177758249
55.6355635563556,3.3328636473713,19.0198910522371,10.9934441992523
55.6455645564556,3.33438167702934,19.014661012494,10.9930251688112
55.6555655565557,3.33506919499393,19.0105784820786,10.9932945381547
55.6655665566557,3.33485423577134,19.0072867838442,10.9911941962033
55.6755675567557,3.33750540801787,19.0019057701608,10.9914429812453
55.6855685568557,3.33911990963041,18.9995011141039,10.9897804974271
55.6955695569557,3.34003869314788,18.9985081981009,10.9899372716072
55.7055705570557,3.3380795731212,18.9982147048245,10.9863270018667
55.7155715571557,3.33844824738268,18.9958520800276,10.9843316958105
55.7255725572557,3.33424146075072,18.9913119818204,10.987066238941
55.7355735573557,3.33517063002505,18.9916099275583,10.9885117645058
55.7455745574557,3.33875669745687,18.9869399121289,10.9894661052381
55.7555755575558,3.3366157551788,18.9856826256013,10.9866056984165
55.7655765576558,3.33840815106933,18.9795635196901,10.9845804882695
55.7755775577558,3.34164871215133,18.9772542084131,10.9792511659534
55.7855785578558,3.34216258169789,18.972308327481,10.9812106336067
55.7955795579558,3.34384766467933,18.9691623124561,10.97717752513
55.8055805580558,3.33911430284478,18.9691785223927,10.9762620677794
55.8155815581558,3.34315903142488,18.9679005855436,10.9730478860703
55.8255825582558,3.33866018460224,18.9659813925757,10.970657504475
55.8355835583558,3.34042058121426,18.9623052774026,10.9715690099011
55.8455845584558,3.34077775355073,18.9588559529873,10.9716144017505
55.8555855585559,3.33967502159768,18.9571254635596,10.9692849370978
55.8655865586559,3.34091680216248,18.9560161945652,10.9649491576748
55.8755875587559,3.34183634924915,18.9543207463646,10.9614012739362
55.8855885588559,3.33766003421662,18.9517538610588,10.9614065954819
55.8955895589559,3.33587066578195,18.9488650455817,10.9579188902762
55.9055905590559,3.3364738854702,18.9464442622161,10.9596809162154
55.9155915591559,3.33855092054122,18.9441328031201,10.9608762758803
55.9255925592559,3.34006616748229,18.941321799472,10.9611672612565
55.9355935593559,3.33819566216385,18.9380326263298,10.9620898004343
55.9455945594559,3.33787478604686,18.9380198001262,10.9625172171916
55.955595559556,3.33433297341389,18.9340144453826,10.9597335370402
55.965596559656,3.33350250213134,18.9319618633544,10.9587678574219
55.975597559756,3.32878941767502,18.9302732457991,10.9577542383133
55.985598559856,3.32910829998221,18.9274135508064,10.956036858704
55.995599559956,3.32922795616941,18.9243101916732,10.9546955129562
56.005600560056,3.33084024253495,18.9206863329906,10.9518661079453
56.015601560156,3.33346179047404,18.9227731826512,10.9475017937728
56.025602560256,3.33474894426278,18.9191286254086,10.9463284376854
56.035603560356,3.33811764897551,18.9187909538727,10.945362617514
56.045604560456,3.3372535686761,18.9186805478512,10.9457502387341
56.0556055605561,3.33721761519012,18.9191125622944,10.9435738149363
56.0656065606561,3.34101831157608,18.9208484407136,10.9439206233422
56.0756075607561,3.33883658124345,18.9185620322439,10.943669096977
56.0856085608561,3.33988542158575,18.9159526529052,10.9434483150093
56.0956095609561,3.34353025941054,18.9111017103084,10.9425705359393
56.1056105610561,3.34348133893959,18.9054542145174,10.942626702223
56.1156115611561,3.34096433211877,18.9046696715141,10.9419907231529
56.1256125612561,3.33830992424239,18.9079316552366,10.94037801002
56.1356135613561,3.33741493987898,18.9031663284508,10.9377100379263
56.1456145614561,3.33535504951157,18.9031467434475,10.9384259579082
56.1556155615562,3.33566815840087,18.9017214928162,10.938344002881
56.1656165616562,3.33580673170699,18.9005175983221,10.9403748660973
56.1756175617562,3.33954816998992,18.899170078826,10.9435511837729
56.1856185618562,3.33907624639433,18.8980715983795,10.9406070351219
56.1956195619562,3.33697132207432,18.8955663329656,10.939427895404
56.2056205620562,3.33400956140463,18.8921074879073,10.9422285981317
56.2156215621562,3.33025640391328,18.8900598521826,10.9398638516307
56.2256225622562,3.32982491704942,18.8884208088426,10.9445335071893
56.2356235623562,3.32988454610041,18.8839417856267,10.9458914410283
56.2456245624562,3.32961992630331,18.8831466791916,10.9454704749956
56.2556255625563,3.33036937196146,18.88074939822,10.9431683995093
56.2656265626563,3.32937188477878,18.8807473524374,10.9401401479233
56.2756275627563,3.32765068001923,18.8774251922719,10.9410771582936
56.2856285628563,3.33024604150895,18.8745346678786,10.9417745489746
56.2956295629563,3.33205695160896,18.8715228552814,10.9422636822254
56.3056305630563,3.3346524150751,18.8679151178811,10.9400267466377
56.3156315631563,3.33502651870868,18.866343499162,10.9415738389735
56.3256325632563,3.33273807354006,18.8697373936744,10.9403916607128
56.3356335633563,3.33215821847581,18.8648783233328,10.9376408085445
56.3456345634563,3.33083452146645,18.8637254550095,10.9371820612868
56.3556355635564,3.32994732989043,18.8614661204941,10.9393509462739
56.3656365636564,3.33287475040171,18.8590097554669,10.9368710710556
56.3756375637564,3.33188347715264,18.8590863770644,10.9369662573458
56.3856385638564,3.33218208400538,18.8569682254108,10.9361444907613
56.3956395639564,3.33248670489592,18.8532903684378,10.9380966981791
56.4056405640564,3.33647769711736,18.8523638580755,10.9386255392268
56.4156415641564,3.33846633637236,18.8480293431269,10.9337607181069
56.4256425642564,3.33652857366551,18.8503820198564,10.9308317962649
56.4356435643564,3.33973723344701,18.8474894362996,10.9331875930814
56.4456445644564,3.34123909100308,18.8463096715219,10.9361741733136
56.4556455645565,3.34235103144011,18.8478770319537,10.9345540664677
56.4656465646565,3.34470978428208,18.8443459546598,10.9398480356924
56.4756475647565,3.34702755608256,18.8401052186161,10.93822701313
56.4856485648565,3.35103638371401,18.8347638724,10.9379810842867
56.4956495649565,3.34960611248155,18.8321158578746,10.937770542072
56.5056505650565,3.34460500753653,18.8274259171072,10.9405717903406
56.5156515651565,3.34143725168884,18.8275659796505,10.9391574318592
56.5256525652565,3.34239862360005,18.8247506194021,10.9372596910917
56.5356535653565,3.34284212019146,18.8214364126848,10.939171087061
56.5456545654565,3.34475923413818,18.8194860456993,10.9360964880965
56.5556555655566,3.34447071881449,18.8179487530138,10.9360749891516
56.5656565656566,3.34572459720646,18.814928071428,10.9374206799083
56.5756575657566,3.3487703069133,18.8160823097318,10.936751063782
56.5856585658566,3.34801724455675,18.8128623676298,10.9362016505473
56.5956595659566,3.34787158712893,18.8127184942597,10.9365965853195
56.6056605660566,3.34578032086466,18.8092815937733,10.933890500903
56.6156615661566,3.34718168859269,18.8073472684123,10.9333177796945
56.6256625662566,3.34709759610961,18.8080664564994,10.9282207399499
56.6356635663566,3.34826309626411,18.8096911038992,10.9298248246483
56.6456645664566,3.35248890592203,18.8088824940304,10.9279861150112
56.6556655665567,3.35398126614682,18.8098422940221,10.9264134468957
56.6656665666567,3.35453865369197,18.8066760470487,10.9246217576176
56.6756675667567,3.35358872145148,18.8035364187012,10.9251833851612
56.6856685668567,3.35088182299646,18.8035313485948,10.9257378401878
56.6956695669567,3.35143305726149,18.8011077952594,10.924784583005
56.7056705670567,3.35398747695227,18.8011334303489,10.9220483851657
56.7156715671567,3.35281507003435,18.7995421117741,10.9242645639328
56.7256725672567,3.35276675016105,18.798030825365,10.9200910448952
56.7356735673567,3.35104145148646,18.791131672223,10.9174293345906
56.7456745674567,3.35375315966116,18.7866219248364,10.9145084535584
56.7556755675568,3.35668896326612,18.7838182777417,10.9089825957564
56.7656765676568,3.35533520762353,18.7800150878238,10.9060678195537
56.7756775677568,3.3553804286522,18.7764590558592,10.9064901975698
56.7856785678568,3.35533548760577,18.7730864817799,10.90668570699
56.7956795679568,3.3557635389765,18.7679997547179,10.9059108386026
56.8056805680568,3.35415602903121,18.7689770791371,10.903653198577
56.8156815681568,3.35486026797091,18.7699394526766,10.9034445476598
56.8256825682568,3.35266183377024,18.76833501543,10.8992054580926
56.8356835683568,3.35169954221442,18.7637625927326,10.9009383298629
56.8456845684568,3.35290995625234,18.762900186546,10.9001557880132
56.8556855685569,3.35488654137849,18.760225441766,10.9013089116627
56.8656865686569,3.35529984354244,18.7596240720824,10.9008228393759
56.8756875687569,3.35688663253788,18.7574856294518,10.9006058742409
56.8856885688569,3.35946396601379,18.7577045590821,10.8991815009167
56.8956895689569,3.36063500669918,18.7584298532085,10.8998170681648
56.9056905690569,3.35901473798885,18.7567729104711,10.9017568808324
56.9156915691569,3.36035350328032,18.7537658504973,10.9021888088235
56.9256925692569,3.36364440513961,18.7495830508508,10.8998038561908
56.9356935693569,3.36023621159947,18.7476270432343,10.8974332554903
56.9456945694569,3.35922559770549,18.746411067034,10.8931250343405
56.955695569557,3.35778456891805,18.7483334374856,10.8956535116749
56.965696569657,3.35971038065067,18.7463030042368,10.8937565797742
56.975697569757,3.35750279420809,18.7400882866247,10.8962872235821
56.985698569857,3.35405789113921,18.7421110520069,10.8976000812428
56.995699569957,3.35414755554751,18.7429011421513,10.8967103008462
57.005700570057,3.35545165106757,18.7410650871437,10.8974709657697
57.015701570157,3.35604247191589,18.7375755571638,10.8959030322595
57.025702570257,3.35397986011657,18.7365246442508,10.8965383253308
57.035703570357,3.3535934564688,18.7317446338985,10.893598065081
57.045704570457,3.35842651639141,18.7308296305549,10.8924165358964
57.0557055705571,3.35788312133786,18.7301662529506,10.8948806678081
57.0657065706571,3.35492458219717,18.7282923049226,10.8925095139662
57.0757075707571,3.35812347251613,18.7215322527859,10.8888546481416
57.0857085708571,3.35362396045942,18.7188993625399,10.8913017840906
57.0957095709571,3.35198564120592,18.715913712323,10.8967559466699
57.1057105710571,3.35357632813635,18.711954237499,10.8978795293102
57.1157115711571,3.35584997410753,18.7072891283477,10.8974012796619
57.1257125712571,3.35585843458502,18.7058218868522,10.8980082457005
57.1357135713571,3.3567182862725,18.705103006463,10.8951002607828
57.1457145714571,3.35396052568255,18.7036940236774,10.8927149851173
57.1557155715572,3.34981504355426,18.7037076324225,10.8927602517546
57.1657165716572,3.34799951954002,18.7007976387961,10.8913333391624
57.1757175717572,3.34876137431325,18.697707039866,10.8912458475269
57.1857185718572,3.35012578496223,18.6951943177147,10.8900751759445
57.1957195719572,3.34779362176318,18.6918274582062,10.8918077546723
57.2057205720572,3.35011646440113,18.6898517272675,10.889455409877
57.2157215721572,3.35077745798192,18.6897284835522,10.884305186465
57.2257225722572,3.35427743472175,18.6882503864062,10.8857412431634
57.2357235723572,3.35231481402129,18.6845291385416,10.8865270165114
57.2457245724572,3.35005318774103,18.6814203959937,10.8858971441357
57.2557255725573,3.3478814961871,18.675481887256,10.8833283018348
57.2657265726573,3.34593792114996,18.6746723170302,10.8827642122006
57.2757275727573,3.34826274779231,18.6738731427488,10.881260768293
57.2857285728573,3.34876615978214,18.6749996021609,10.8801880811542
57.2957295729573,3.34493217430198,18.6748842144366,10.8793346148
57.3057305730573,3.34598620485565,18.6691540876683,10.8797097541512
57.3157315731573,3.34441259438181,18.667108364752,10.8825910409577
57.3257325732573,3.34531306805376,18.6678035299758,10.8828990560904
57.3357335733573,3.34219751405195,18.6649337836508,10.8841788489769
57.3457345734573,3.34092299376118,18.6616366997664,10.8841091134503
57.3557355735574,3.34423581243793,18.6589913022141,10.8852815749336
57.3657365736574,3.34741204880968,18.6561805187958,10.8820151803891
57.3757375737574,3.34752562562758,18.6530513251693,10.8822151734842
57.3857385738574,3.34966461571585,18.6520818917628,10.8853291918753
57.3957395739574,3.34841327478945,18.6508012909394,10.8833071464706
57.4057405740574,3.3498634738231,18.6511073106672,10.8791156347136
57.4157415741574,3.35044662510491,18.6520366019688,10.8810436050661
57.4257425742574,3.34981391923963,18.6480749286312,10.8798596969454
57.4357435743574,3.35151516493263,18.6465058338443,10.8804740989287
57.4457445744574,3.34835290202387,18.643070505301,10.877652343286
57.4557455745575,3.35143068464475,18.6416428451113,10.8775838018228
57.4657465746575,3.34989035866969,18.6396018620689,10.8750600195434
57.4757475747575,3.35073145529792,18.6382228614768,10.8731223213954
57.4857485748575,3.35003705688475,18.6320791902233,10.8734339097924
57.4957495749575,3.3496933725071,18.6299829426946,10.8680174245026
57.5057505750575,3.35043942387962,18.6329865211111,10.8686696977004
57.5157515751575,3.34660027964113,18.6320859916487,10.8664037025977
57.5257525752575,3.34521496068058,18.6290698064687,10.8644110621568
57.5357535753575,3.34523946830571,18.6259040969499,10.8622911511572
57.5457545754575,3.34824498585463,18.6236061741844,10.8596369544487
57.5557555755576,3.34819315556292,18.6232829038249,10.858060387444
57.5657565756576,3.34870920598345,18.6204860570269,10.8575364171382
57.5757575757576,3.34911016909875,18.6185665970498,10.8569812585287
57.5857585758576,3.34827950604271,18.617652417691,10.8567933520724
57.5957595759576,3.34856491102523,18.6173077461275,10.8556754220906
57.6057605760576,3.35082452249632,18.6151357258138,10.8568468043105
57.6157615761576,3.3503318925657,18.6160756930928,10.8579971704223
57.6257625762576,3.34782446958718,18.611837487201,10.8574649600034
57.6357635763576,3.34891522925782,18.6079035682653,10.855651469047
57.6457645764576,3.35098689951866,18.6047987152035,10.8561924530396
57.6557655765577,3.35308194129317,18.6035640583173,10.8562078489064
57.6657665766577,3.35505927150588,18.6002704964677,10.8555373401688
57.6757675767577,3.3557940216832,18.5975141353302,10.8559096785763
57.6857685768577,3.35586260695877,18.5962501680407,10.8571105402375
57.6957695769577,3.35626704543032,18.5948902194219,10.8583414823131
57.7057705770577,3.35428011050988,18.5915834459865,10.8547247150088
57.7157715771577,3.35585002032086,18.5882248440881,10.8532477829583
57.7257725772577,3.35696806244504,18.5868053313897,10.8544448325654
57.7357735773577,3.35699203019142,18.584650507511,10.8567984296282
57.7457745774577,3.35866167970664,18.5842066343432,10.8523742516039
57.7557755775578,3.35933075923165,18.5822272617246,10.8537575567465
57.7657765776578,3.3563936375201,18.5811095250836,10.8536257338645
57.7757775777578,3.35778298046204,18.5801314210163,10.8546011317773
57.7857785778578,3.35746858342646,18.5760773580114,10.8523489639075
57.7957795779578,3.35659300327908,18.5754887622073,10.8536202016064
57.8057805780578,3.35418449841664,18.5760749156121,10.8532847132077
57.8157815781578,3.35581362370702,18.5739719865438,10.8536953664666
57.8257825782578,3.35653333442084,18.5748791380497,10.8516531390347
57.8357835783578,3.35751728832909,18.5734930322253,10.8474113222848
57.8457845784578,3.35821278816134,18.5761492561203,10.8512155554651
57.8557855785579,3.35541118933241,18.5758562595963,10.8475341546939
57.8657865786579,3.35508508716308,18.5717958497447,10.847295521499
57.8757875787579,3.35546486953908,18.5710335644398,10.8456852724644
57.8857885788579,3.35314194495503,18.5676136335439,10.8426119621495
57.8957895789579,3.35336801023548,18.5637309090214,10.8424874884376
57.9057905790579,3.35292019095151,18.5626229253229,10.8409697555588
57.9157915791579,3.35497411860395,18.560755749772,10.8417774255373
57.9257925792579,3.35576515565869,18.5571498803947,10.8411397957357
57.9357935793579,3.35712225589858,18.5531023411301,10.8355477153579
57.9457945794579,3.35698271666824,18.5467644482004,10.8341264702335
57.955795579558,3.3574104976311,18.544696389082,10.8345274053102
57.965796579658,3.35670565874191,18.5431080529112,10.8370682858502
57.975797579758,3.359364689546,18.5417558540005,10.8357816836292
57.985798579858,3.35767244975312,18.5404847322113,10.8394413071057
57.995799579958,3.35732702024049,18.5420136797356,10.8381526557014
58.005800580058,3.35459121746374,18.5381034059717,10.8368687409994
58.015801580158,3.35663646689536,18.5334735275532,10.8389612584124
58.025802580258,3.35539648895273,18.5329476111199,10.8360342080782
58.035803580358,3.3564863853009,18.5324991092046,10.8347410648307
58.045804580458,3.35562100007503,18.5325489614597,10.8334609974311
58.0558055805581,3.35339279673965,18.5314393857871,10.832942266396
58.0658065806581,3.35317916112597,18.528194908421,10.8322377423796
58.0758075807581,3.35153877392761,18.5248414951466,10.8315259257868
58.0858085808581,3.35355540154811,18.5219696881076,10.8297102065019
58.0958095809581,3.35265254063233,18.5166356214844,10.8279986867591
58.1058105810581,3.35291919668033,18.5151205900219,10.8275408307183
58.1158115811581,3.35085180026953,18.5120804461054,10.8286268233332
58.1258125812581,3.35127620655815,18.5095806197534,10.8250717916709
58.1358135813581,3.3519657416222,18.5060084643412,10.8244465792732
58.1458145814581,3.35074739096449,18.5033345950485,10.8225754336948
58.1558155815582,3.34794652210626,18.5043188567583,10.8246360212182
58.1658165816582,3.34919264002989,18.5020501764738,10.8222591587406
58.1758175817582,3.34976405060239,18.502159673067,10.8220919435661
58.1858185818582,3.34898063925527,18.5002920797012,10.8220995170912
58.1958195819582,3.34786287878304,18.499497605504,10.8226272194794
58.2058205820582,3.34724634056483,18.4980604275054,10.8204051573182
58.2158215821582,3.34305052619982,18.4930422901498,10.8192036314102
58.2258225822582,3.34383737472214,18.4871778817515,10.8149901432017
58.2358235823582,3.34375496363519,18.4843411848471,10.8134846701196
58.2458245824582,3.34588107367202,18.4839982064583,10.8111465855458
58.2558255825583,3.34761828841743,18.4819327400777,10.8094271757428
58.2658265826583,3.34560512431956,18.4796475395565,10.8108997468299
58.2758275827583,3.34496591947767,18.4780048128077,10.8097990757114
58.2858285828583,3.34585135620673,18.4760853036129,10.8081903003456
58.2958295829583,3.34803881796635,18.4761210405984,10.8069719731059
58.3058305830583,3.34545128394607,18.4722903594421,10.8036029560871
58.3158315831583,3.34423518616176,18.4701427514271,10.8044780827982
58.3258325832583,3.34248369772749,18.466087544252,10.7988066518362
58.3358335833583,3.34307195818094,18.4616369608092,10.7972641093707
58.3458345834583,3.34401110645107,18.4602893740306,10.7956094242652
58.3558355835584,3.34098168935998,18.4582006773825,10.7967943911437
58.3658365836584,3.33977298332726,18.4578557464856,10.7976415295946
58.3758375837584,3.33667880358656,18.4524300595828,10.7977505969589
58.3858385838584,3.33798934377291,18.4521885620475,10.7976513593533
58.3958395839584,3.33828988266833,18.4495575237721,10.7974766816885
58.4058405840584,3.33894133167899,18.4510367515368,10.7934319885939
58.4158415841584,3.34166641705844,18.4461315856667,10.7933388709222
58.4258425842584,3.33920954783647,18.4463121231418,10.7906505239559
58.4358435843584,3.34176732756854,18.4480765389946,10.7902788497424
58.4458445844584,3.34395034319969,18.4465230575454,10.7871535353061
58.4558455845585,3.34098179724851,18.4429752884743,10.7833791005134
58.4658465846585,3.33987766352057,18.4441627232015,10.7835086536603
58.4758475847585,3.34117828843343,18.4421818862846,10.7828654625104
58.4858485848585,3.34365161520255,18.4422376689736,10.7815907953236
58.4958495849585,3.34371021667441,18.4426762947282,10.7784925987976
58.5058505850585,3.34339780125446,18.4398324374653,10.7779619493586
58.5158515851585,3.34234038334521,18.4397825173981,10.776932850945
58.5258525852585,3.34376089571269,18.4419777873903,10.7757644990471
58.5358535853585,3.34369248114431,18.4407137275527,10.7769748497962
58.5458545854585,3.34711504151268,18.4413730740987,10.7795927671655
58.5558555855586,3.34571344920556,18.4397882813618,10.776416416123
58.5658565856586,3.34553935348302,18.4412303446875,10.7758086023912
58.5758575857586,3.34705865355585,18.4449854764102,10.7759617436987
58.5858585858586,3.34309017264328,18.4444011682714,10.7779972320956
58.5958595859586,3.34304968129516,18.4409686016646,10.7758200440951
58.6058605860586,3.33995520305092,18.4387045124113,10.7768396160397
58.6158615861586,3.34049406629834,18.4370319772878,10.7749300737746
58.6258625862586,3.33925723389358,18.4325182198069,10.7776295461112
58.6358635863586,3.33831449378138,18.4293567512139,10.7786612508626
58.6458645864586,3.33925331951537,18.425460325976,10.7806625498565
58.6558655865587,3.34299369683178,18.422850655538,10.7841725095737
58.6658665866587,3.33873366909133,18.4233559341112,10.784870112232
58.6758675867587,3.33845853588411,18.4216108517441,10.7828955520737
58.6858685868587,3.33897697609951,18.4191833290804,10.7845844031384
58.6958695869587,3.33908584946286,18.4201241269035,10.7833941939219
58.7058705870587,3.33760283553416,18.4169763457249,10.785712298673
58.7158715871587,3.33753774654721,18.4173934351584,10.7836282856411
58.7258725872587,3.3375586787969,18.4119926755388,10.7821259598062
58.7358735873587,3.33707274399242,18.408020031903,10.7821739178757
58.7458745874587,3.33469161625849,18.4055907163378,10.7814546235248
58.7558755875588,3.33461807331194,18.4044971492625,10.7822185448177
58.7658765876588,3.33464314813135,18.4018109838892,10.7808854599268
58.7758775877588,3.33396216113733,18.4030838169575,10.7798161497184
58.7858785878588,3.33271800415155,18.4021671814094,10.7804877024926
58.7958795879588,3.33063633188666,18.4012185962678,10.7777024842601
58.8058805880588,3.33008602476164,18.4017347215731,10.7742125209332
58.8158815881588,3.33161726308036,18.3991506755385,10.7755119341923
58.8258825882588,3.32831299908782,18.3964546897039,10.7763392690593
58.8358835883588,3.32865906102316,18.3983988311199,10.7743923736757
58.8458845884588,3.32839983964532,18.3970853142144,10.7729274933722
58.8558855885589,3.32829668722831,18.3977401148945,10.7696568540097
58.8658865886589,3.33035455733642,18.3954153887432,10.7715815817693
58.8758875887589,3.32999239705996,18.3920065257123,10.7729409613187
58.8858885888589,3.32991255020126,18.3904095192471,10.7738168407974
58.8958895889589,3.33002716399547,18.3906019633538,10.767811161336
58.9058905890589,3.32733658406466,18.3889000001389,10.7661392614994
58.9158915891589,3.32217234196903,18.3885150269251,10.7625938550403
58.9258925892589,3.32209493401005,18.3865127029606,10.7632656118912
58.9358935893589,3.32267236588372,18.3840739225678,10.7647726705118
58.9458945894589,3.32325632461294,18.3828539204611,10.7608559907092
58.955895589559,3.32182126962882,18.3787686083569,10.7585533438553
58.965896589659,3.32350914903014,18.376623878345,10.7581231286029
58.975897589759,3.32302256424726,18.3766224842938,10.7588256476747
58.985898589859,3.32340605112625,18.376171015121,10.7573490588879
58.995899589959,3.32734500358989,18.3735567723438,10.7582757122432
59.005900590059,3.3318998558509,18.371092608807,10.7557352248506
59.015901590159,3.33416540177609,18.3704668999738,10.751534827068
59.025902590259,3.33367394400505,18.3697551186603,10.7526955221247
59.035903590359,3.33382030742083,18.3739592079836,10.7547328011352
59.045904590459,3.33767910480345,18.3702362612534,10.7515147695794
59.0559055905591,3.33321938856377,18.3668810720155,10.7527008016532
59.0659065906591,3.33194973914458,18.3654649812699,10.7550194360723
59.0759075907591,3.33287183458033,18.3657039607804,10.7573442467115
59.0859085908591,3.33293364812409,18.3628473161508,10.7565874627301
59.0959095909591,3.32982393608976,18.3610823845039,10.7601650139128
59.1059105910591,3.32800811572048,18.3573470175175,10.7625287701985
59.1159115911591,3.32598574151409,18.3586111204732,10.7654775427571
59.1259125912591,3.32661069247038,18.354580287282,10.7641314133381
59.1359135913591,3.32788027709407,18.3530434085839,10.7644911452322
59.1459145914591,3.32819250951155,18.3511058674754,10.7654952508115
59.1559155915592,3.33157330418195,18.3495296740865,10.7642409682751
59.1659165916592,3.33095187315909,18.3450714403069,10.7632184716444
59.1759175917592,3.33201035231292,18.3443899553639,10.7605951216722
59.1859185918592,3.33087626458388,18.3408627809499,10.758381975813
59.1959195919592,3.32942049021881,18.3379265792133,10.7578351059472
59.2059205920592,3.32958680047458,18.3376088756865,10.7569462429667
59.2159215921592,3.32931068358969,18.3395809468789,10.757315517418
59.2259225922592,3.33028599707665,18.3403640084653,10.754899094602
59.2359235923592,3.33332453138943,18.3368929674261,10.7538086815904
59.2459245924592,3.33398903906502,18.3369829014647,10.7532097705744
59.2559255925593,3.33452601593804,18.3379114783272,10.7534551197552
59.2659265926593,3.33588225815154,18.3351729998978,10.752961532319
59.2759275927593,3.33796594210495,18.3341990834611,10.7510644437301
59.2859285928593,3.33761321646535,18.3294815692497,10.7521059749767
59.2959295929593,3.33922364048465,18.3270244982711,10.7547619189662
59.3059305930593,3.33972613175683,18.3276709353679,10.7553477040769
59.3159315931593,3.33788870047329,18.3275816588352,10.7563101445926
59.3259325932593,3.33785530699364,18.3283443452979,10.7557372407412
59.3359335933593,3.33494288154217,18.3239924381329,10.7551767230459
59.3459345934593,3.33222980513223,18.3233687621981,10.7581852027089
59.3559355935594,3.32817803862259,18.3231610343522,10.7557402588642
59.3659365936594,3.32596485533394,18.3221785093811,10.7544156078895
59.3759375937594,3.32682600792881,18.322329037312,10.752570508697
59.3859385938594,3.3258307274211,18.3201046511208,10.7513701641579
59.3959395939594,3.32433717178176,18.3174048975619,10.7495718387942
59.4059405940594,3.32664206011258,18.3177318537148,10.7504884998569
59.4159415941594,3.32586262792026,18.3179250658571,10.7521182120812
59.4259425942594,3.32694189981537,18.3138511155824,10.7509157046403
59.4359435943594,3.32705635389423,18.314094172091,10.7524354327831
59.4459445944594,3.32663233498678,18.3121179216464,10.7491364780268
59.4559455945595,3.32892976275743,18.3107847549496,10.7491193233314
59.4659465946595,3.32977760919786,18.3045978231549,10.7520040403504
59.4759475947595,3.3272619466606,18.3006474701151,10.7523423818313
59.4859485948595,3.32789276887709,18.2992639088476,10.7513921996508
59.4959495949595,3.32646630569491,18.2973238527572,10.7517076792526
59.5059505950595,3.32595552122841,18.2963898683718,10.7482658715769
59.5159515951595,3.32891533586316,18.2968194262076,10.7474133102864
59.5259525952595,3.33103957554506,18.2957762076996,10.7500756371393
59.5359535953595,3.33269080958164,18.2928353039493,10.7462479434098
59.5459545954595,3.33188580637628,18.2922070739826,10.7458549084189
59.5559555955596,3.3335054556022,18.2886119831256,10.7473814813436
59.5659565956596,3.33480182921011,18.2895702621546,10.746249745388
59.5759575957596,3.3330519583246,18.2823580959202,10.7439054625416
59.5859585958596,3.33349649563639,18.2772114537088,10.7462701768692
59.5959595959596,3.33195794082716,18.2742175194812,10.7455230859295
59.6059605960596,3.33166179927469,18.2701434305178,10.7451478395708
59.6159615961596,3.32903810996285,18.2661094175928,10.746760578866
59.6259625962596,3.32849292744916,18.2666827550645,10.741216358353
59.6359635963596,3.32844419243604,18.2654983753572,10.739184863276
59.6459645964596,3.3287193514355,18.2646833282076,10.7410105255866
59.6559655965597,3.32801071094834,18.2633721443503,10.7407556501775
59.6659665966597,3.32868045908966,18.2640908478584,10.7392907943475
59.6759675967597,3.32536205688019,18.2652103077232,10.7383121409882
59.6859685968597,3.32855200188122,18.2660935098949,10.736266440914
59.6959695969597,3.32867366715146,18.2673843704032,10.7359522703016
59.7059705970597,3.32985147457079,18.2667285731914,10.7383293895626
59.7159715971597,3.33338547681258,18.2626011056433,10.7397728737854
59.7259725972597,3.33272795625212,18.2636928342872,10.7388426838314
59.7359735973597,3.33312314703759,18.2637039960827,10.7373524470627
59.7459745974597,3.32877847339002,18.2590340795162,10.7379756502166
59.7559755975598,3.32779962290269,18.2595214835379,10.7372217733553
59.7659765976598,3.32673617652287,18.2547426563105,10.7332089528105
59.7759775977598,3.32573196602662,18.2537314269285,10.736434566811
59.7859785978598,3.3252155823001,18.2544420323552,10.7383939144785
59.7959795979598,3.32490486332651,18.2490326779879,10.7385853045332
59.8059805980598,3.32079252453795,18.2485208401329,10.7390296672684
59.8159815981598,3.32414022091068,18.2487827816886,10.7389787131206
59.8259825982598,3.32349456884552,18.2484185068654,10.7390998681742
59.8359835983598,3.32265319435231,18.2484208828352,10.7378145874621
59.8459845984598,3.32075888899483,18.244491792479,10.7362025946195
59.8559855985599,3.31906391785471,18.2408856692323,10.738985320244
59.8659865986599,3.32033233382696,18.2397518135396,10.7407103312473
59.8759875987599,3.32278645986415,18.238464547024,10.7392944471408
59.8859885988599,3.32469379301943,18.2330904499237,10.7406937057411
59.8959895989599,3.32328721082315,18.2313489463128,10.7364656442694
59.9059905990599,3.32129143158687,18.2279414770383,10.7350792325927
59.9159915991599,3.31972943245382,18.2273300463918,10.7327582741388
59.9259925992599,3.32282482476174,18.2284533570445,10.7294154681514
59.9359935993599,3.3215746207715,18.2299617029672,10.7283142326467
59.9459945994599,3.32094505271138,18.2287093113464,10.723768287569
59.95599559956,3.3226425199446,18.228133930871,10.7234329403342
59.96599659966,3.32133083414483,18.2240856357412,10.7208881584343
59.97599759976,3.32375366474673,18.2230618935598,10.722616241779
59.98599859986,3.32730749600613,18.2215887307464,10.7195019274307
59.99599959996,3.32667237504459,18.2224677332805,10.7186105390436
60.00600060006,3.32701245684804,18.2200610783739,10.7150717918871
60.01600160016,3.32862156561461,18.2190377759287,10.7145734056836
60.02600260026,3.33084724768973,18.218485872206,10.7139088856538
60.03600360036,3.32928486316374,18.2153088019221,10.7114840396892
60.04600460046,3.33051591966231,18.2147690268275,10.7095545648092
60.0560056005601,3.33024302417113,18.2142560227483,10.7081319603462
60.0660066006601,3.33172460870825,18.2135089329977,10.7074091191095
60.0760076007601,3.33027697710157,18.2148151882195,10.7094012674743
60.0860086008601,3.33084959415774,18.2119452625813,10.7089510848331
60.0960096009601,3.32781437236565,18.2084833171903,10.7070289932467
60.1060106010601,3.33013192996914,18.2068075663945,10.7097592011853
60.1160116011601,3.33007467561273,18.2026998027502,10.7110809178112
60.1260126012601,3.33280242986305,18.2018578409269,10.710938353541
60.1360136013601,3.33250421396711,18.1992298390736,10.7098924055474
60.1460146014601,3.32971710064922,18.1988063690569,10.7082980386989
60.1560156015602,3.32573712735054,18.1971077131985,10.708986011824
60.1660166016602,3.32858636897161,18.1971863643001,10.7102695529567
60.1760176017602,3.32726834367836,18.1952850221455,10.713239501094
60.1860186018602,3.32638524982547,18.1938189345366,10.7124159812273
60.1960196019602,3.32604821407192,18.1949879348027,10.7137315125618
60.2060206020602,3.32609967941836,18.1918224601285,10.7094768692348
60.2160216021602,3.32437033149601,18.1883304143775,10.7086435488846
60.2260226022602,3.32441075614847,18.1864158776517,10.7068873473871
60.2360236023602,3.32280248309206,18.1865222056915,10.7096547017922
60.2460246024602,3.3193218031864,18.1855075999401,10.7130084780059
60.2560256025603,3.32319680065253,18.1859723450693,10.7103344206351
60.2660266026603,3.3250332942768,18.1854746494821,10.7078741551393
60.2760276027603,3.32458587757878,18.184257471146,10.7059137632604
60.2860286028603,3.32599428307218,18.1859979521928,10.7054734915283
60.2960296029603,3.32674258929348,18.1829851572882,10.704229122402
60.3060306030603,3.33077527116733,18.1810076349015,10.7041108375463
60.3160316031603,3.33076323566554,18.1768694094155,10.7019355565111
60.3260326032603,3.33244006631006,18.17432781172,10.7016833567543
60.3360336033603,3.3342469281241,18.1731459267594,10.7000423464317
60.3460346034603,3.33155267940845,18.1725600478854,10.7023275029993
60.3560356035604,3.32894138411001,18.1717859150255,10.6989268150263
60.3660366036604,3.32958564495237,18.1729960900716,10.6981025991284
60.3760376037604,3.33107507373707,18.1730734105288,10.6961442608222
60.3860386038604,3.33124636884559,18.17128151299,10.6957138713717
60.3960396039604,3.32913836009568,18.1745313332015,10.6954878170153
60.4060406040604,3.32770430254393,18.1700651554701,10.6935336036773
60.4160416041604,3.33132042412888,18.1673826409728,10.6884354007711
60.4260426042604,3.33172937044312,18.1670027845127,10.6888562675136
60.4360436043604,3.33416868933745,18.1624220601746,10.6874514403541
60.4460446044604,3.33404746750834,18.1586632600653,10.6856145212109
60.4560456045605,3.334027225686,18.1607113470964,10.6824279826051
60.4660466046605,3.33266959790267,18.1603129232294,10.682833029425
60.4760476047605,3.33552734397305,18.1556753353442,10.6798583498904
60.4860486048605,3.33507949632807,18.1555749031715,10.6789530352704
60.4960496049605,3.3378119851318,18.1531379811935,10.6779682973337
60.5060506050605,3.33811974383602,18.1543570584405,10.6746859207378
60.5160516051605,3.33754055893977,18.1521473569005,10.6724214075039
60.5260526052605,3.33677387757599,18.1505451710032,10.6721978971748
60.5360536053605,3.33500422016487,18.1491857371656,10.6701884416084
60.5460546054605,3.33214270065384,18.150087814284,10.6693858374194
60.5560556055606,3.33262866561753,18.1475281726712,10.6646329287085
60.5660566056606,3.33442943072102,18.1423359637127,10.6656093170203
60.5760576057606,3.33390733221319,18.1414027035669,10.6665393724832
60.5860586058606,3.33279926500995,18.1383641283224,10.6665025642383
60.5960596059606,3.33228609463587,18.1346775391419,10.6667099609116
60.6060606060606,3.33598100136446,18.132294504817,10.6677441425867
60.6160616061606,3.33775419869241,18.1338327763337,10.6645766938167
60.6260626062606,3.33940690037567,18.1321573338543,10.6650331847302
60.6360636063606,3.34135046737464,18.1326373615606,10.6640166145997
60.6460646064606,3.34362005856201,18.1285989453236,10.6629968444582
60.6560656065607,3.34720398647949,18.1311495056366,10.6619438035991
60.6660666066607,3.35102065920051,18.1316495897108,10.661276284703
60.6760676067607,3.35047656801021,18.1282348930953,10.6625359854234
60.6860686068607,3.35024388629247,18.1254915306796,10.6623914131028
60.6960696069607,3.34607453216988,18.124683849047,10.6605679743252
60.7060706070607,3.35075376495497,18.1218669900426,10.6642784199012
60.7160716071607,3.35160203378584,18.121987888271,10.6668528313512
60.7260726072607,3.35342410245462,18.1229911960395,10.6621976944467
60.7360736073607,3.35458150209839,18.1209565460452,10.663591292574
60.7460746074607,3.35266152393412,18.1174342775554,10.6655714248774
60.7560756075608,3.35167786469179,18.1146028891343,10.6672606061835
60.7660766076608,3.34951221557209,18.1123913323586,10.6675207798928
60.7760776077608,3.35316658327133,18.1090262738411,10.6677471078554
60.7860786078608,3.35300781144038,18.1075433331461,10.667884664607
60.7960796079608,3.35324124228071,18.1041816952372,10.6646814299146
60.8060806080608,3.35174607547566,18.1023681115118,10.6630785181818
60.8160816081608,3.35284725508094,18.1013813064062,10.6643363662692
60.8260826082608,3.35088248498019,18.0999465426945,10.6651552275083
60.8360836083608,3.35096127591272,18.0991483164405,10.6619939894902
60.8460846084608,3.34896388525613,18.1000512313464,10.66096353979
60.8560856085609,3.34834593456589,18.0969202013766,10.6609164602567
60.8660866086609,3.3471694434917,18.0935707065043,10.6625063426602
60.8760876087609,3.34604903065476,18.09283191264,10.663738372386
60.8860886088609,3.34607997251506,18.0914811963406,10.6628086451722
60.8960896089609,3.34577852910663,18.0874002983479,10.6624632428336
60.9060906090609,3.3478167032561,18.0845416757831,10.660235942319
60.9160916091609,3.34643656269701,18.0830809487797,10.6608866739179
60.9260926092609,3.34719424528973,18.082090631838,10.6630091337885
60.9360936093609,3.34435881974771,18.0810835269036,10.6601808416794
60.9460946094609,3.34488377875428,18.0782569894994,10.6574251394435
60.956095609561,3.34637296199313,18.079015936671,10.6578128466887
60.966096609661,3.34737748600398,18.0777536283362,10.6581879834894
60.976097609761,3.34683904840311,18.0769817249876,10.659841184123
60.986098609861,3.34687491515055,18.0766402111622,10.6630906825013
60.996099609961,3.34645361210384,18.0747407863339,10.6643001459301
61.006100610061,3.34330734505439,18.075904979754,10.664232870285
61.016101610161,3.33775061367045,18.0738023221898,10.6639397718567
61.026102610261,3.3364385706524,18.0706200423029,10.6624743160386
61.036103610361,3.33868462389526,18.0685262050501,10.665290988606
61.046104610461,3.33736258193908,18.0697737707009,10.6672699823455
61.0561056105611,3.34040819377179,18.0643598178598,10.6669955640708
61.0661066106611,3.33789172477168,18.0629681524935,10.6635923478167
61.0761076107611,3.33518462358798,18.0588989689719,10.6608747584099
61.0861086108611,3.33716140033819,18.058333293385,10.6587114465003
61.0961096109611,3.33615380436846,18.0542223111634,10.6577902760208
61.1061106110611,3.33933558608779,18.0538870496172,10.6588195855712
61.1161116111611,3.33924384990026,18.0519987081278,10.659258512098
61.1261126112611,3.34061015890043,18.0478085765943,10.6581072774413
61.1361136113611,3.34148603486347,18.0433596895938,10.6594043022746
61.1461146114611,3.34036239391378,18.0418510799784,10.6601504877708
61.1561156115612,3.33986655547731,18.0413969816847,10.6561328981244
61.1661166116612,3.33996327587137,18.0358269149122,10.6548624070322
61.1761176117612,3.34099840652288,18.0325960602718,10.6528068228243
61.1861186118612,3.34586876656162,18.0317534891306,10.6516818644705
61.1961196119612,3.34951630624606,18.0315619246351,10.6552251067504
61.2061206120612,3.34716690794427,18.0327800314756,10.655709262753
61.2161216121612,3.34626837625058,18.0313570164852,10.6532950634939
61.2261226122612,3.34584386744322,18.0342247897167,10.6502370660265
61.2361236123612,3.34564320819738,18.0317424637368,10.6508591660141
61.2461246124612,3.34409237123237,18.0302510636175,10.6481535312414
61.2561256125613,3.34213693285703,18.0286029633306,10.6490770223659
61.2661266126613,3.34099090582532,18.0253726701739,10.6509370633835
61.2761276127613,3.3417282982575,18.0262454716169,10.6523757884823
61.2861286128613,3.34246449618314,18.0221506816796,10.6490322014165
61.2961296129613,3.34034140316821,18.0197069135466,10.6452118479081
61.3061306130613,3.33828207391764,18.0242276794478,10.6446004035525
61.3161316131613,3.33608397199192,18.0221942579494,10.6433136197861
61.3261326132613,3.33803979977566,18.0191269835614,10.6451261107903
61.3361336133613,3.33956449446365,18.0176726700103,10.6459449076419
61.3461346134613,3.33850807420804,18.01515590402,10.6471290200325
61.3561356135614,3.33751759845771,18.0189963593559,10.6468036350457
61.3661366136614,3.34180433681498,18.0157160410479,10.6410736522277
61.3761376137614,3.3417599526795,18.0138098672713,10.6429730857907
61.3861386138614,3.34004776356421,18.0139970681009,10.6425224316561
61.3961396139614,3.34392208892751,18.0138974281252,10.6423577582909
61.4061406140614,3.34348450310364,18.0102151890064,10.6425679121923
61.4161416141614,3.34201554078785,18.0107990185686,10.6412972913443
61.4261426142614,3.34004750930918,18.0105391228522,10.638735507985
61.4361436143614,3.33833015388194,18.0057965336341,10.6343297692414
61.4461446144614,3.33741345669985,18.0039420863328,10.6326929414117
61.4561456145615,3.33774126456811,18.0028172897372,10.630563726336
61.4661466146615,3.34033831589937,18.0005227889928,10.6309518096304
61.4761476147615,3.33846703113693,18.0001366499424,10.6287464023118
61.4861486148615,3.33935154861484,18.0015932611945,10.6259549833795
61.4961496149615,3.33912608974493,17.9976977194197,10.6272697350172
61.5061506150615,3.33705394613307,17.9971718247607,10.6247832443199
61.5161516151615,3.33840497392709,17.9976344608826,10.624662879867
61.5261526152615,3.33743686460665,17.9993414352393,10.6250741055787
61.5361536153615,3.33932086001604,17.9977175545071,10.6248836756616
61.5461546154615,3.33646558383198,17.9948633486099,10.6208382631715
61.5561556155616,3.33565153513081,17.9923109430031,10.620300567195
61.5661566156616,3.3367349881842,17.992165387515,10.619146531403
61.5761576157616,3.33703930443529,17.9889021365578,10.62230424244
61.5861586158616,3.34114104558582,17.9902175079135,10.6194198551707
61.5961596159616,3.33754914268513,17.9869691598622,10.6199331932549
61.6061606160616,3.3349338401484,17.9855644913964,10.6183962932099
61.6161616161616,3.33634406683137,17.9856193788156,10.6212642649314
61.6261626162616,3.34040854970495,17.9830427784523,10.6207298726776
61.6361636163616,3.34276932207825,17.9848791631844,10.6216606171448
61.6461646164616,3.34166611660311,17.9872684519861,10.615390177771
61.6561656165617,3.34281701540005,17.9858832256824,10.6123870219798
61.6661666166617,3.3426803360587,17.9853297955372,10.6103474398673
61.6761676167617,3.34131322321701,17.9850741805311,10.6117218176085
61.6861686168617,3.34031843382907,17.9829342161069,10.6093373261834
61.6961696169617,3.34013100814718,17.9822667059859,10.6074628947453
61.7061706170617,3.33820735949877,17.9796071384194,10.6080603171193
61.7161716171617,3.33473302748104,17.9807639350485,10.6065313887505
61.7261726172617,3.33381402523908,17.978023405221,10.6077185415447
61.7361736173617,3.33144635539263,17.9762392684202,10.6082088437067
61.7461746174617,3.33155413487097,17.9760779253572,10.6085494031597
61.7561756175618,3.33227751479058,17.9700027155817,10.6081668365875
61.7661766176618,3.32936566673879,17.9692163439636,10.6061489750695
61.7761776177618,3.33035309671829,17.9677387455439,10.6067971185345
61.7861786178618,3.32848457595908,17.9677184291046,10.6028165230594
61.7961796179618,3.33122394424514,17.9671932040056,10.6021518833192
61.8061806180618,3.33357931316717,17.9682108062582,10.598658700098
61.8161816181618,3.3300394622508,17.9657978548847,10.5951324811352
61.8261826182618,3.32875286539772,17.9661877703527,10.5940875719954
61.8361836183618,3.32975641487883,17.9655366363868,10.592425234572
61.8461846184618,3.32763861650186,17.9672234080028,10.5932267268917
61.8561856185619,3.32568009952101,17.9656689907689,10.5941764200346
61.8661866186619,3.32581264113941,17.962788829012,10.5931027719199
61.8761876187619,3.32388718487071,17.9646495505036,10.5940008355468
61.8861886188619,3.3255565918855,17.9623704446566,10.5923416977403
61.8961896189619,3.32950383484149,17.9622032527666,10.5953397803063
61.9061906190619,3.32984105201645,17.9610481010364,10.5930983334931
61.9161916191619,3.33056426753642,17.9560382931115,10.5901537616053
61.9261926192619,3.33132514672428,17.9521234218821,10.592667071188
61.9361936193619,3.33003417758236,17.9500813908205,10.5917757738327
61.9461946194619,3.32861378882276,17.9464518295441,10.5955798987155
61.956195619562,3.3332481576432,17.9415108132309,10.5966690050751
61.966196619662,3.33489546819712,17.9387228478241,10.5957319400511
61.976197619762,3.33427282257459,17.9396887393061,10.5949547846298
61.986198619862,3.33335477436805,17.9381228055193,10.5990431469672
61.996199619962,3.33550789209342,17.9391145857826,10.5964819659139
62.006200620062,3.33608208217468,17.9380712244358,10.5967703162943
62.016201620162,3.33392343693328,17.9373077470207,10.5964664885944
62.026202620262,3.33177959876908,17.9355631672074,10.5971567243966
62.036203620362,3.33227652433863,17.9345062926968,10.5965569816786
62.046204620462,3.33134892234733,17.9358788612078,10.5974750888188
62.0562056205621,3.3330657978221,17.9357820100223,10.5944794416328
62.0662066206621,3.33158082807525,17.9357455347788,10.5931841468881
62.0762076207621,3.32984705087165,17.935607199962,10.5911266495591
62.0862086208621,3.32938914472919,17.9356026463649,10.594659888102
62.0962096209621,3.32833085243394,17.9337353965616,10.5917288395892
62.1062106210621,3.32891416330455,17.9338838148235,10.592823438789
62.1162116211621,3.33006689137586,17.9342170694736,10.5990579848619
62.1262126212621,3.33019667474998,17.9321472541,10.5998709003364
62.1362136213621,3.32945037450652,17.9323229409907,10.601810333434
62.1462146214621,3.32915405506274,17.9278960192477,10.6036078237329
62.1562156215622,3.32985352775568,17.9247581117494,10.606141930842
62.1662166216622,3.33193228687993,17.9214943111479,10.6078557308384
62.1762176217622,3.33505870351679,17.923493339571,10.6065948238328
62.1862186218622,3.33614827328202,17.9235722941573,10.6072468947556
62.1962196219622,3.33495138047031,17.9251262071523,10.6058609121003
62.2062206220622,3.33618364707295,17.921267170833,10.6085984691939
62.2162216221622,3.33909025204178,17.9205659547356,10.610212105901
62.2262226222622,3.33934574775748,17.917873926306,10.61214651572
62.2362236223622,3.34062245834919,17.9181584075789,10.6156622611669
62.2462246224622,3.33851794864188,17.9190753653486,10.6130069818143
62.2562256225623,3.33546723328952,17.9160770871148,10.6163189749087
62.2662266226623,3.33767016447829,17.9158537076636,10.6135207679228
62.2762276227623,3.33793853600758,17.9112247211821,10.6118701049774
62.2862286228623,3.33823305108193,17.9110348447904,10.611390540371
62.2962296229623,3.33899267349494,17.9107789357299,10.6076278154637
62.3062306230623,3.33765317785666,17.9074430068319,10.6055031647248
62.3162316231623,3.33557956197047,17.906847373315,10.6064895957878
62.3262326232623,3.33454259398498,17.9067640988018,10.605894464847
62.3362336233623,3.33745944421631,17.9060745189199,10.6050479774739
62.3462346234623,3.33821225233581,17.9085283589969,10.6022367593978
62.3562356235624,3.33865362675305,17.9062598501473,10.6010556200929
62.3662366236624,3.34023028787037,17.9053582329841,10.6014939447449
62.3762376237624,3.34083519582072,17.9048066117212,10.602615971772
62.3862386238624,3.3423734561327,17.9023096025588,10.6006401274496
62.3962396239624,3.33980839298358,17.8982523705691,10.5985357040176
62.4062406240624,3.34369967341617,17.8982299597692,10.5969276077445
62.4162416241624,3.34706198294906,17.893018776422,10.5931431643121
62.4262426242624,3.34576391605015,17.89119051853,10.5912813718204
62.4362436243624,3.34604242341908,17.8886819965095,10.5924706994051
62.4462446244624,3.34701420289609,17.8858928461657,10.5936981385097
62.4562456245625,3.34589417003232,17.8822880494846,10.5914269947725
62.4662466246625,3.34592897942213,17.8791913336698,10.5921785930497
62.4762476247625,3.34702501539533,17.876912316816,10.5887177899166
62.4862486248625,3.3478440128524,17.8749825050874,10.5896299901212
62.4962496249625,3.34548597356704,17.873033447479,10.5912236782657
62.5062506250625,3.34518526109049,17.8727279107132,10.5887730944901
62.5162516251625,3.34753286636413,17.8705080561196,10.5889458485617
62.5262526252625,3.34567067647921,17.8691603959313,10.5860163413053
62.5362536253625,3.34611128250983,17.8708733194919,10.584549595943
62.5462546254625,3.35029665725751,17.8657503884604,10.5859254140568
62.5562556255626,3.35050872105638,17.8620594225054,10.58362022558
62.5662566256626,3.35059416536095,17.8590514169612,10.5842679967212
62.5762576257626,3.34920520644622,17.8576497888132,10.5837386016295
62.5862586258626,3.34806561053153,17.8603021032927,10.5773290244228
62.5962596259626,3.34643925798732,17.8605618012181,10.5765205985461
62.6062606260626,3.34903102534768,17.8572076900448,10.5778322496789
62.6162616261626,3.35359934684978,17.8569814667556,10.579312293686
62.6262626262626,3.35458330634363,17.856514250575,10.5817888983279
62.6362636263626,3.35649570057549,17.8581278438226,10.5817189281309
62.6462646264626,3.35627759285702,17.8565502595799,10.5804643521546
62.6562656265627,3.35930973617201,17.8549746363683,10.579324436969
62.6662666266627,3.36043196099834,17.85198399595,10.5778680864882
62.6762676267627,3.3593455591535,17.8524048066581,10.5769704908891
62.6862686268627,3.35891744591307,17.8465054256654,10.5791625650695
62.6962696269627,3.36123456142535,17.8441123416797,10.5790881226237
62.7062706270627,3.36337933356011,17.8433820054022,10.5813295086325
62.7162716271627,3.36013731245483,17.8413375619231,10.5822120590282
62.7262726272627,3.36219453823954,17.8440153883128,10.5836766619589
62.7362736273627,3.36221771726609,17.8434455088794,10.5853215286719
62.7462746274627,3.36363057200689,17.8425080457734,10.5856219728147
62.7562756275628,3.36299567641951,17.8377703095996,10.5878762492764
62.7662766276628,3.35988495328678,17.8338131894369,10.5894569764012
62.7762776277628,3.36224571530781,17.8329267867792,10.5904174387464
62.7862786278628,3.36238856090776,17.8336834345817,10.5878546358641
62.7962796279628,3.36198165562461,17.8331823151014,10.5881476691817
62.8062806280628,3.36009570497692,17.8335334473074,10.5901512204283
62.8162816281628,3.36041733674634,17.8333220357358,10.5893229850821
62.8262826282628,3.35994972090769,17.8323553919555,10.5871426625159
62.8362836283628,3.35858741120835,17.8305313022439,10.5868814384014
62.8462846284628,3.35793407509612,17.8301128155883,10.5866745756878
62.8562856285629,3.35756356645226,17.8301758964723,10.5861970361019
62.8662866286629,3.35903013302493,17.8298743001365,10.5865380435258
62.8762876287629,3.36134031721766,17.8331396291611,10.5890383104218
62.8862886288629,3.35969911689964,17.8342894553695,10.5913045475526
62.8962896289629,3.35966564221537,17.8324391936805,10.5891284757515
62.9062906290629,3.3572259817537,17.8345759768428,10.5848033187711
62.9162916291629,3.35831003991587,17.8338675922393,10.5874609962432
62.9262926292629,3.36144025946614,17.8342935866676,10.5875691846717
62.9362936293629,3.36044903233866,17.8284226988961,10.5876529188713
62.9462946294629,3.3603184844279,17.8255917803682,10.5854724736818
62.956295629563,3.36096651318026,17.8238366127266,10.5855006367749
62.966296629663,3.36017358083611,17.819912623299,10.5869297342748
62.976297629763,3.35892844762538,17.8181197728645,10.5837273052524
62.986298629863,3.35891724930279,17.8140107544538,10.582378994756
62.996299629963,3.35662396719398,17.8123298699683,10.5836707162387
63.006300630063,3.35622316693426,17.8100827098849,10.5821707564873
63.016301630163,3.35605779354386,17.8086021007086,10.5806166360532
63.026302630263,3.35558861979672,17.8078639594803,10.581728021295
63.036303630363,3.35913261983256,17.8067442084091,10.5786542474197
63.046304630463,3.3604959639407,17.8057532934689,10.5798831390792
63.0563056305631,3.35861872840271,17.8009044782023,10.579892693779
63.0663066306631,3.36014521002894,17.8021245264807,10.5825907742076
63.0763076307631,3.35964306337171,17.800017307348,10.5866636794673
63.0863086308631,3.36131722748113,17.7980492576056,10.5835981009005
63.0963096309631,3.36075780816051,17.7967160669879,10.5810405447201
63.1063106310631,3.36266417410181,17.7981734411736,10.5832566715663
63.1163116311631,3.3599460581133,17.7965309609937,10.5830595087713
63.1263126312631,3.35904489042359,17.7957432649369,10.5795577791186
63.1363136313631,3.35615208270001,17.7960634931054,10.5775441326641
63.1463146314631,3.3536192946902,17.7970072497201,10.5789674119266
63.1563156315632,3.35276021929047,17.7961802520647,10.5832325750441
63.1663166316632,3.35126506309576,17.7950017411853,10.5827513573829
63.1763176317632,3.35014961600036,17.7946488457469,10.5800106011697
63.1863186318632,3.34891699584722,17.7941703611692,10.574805249661
63.1963196319632,3.34984493895059,17.7927056712604,10.5711292971116
63.2063206320632,3.34830988236098,17.7892843158795,10.571567146624
63.2163216321632,3.34932825843047,17.789722280052,10.5711364127598
63.2263226322632,3.34981071907627,17.7910158827324,10.5686322562772
63.2363236323632,3.35190877741637,17.7892254275294,10.5692676336671
63.2463246324632,3.35015754292154,17.785620808711,10.5695625124978
63.2563256325633,3.34930130052095,17.7837539716087,10.5692636974809
63.2663266326633,3.35106303889119,17.7790998788707,10.5682140483525
63.2763276327633,3.34679123899716,17.7824977085083,10.5663058914155
63.2863286328633,3.34669665466983,17.7842190691586,10.5637978914859
63.2963296329633,3.34942982469701,17.7834224671165,10.5634455715562
63.3063306330633,3.35038136513203,17.7809211606786,10.566121270463
63.3163316331633,3.34885863208941,17.7789444129352,10.5686373418052
63.3263326332633,3.34586738499291,17.7772475526828,10.5696548739664
63.3363336333633,3.34167742839014,17.7746758253573,10.5690184612918
63.3463346334633,3.34136815305469,17.7718677479527,10.5719982573378
63.3563356335634,3.34086282393727,17.7710869695461,10.5721455232011
63.3663366336634,3.34250014259013,17.7718213282767,10.5719708980174
63.3763376337634,3.34464119284811,17.7716850035493,10.5703833586027
63.3863386338634,3.34393827696449,17.769073505609,10.573696464059
63.3963396339634,3.34386105171838,17.7675871677757,10.572200348881
63.4063406340634,3.34448323824524,17.767238941918,10.5755636744099
63.4163416341634,3.34343618433915,17.765456885417,10.5763429239514
63.4263426342634,3.34175798238566,17.7651263833251,10.5746449023089
63.4363436343634,3.34297273891008,17.7694860593834,10.5730422131055
63.4463446344634,3.34340187504737,17.7699962379257,10.5729805701895
63.4563456345635,3.34042407615246,17.7660932624765,10.5727545046768
63.4663466346635,3.33866677423602,17.7646044121522,10.5718392821204
63.4763476347635,3.34286305250874,17.7689035219204,10.5697669020596
63.4863486348635,3.3384844197845,17.7704213492228,10.5645944341575
63.4963496349635,3.3364798993857,17.76984076631,10.5606677275344
63.5063506350635,3.33906635195044,17.7662391240062,10.5603265914593
63.5163516351635,3.33976945711067,17.7600020473857,10.5571945924406
63.5263526352635,3.33695219373677,17.7584282732511,10.5560507516467
63.5363536353635,3.33470961887453,17.7568294849567,10.5518004039844
63.5463546354635,3.33367480074185,17.7566645183436,10.5531298876895
63.5563556355636,3.33283703599423,17.7581840965293,10.5515608023248
63.5663566356636,3.33416139689941,17.7571645474465,10.5504582829507
63.5763576357636,3.33542043324509,17.7562925481663,10.5517685749559
63.5863586358636,3.33878773966247,17.7513328322331,10.5545464094868
63.5963596359636,3.33869277387249,17.7505150765669,10.5524280635384
63.6063606360636,3.33763558436949,17.7506588920497,10.5507302898293
63.6163616361636,3.3370636315793,17.749797393416,10.5455946119637
63.6263626362636,3.3391752395361,17.749912932009,10.5429406060899
63.6363636363636,3.33375407897593,17.7501556672951,10.5404577481965
63.6463646364636,3.33303952192726,17.7482374029661,10.5361178456139
63.6563656365637,3.33270104592047,17.7465393868483,10.5370125613177
63.6663666366637,3.33191070462991,17.7445766202112,10.5359528978576
63.6763676367637,3.33027245292642,17.743939970522,10.5353438039052
63.6863686368637,3.32884346581842,17.7470869339407,10.5354109546699
63.6963696369637,3.32798394606986,17.7464813964263,10.5379233071906
63.7063706370637,3.3254894249973,17.7414619197554,10.5389287226959
63.7163716371637,3.32414685742081,17.7423141496057,10.5352258268207
63.7263726372637,3.32285678682824,17.7425744877932,10.5334499852766
63.7363736373637,3.32160793805032,17.7405543937517,10.5350473014016
63.7463746374637,3.32048018018909,17.7378699611538,10.5339869818806
63.7563756375638,3.32052378450426,17.7362162271115,10.5351428859916
63.7663766376638,3.31980183450798,17.73512655579,10.5338893172763
63.7763776377638,3.3217564390106,17.7359203983465,10.5360315329466
63.7863786378638,3.32071681037813,17.7340164221253,10.5397372481592
63.7963796379638,3.31917384251379,17.7300288898404,10.538371777144
63.8063806380638,3.32078700886342,17.7258369069369,10.5381651291739
63.8163816381638,3.31960505658144,17.7270533634447,10.5363482939205
63.8263826382638,3.31652086107647,17.7276923239645,10.5397904559025
63.8363836383638,3.31558206265782,17.724868125145,10.5421174156375
63.8463846384638,3.31270901103253,17.7260031557043,10.53934958932
63.8563856385639,3.31776024735355,17.7217335471448,10.5392683078486
63.8663866386639,3.31734442607571,17.719634547171,10.5382741499646
63.8763876387639,3.31926934847508,17.717456489065,10.5393175184476
63.8863886388639,3.32196172730525,17.7165164967564,10.5392232498561
63.8963896389639,3.32062087056735,17.7160829174567,10.5366065529203
63.9063906390639,3.3227838659311,17.7129366749317,10.5345367332648
63.9163916391639,3.32425369076934,17.7117268886512,10.5337104330399
63.9263926392639,3.32485140207384,17.7108639466148,10.5308870380103
63.9363936393639,3.32804129619721,17.7068187258243,10.5317284788294
63.9463946394639,3.32931056524823,17.7055365874882,10.5306578848339
63.956395639564,3.32805076153228,17.6989023844107,10.5333105843466
63.966396639664,3.32902339985627,17.6995354284676,10.5310550902199
63.976397639764,3.33302332731623,17.7010394501557,10.5331167403062
63.986398639864,3.33296283810993,17.6996916612077,10.5342040323907
63.996399639964,3.33217546961073,17.6985013775578,10.5321958317126
64.006400640064,3.33038649254353,17.695962224867,10.5322322355624
64.016401640164,3.33231433002142,17.6960588105363,10.5327578960134
64.026402640264,3.32984995763998,17.696327840119,10.5327766508926
64.036403640364,3.33283757199381,17.6943825610086,10.5368566380689
64.046404640464,3.33664716303014,17.6939447396308,10.5355352337028
64.0564056405641,3.33878847246536,17.6936777751865,10.5323811367097
64.0664066406641,3.33881756646268,17.6953286590856,10.5306246424564
64.0764076407641,3.34147053164623,17.6954262336748,10.5342044218226
64.0864086408641,3.34040490293775,17.6962359949137,10.5339408468049
64.0964096409641,3.33594175543445,17.6955814984496,10.5343391238364
64.1064106410641,3.33700533660671,17.6952265414305,10.5338107556196
64.1164116411641,3.33700893862345,17.694719164155,10.532746025463
64.1264126412641,3.33833116158413,17.6929684689696,10.5324270948884
64.1364136413641,3.33979517218726,17.6902614405574,10.5321651160225
64.1464146414641,3.33480744179792,17.6884278491906,10.5304413310877
64.1564156415642,3.33471085928746,17.6861309130243,10.5293233205004
64.1664166416642,3.33373088877949,17.6848943419665,10.5327868576643
64.1764176417642,3.33293525105142,17.6857833398858,10.530141527852
64.1864186418642,3.3352998448547,17.6824022286657,10.5313257474665
64.1964196419642,3.33365422006419,17.6807600108713,10.5306470496458
64.2064206420642,3.33379180338376,17.6767437844232,10.5311271382455
64.2164216421642,3.33587011845338,17.6744508056741,10.5293215719683
64.2264226422642,3.33720547848411,17.6742152538191,10.5282342207415
64.2364236423642,3.33686881554758,17.6767872388799,10.5261572205107
64.2464246424642,3.33714654029569,17.6760551256602,10.5268327445585
64.2564256425643,3.33998096720361,17.6738831547644,10.5251089215469
64.2664266426643,3.3374887836173,17.6702004417724,10.5223546785695
64.2764276427643,3.33633874237163,17.6688854657418,10.5237845833629
64.2864286428643,3.33341753892763,17.6693055681914,10.5249897527407
64.2964296429643,3.33323446468534,17.6671839804919,10.5264760685242
64.3064306430643,3.3317439305358,17.6674531866919,10.5254510244484
64.3164316431643,3.33118089577883,17.6655048332021,10.5223153626532
64.3264326432643,3.33151202141349,17.666339869907,10.5234075856047
64.3364336433643,3.33132053022049,17.6675620761557,10.5182947381784
64.3464346434643,3.33059016320375,17.6657890759904,10.522027143871
64.3564356435644,3.33102535530431,17.6622125123154,10.5225603408392
64.3664366436644,3.33207393084646,17.6596168224468,10.5242588268589
64.3764376437644,3.33236440172248,17.6601471658082,10.5237173630513
64.3864386438644,3.33533605768693,17.66006607735,10.522989175534
64.3964396439644,3.33462835256937,17.6597993621119,10.5234285009532
64.4064406440644,3.33199977455955,17.6599831722466,10.5230043348035
64.4164416441644,3.3335905034404,17.6590192839237,10.5242672122265
64.4264426442644,3.33503359439198,17.660306815458,10.5230595720524
64.4364436443644,3.33887261872001,17.6572262559737,10.5253645677529
64.4464446444644,3.34125003032715,17.6565458904275,10.5234726817705
64.4564456445645,3.34291965329466,17.6512006085258,10.5255742859188
64.4664466446645,3.34395430729112,17.6476070903575,10.5259821225281
64.4764476447645,3.34629924407221,17.6421795939332,10.5261343912175
64.4864486448645,3.3451759600025,17.6418649029332,10.52646289926
64.4964496449645,3.34391435804176,17.6402833324142,10.5250927314331
64.5064506450645,3.34174603481428,17.6417379338346,10.5195830166215
64.5164516451645,3.33965151706537,17.6399532758821,10.5213693862254
64.5264526452645,3.3393684584664,17.6391506239906,10.5211030390039
64.5364536453645,3.33773639354181,17.6386989312724,10.5221848716876
64.5464546454646,3.3382021620893,17.6338068086026,10.5211453279726
64.5564556455646,3.33729948747424,17.634307076147,10.5191839811313
64.5664566456646,3.33774587396078,17.6323558334197,10.5157736093413
64.5764576457646,3.33801800271916,17.633171724225,10.5162551011679
64.5864586458646,3.33742513025883,17.6310673358409,10.5113384959823
64.5964596459646,3.33832427525143,17.6290981204757,10.5080126513859
64.6064606460646,3.33840459152197,17.628405458607,10.511126537384
64.6164616461646,3.3354098035646,17.6287207181871,10.5110975992302
64.6264626462646,3.33658870831436,17.629260321465,10.5135209244004
64.6364636463646,3.33283065605065,17.6258014877257,10.5119129915993
64.6464646464647,3.32997799237298,17.6211032984846,10.5120953661014
64.6564656465647,3.33274595953258,17.6207567742541,10.5073190286775
64.6664666466647,3.33096431582018,17.619736951134,10.5037040210839
64.6764676467647,3.33388598392786,17.6195500371404,10.503683049089
64.6864686468647,3.33339752594228,17.6201257150007,10.5039930369781
64.6964696469647,3.33218981013898,17.6186397278416,10.5077400648236
64.7064706470647,3.33028451557189,17.618988657631,10.5109154283862
64.7164716471647,3.32950824858073,17.6194538617654,10.5153899147249
64.7264726472647,3.32719945256804,17.6170368668158,10.5178676606419
64.7364736473647,3.33004977959528,17.6156138239253,10.5166953225054
64.7464746474648,3.32692761414151,17.6162600399454,10.519460465107
64.7564756475648,3.32746163832103,17.6136470608356,10.5185243355564
64.7664766476648,3.32602547128149,17.6126306414481,10.5180108526394
64.7764776477648,3.32719242042429,17.6082516592984,10.5199891171912
64.7864786478648,3.32696273759289,17.6059795403742,10.5197245935979
64.7964796479648,3.32547248326357,17.6038856105339,10.5181512234313
64.8064806480648,3.32254199444556,17.6019661685206,10.5194356980845
64.8164816481648,3.32567090323312,17.6009747682756,10.5200370492535
64.8264826482648,3.32564298532506,17.5967992511386,10.5191314900852
64.8364836483648,3.32841825504483,17.5963867828808,10.5192986230521
64.8464846484649,3.3267694053554,17.592309660173,10.5185235960792
64.8564856485649,3.32633777169011,17.5883722323003,10.5145692869544
64.8664866486649,3.32519222109786,17.5881354657827,10.5145038255826
64.8764876487649,3.32724818260125,17.5851467345289,10.5135501116862
64.8864886488649,3.32437097427471,17.5836615906825,10.5094653871166
64.8964896489649,3.32721973729364,17.581910197266,10.508253745029
64.9064906490649,3.32878630233889,17.5797044959372,10.5072166224106
64.9164916491649,3.32823425333319,17.5790149865802,10.5062104621131
64.9264926492649,3.33237320516883,17.577705066648,10.5060363287007
64.9364936493649,3.33360608841984,17.5763311048817,10.5081270489125
64.946494649465,3.33258106171164,17.5709599717416,10.5076890598582
64.956495649565,3.33186719233646,17.5698558595459,10.5107088873436
64.966496649665,3.33341887167591,17.5691056463955,10.5128258534399
64.976497649765,3.33263565187076,17.5686942170946,10.5118971444876
64.986498649865,3.33709794069289,17.5689557122499,10.5114630681257
64.996499649965,3.33434621940861,17.5675213652893,10.5083669408368
65.006500650065,3.33619265558452,17.5658762324205,10.5041656558719
65.016501650165,3.33419324624093,17.5658899582417,10.5022210356603
65.026502650265,3.33483627578003,17.5686206013085,10.5033480506249
65.036503650365,3.33852901210367,17.566646250733,10.5034625136752
65.0465046504651,3.33675780457211,17.5654996810772,10.5030989306268
65.0565056505651,3.33616031307477,17.5671031061173,10.5055004691128
65.0665066506651,3.33679495597596,17.5654550968439,10.5045683797872
65.0765076507651,3.33497581556944,17.5639724206891,10.5032398020254
65.0865086508651,3.33749222947475,17.5621841619439,10.5019355130336
65.0965096509651,3.34043151985376,17.5585206360522,10.5005951555716
65.1065106510651,3.34094132141848,17.5564844091156,10.5022464174505
65.1165116511651,3.33932710213791,17.5550061713162,10.4979595328029
65.1265126512651,3.33898920031544,17.5568593209397,10.4968175203393
65.1365136513651,3.34256791627296,17.5557012682806,10.4926143008606
65.1465146514651,3.34280631448024,17.5561872508748,10.4921311114462
65.1565156515652,3.34269901683775,17.5550535717521,10.4946298075097
65.1665166516652,3.34288098646403,17.554107427218,10.4976534092429
65.1765176517652,3.34095294472533,17.5501832831671,10.4985480295546
65.1865186518652,3.34100178650996,17.5499356425635,10.4982315932408
65.1965196519652,3.34079037327272,17.5489367741153,10.4934431335648
65.2065206520652,3.33787617574371,17.5490596127169,10.495615768549
65.2165216521652,3.33547525079451,17.5453202305137,10.4970402165196
65.2265226522652,3.33546711669365,17.5437336471875,10.4965408545818
65.2365236523652,3.3372467925017,17.5424780635341,10.4937355341291
65.2465246524652,3.34042195789978,17.5404729910417,10.4906841600326
65.2565256525653,3.33963701035906,17.5409909376783,10.4881831155245
65.2665266526653,3.33961023181111,17.5402557830341,10.4882834284313
65.2765276527653,3.33788592867785,17.5385015842748,10.4861172200648
65.2865286528653,3.3380010628735,17.5409672215098,10.487544012222
65.2965296529653,3.34257399663303,17.5402342712393,10.4872090007656
65.3065306530653,3.34177084902164,17.5387030459129,10.4867402253436
65.3165316531653,3.34197266705113,17.5366320292706,10.4866850357624
65.3265326532653,3.34272701774417,17.5364785339966,10.4859685347962
65.3365336533653,3.34471762118648,17.5355918187793,10.4852304244669
65.3465346534653,3.34159555806174,17.534173887334,10.4886712249152
65.3565356535654,3.3436781733467,17.5290989920718,10.4904789281838
65.3665366536654,3.34494559611166,17.5262147416361,10.4901998787389
65.3765376537654,3.34543803152125,17.5285591752928,10.4884046158812
65.3865386538654,3.34333511094624,17.5289235040801,10.4894416182188
65.3965396539654,3.34236092063952,17.5306004668601,10.4881361126864
65.4065406540654,3.34195443321087,17.5272656285093,10.489502905
65.4165416541654,3.34370343609932,17.526768403469,10.4851983622755
65.4265426542654,3.34583573383822,17.5273867518395,10.4841606323071
65.4365436543654,3.3445053666851,17.5250110996366,10.4806813441715
65.4465446544654,3.3409623803625,17.524106067417,10.478535790661
65.4565456545655,3.34167254009582,17.5241557280504,10.477322023173
65.4665466546655,3.34198908238431,17.5248508166809,10.477134324832
65.4765476547655,3.34428198686188,17.5241029028552,10.4755301649549
65.4865486548655,3.34213281845276,17.5204214185202,10.4763709539825
65.4965496549655,3.34452609119839,17.5225982794653,10.4745619473498
65.5065506550655,3.34584718161661,17.5199466235062,10.4757882640778
65.5165516551655,3.3451227378983,17.5231170535678,10.4766701551752
65.5265526552655,3.34396192244647,17.5255731336195,10.4774085615936
65.5365536553655,3.34652351996354,17.5238239381856,10.4791428381927
65.5465546554655,3.34976981181152,17.522011552752,10.4771169320105
65.5565556555656,3.35200029538646,17.5200982736246,10.4772937428061
65.5665566556656,3.35082607910727,17.5197801722005,10.477806129742
65.5765576557656,3.35198761740357,17.5153662011448,10.4746115185661
65.5865586558656,3.34941592960691,17.5159357370838,10.4755652670843
65.5965596559656,3.34841955851967,17.5163287870347,10.4776947411287
65.6065606560656,3.3479844700473,17.5154434034407,10.4768731455731
65.6165616561656,3.3454268215653,17.515591457185,10.4721739646316
65.6265626562656,3.34823040276586,17.5178623128814,10.4731115342051
65.6365636563656,3.34966152341802,17.5176769595778,10.4773033526611
65.6465646564656,3.34910977640612,17.5145986795991,10.4798790587244
65.6565656565657,3.34775937051539,17.5155620971452,10.4765359878448
65.6665666566657,3.34545244018471,17.5166960498145,10.4757150603681
65.6765676567657,3.34711206773691,17.5161189155678,10.4774362229438
65.6865686568657,3.3508708797364,17.5132676709317,10.4784571835395
65.6965696569657,3.34977098246859,17.5132418635286,10.4773105121598
65.7065706570657,3.35061588345485,17.5132146386032,10.4774238622715
65.7165716571657,3.34801071620159,17.5095344139412,10.4790249218257
65.7265726572657,3.34853727266442,17.5079701010136,10.482329133572
65.7365736573657,3.34974419132673,17.5104795129163,10.4821875641969
65.7465746574657,3.34959215360704,17.5098020020267,10.4793153511325
65.7565756575658,3.35096042423563,17.509128154862,10.478900856739
65.7665766576658,3.35479558644981,17.5113065012275,10.4793743956031
65.7765776577658,3.35511776059603,17.5139276397569,10.4775964077264
65.7865786578658,3.35568505733709,17.5109821488054,10.4797855285709
65.7965796579658,3.35817692729066,17.5092291315412,10.4775439075307
65.8065806580658,3.35926046378229,17.5104504374914,10.4760215195295
65.8165816581658,3.35589913833822,17.5100630700966,10.4745665126585
65.8265826582658,3.35447258213649,17.5078083025703,10.4750726016377
65.8365836583658,3.35583101925031,17.5059262237201,10.4719015797306
65.8465846584658,3.35431139801092,17.5061630059175,10.4701387905728
65.8565856585659,3.35659741674768,17.5053348850291,10.470958175044
65.8665866586659,3.35649625471317,17.5055814160994,10.4672645202373
65.8765876587659,3.35852498101638,17.5050223531473,10.4681567201969
65.8865886588659,3.35633228221233,17.5058188082088,10.4693623691557
65.8965896589659,3.35443040804367,17.5046899399854,10.4688170278308
65.9065906590659,3.35365115740099,17.5067774330542,10.4686803946814
65.9165916591659,3.35503344334642,17.5052352860504,10.4714628239343
65.9265926592659,3.35568897000483,17.5046201591083,10.4711000272701
65.9365936593659,3.3561513018686,17.5012741388259,10.4719423596034
65.9465946594659,3.35411988219724,17.5006876901958,10.4727794860412
65.956595659566,3.35289006200932,17.4995902651829,10.4701804935302
65.966596659666,3.35320393400663,17.5009640474895,10.4710697569467
65.976597659766,3.35205610614369,17.5002242307298,10.4699140498753
65.986598659866,3.35049344965944,17.500179025079,10.4718088826093
65.996599659966,3.35024339409677,17.4976706510144,10.4720401673774
66.006600660066,3.35101461784226,17.4982735016338,10.469921171754
66.016601660166,3.35111710884508,17.4954792096634,10.4715164293241
66.026602660266,3.34882923765594,17.4935430473411,10.4697014127759
66.036603660366,3.34892947972633,17.4943667974977,10.4673572329046
66.046604660466,3.35154555227374,17.4908245913481,10.467256108581
66.0566056605661,3.35223910118226,17.4906382180902,10.4670266867089
66.0666066606661,3.35242119784871,17.4904243712487,10.4665028047467
66.0766076607661,3.35101894002817,17.4914807893408,10.4645706152696
66.0866086608661,3.35259784456942,17.4913628714752,10.4659936223181
66.0966096609661,3.35087999591646,17.4920582886168,10.4622751321226
66.1066106610661,3.3500863627605,17.4935420926422,10.4654235070152
66.1166116611661,3.34960356434611,17.4923329361403,10.4657735443327
66.1266126612661,3.34755811445589,17.4879815142009,10.4666427053435
66.1366136613661,3.34642018115956,17.4845906114289,10.4660433227433
66.1466146614661,3.34691387323347,17.4818522858378,10.463121096357
66.1566156615661,3.34844156630889,17.4829987804105,10.460676554788
66.1666166616662,3.35060591895887,17.4819509295831,10.462779654811
66.1766176617662,3.35206188431451,17.482911454632,10.4628337667522
66.1866186618662,3.34922646049257,17.4832174379438,10.4646704021038
66.1966196619662,3.34953430048467,17.4819523868689,10.4687140388511
66.2066206620662,3.34955064039353,17.4804950807954,10.4689565266654
66.2166216621662,3.34808451123786,17.4805386664639,10.4664159261226
66.2266226622662,3.34820839911495,17.4823613790286,10.4679293893331
66.2366236623662,3.34697269890788,17.4809158478241,10.4679753116322
66.2466246624662,3.3473790816272,17.4785265652214,10.4668431680035
66.2566256625663,3.34669633810183,17.4769196479496,10.4659471256354
66.2666266626663,3.34660120268479,17.4747970306118,10.4633275030658
66.2766276627663,3.34631871342209,17.4766689241572,10.4616934015188
66.2866286628663,3.34541483412976,17.4741395629705,10.4605450461627
66.2966296629663,3.34630126000786,17.4730488829169,10.4610687544231
66.3066306630663,3.34909072248074,17.4730880555484,10.4625258175988
66.3166316631663,3.35202512598017,17.4718869194577,10.4600097058071
66.3266326632663,3.35483354898468,17.4733226088759,10.46127654311
66.3366336633663,3.35749356232978,17.4698256962835,10.458237232163
66.3466346634663,3.35857004898067,17.4666612813274,10.4609404246568
66.3566356635664,3.36038213593079,17.468680558315,10.4575217114727
66.3666366636664,3.35970182654471,17.4701698202756,10.4566299406986
66.3766376637664,3.35943459710748,17.4670530815593,10.4546111428834
66.3866386638664,3.36080448919372,17.4673423650016,10.4534807183349
66.3966396639664,3.36138738942771,17.4674923430102,10.4528575821379
66.4066406640664,3.36088331954702,17.4639949948475,10.4485323743194
66.4166416641664,3.36063741081235,17.464761356958,10.4451712525928
66.4266426642664,3.35724553520512,17.462801427928,10.4430541542843
66.4366436643664,3.3599070703385,17.4603371896778,10.4457665545807
66.4466446644664,3.36365564925734,17.462738337011,10.4487006279199
66.4566456645665,3.36057871675798,17.4589581885142,10.4465445957143
66.4666466646665,3.35829918908851,17.4584000660735,10.4458820644217
66.4766476647665,3.3581966468653,17.4585980444602,10.4424405093211
66.4866486648665,3.3568471990703,17.4591078593408,10.4440574340339
66.4966496649665,3.35868712028173,17.4598535407564,10.4469140769001
66.5066506650665,3.36161539459765,17.4572990092075,10.4462622867606
66.5166516651665,3.36028038157841,17.4532619088698,10.4440346199656
66.5266526652665,3.35866911229063,17.4510125262928,10.4448560601598
66.5366536653665,3.36059181481436,17.4541084961088,10.4471696035184
66.5466546654665,3.36206605755529,17.4560845011334,10.4445000159478
66.5566556655666,3.36087483529212,17.4558730748088,10.4419246545237
66.5666566656666,3.36259715903144,17.4539848105678,10.4433431962581
66.5766576657666,3.36191532280185,17.4552573609582,10.442299885921
66.5866586658666,3.362237262462,17.455215851615,10.4436621579404
66.5966596659666,3.36422629928605,17.4540678318639,10.4437548872965
66.6066606660666,3.36493721190135,17.4539450292667,10.4438010428561
66.6166616661666,3.36455938194612,17.4520672802648,10.443916375339
66.6266626662666,3.36366896517016,17.452130104886,10.4473988663967
66.6366636663666,3.36479916180182,17.4540841436813,10.4502833053305
66.6466646664666,3.36367726919756,17.4545682586586,10.4499959771004
66.6566656665667,3.36629380639261,17.4566679251794,10.4494384968813
66.6666666666667,3.36620965310354,17.4536054929169,10.4470116565339
66.6766676667667,3.36489408967319,17.4518358496384,10.4475043952772
66.6866686668667,3.36417408498818,17.4497842988858,10.4465399530294
66.6966696669667,3.36448149252242,17.4491889035265,10.4472404788174
66.7066706670667,3.36434874878066,17.4486891982359,10.4493669127355
66.7166716671667,3.3623657717488,17.4500756277729,10.4540509203092
66.7266726672667,3.36103356734852,17.4548491075483,10.4553824178877
66.7366736673667,3.35795028017122,17.4490244240274,10.4540185416377
66.7466746674667,3.35458692805135,17.4503762266662,10.4516586924592
66.7566756675668,3.35741106898603,17.4527116604775,10.449662437397
66.7666766676668,3.35691852532882,17.4474252915658,10.4503983653049
66.7766776677668,3.35745120346514,17.4458540102895,10.4479422869872
66.7866786678668,3.35912380241644,17.4460356996914,10.4497999805971
66.7966796679668,3.35820851303344,17.4461561008896,10.451531525417
66.8066806680668,3.35661429347191,17.4450814716349,10.4505982141136
66.8166816681668,3.3584741598575,17.4441979948014,10.4474441571728
66.8266826682668,3.3568286051611,17.4449270531274,10.4491584129751
66.8366836683668,3.35541374029062,17.4442210160047,10.4474962691339
66.8466846684668,3.35619461816784,17.446871646687,10.4496154583874
66.8566856685669,3.35698556205924,17.4443952891162,10.4475137826062
66.8666866686669,3.35579006221996,17.4411305509856,10.4462206238559
66.8766876687669,3.35753859256327,17.4377804538543,10.4470276519469
66.8866886688669,3.35588562247742,17.4364743546022,10.4454189380039
66.8966896689669,3.35255863083182,17.4366100666793,10.4441419570886
66.9066906690669,3.34888837097457,17.4366853666822,10.4451834623634
66.9166916691669,3.35312860558585,17.4346735684554,10.4437463309945
66.9266926692669,3.35346566798546,17.433277399019,10.4436403725933
66.9366936693669,3.35409291462651,17.4329580905375,10.4476856098635
66.946694669467,3.35184092558465,17.4321384095895,10.4474996237728
66.956695669567,3.35021435092891,17.4358352450234,10.446469915997
66.966696669667,3.34875076507312,17.4318772484616,10.4469099153881
66.976697669767,3.3492088137015,17.4303023709791,10.4482862587442
66.986698669867,3.35144664406766,17.4306738995898,10.4461946758806
66.996699669967,3.35050607774035,17.4292931036649,10.4483844884024
67.006700670067,3.35310782465468,17.431096765712,10.4509768063075
67.016701670167,3.35104505092874,17.4304022949634,10.4473180521077
67.026702670267,3.35389718039572,17.4293456845655,10.4469934857737
67.036703670367,3.35541758174791,17.4273827352017,10.4462208152493
67.0467046704671,3.35541534792595,17.4271162423723,10.4455154858523
67.0567056705671,3.35586300146196,17.4263523616405,10.4452327641247
67.0667066706671,3.35706772314232,17.4254618793943,10.4425059639099
67.0767076707671,3.3573571565507,17.4250428494571,10.4398486809734
67.0867086708671,3.35653191006988,17.4262333765979,10.4377919650861
67.0967096709671,3.35606770120443,17.4245801513199,10.4348991741178
67.1067106710671,3.35341390924759,17.4238612055694,10.4341279272349
67.1167116711671,3.35274771851679,17.4254420330759,10.4351990384518
67.1267126712671,3.35530148082228,17.426862554241,10.436723568987
67.1367136713671,3.35442228559751,17.4258221909928,10.4337772910532
67.1467146714672,3.35465091960291,17.4236673631388,10.433972672533
67.1567156715672,3.35481725372609,17.4271424402286,10.4355743754896
67.1667166716672,3.35417887864811,17.4241152155861,10.4318121277831
67.1767176717672,3.35468830862917,17.425615806359,10.4314251747629
67.1867186718672,3.35274835037026,17.4216904582713,10.4290216502024
67.1967196719672,3.35321774087721,17.4206793789492,10.4281899317671
67.2067206720672,3.3570890978317,17.4218127166515,10.4294926324557
67.2167216721672,3.35589679326998,17.4243769719781,10.4327264625663
67.2267226722672,3.3561200019312,17.4245519307194,10.4310251407506
67.2367236723672,3.35591928106052,17.4254709722357,10.4306741110161
67.2467246724673,3.356060815894,17.427837396016,10.4289331882159
67.2567256725673,3.35460823056547,17.4302732083146,10.4286798960997
67.2667266726673,3.35396804649112,17.4279013331045,10.4305769337
67.2767276727673,3.35459093120236,17.4273765972738,10.4293715898816
67.2867286728673,3.35303510090395,17.4254289970975,10.429600880022
67.2967296729673,3.35389737062937,17.4230321628339,10.4294129224525
67.3067306730673,3.35081037740126,17.4212540860347,10.4281712066388
67.3167316731673,3.34844227314017,17.4209262731238,10.4264141658047
67.3267326732673,3.3471459544345,17.4193263855436,10.4258901636076
67.3367336733673,3.34608757417884,17.4190505160586,10.4231881925005
67.3467346734674,3.34991094577417,17.4197125331436,10.4196608445761
67.3567356735674,3.34932006997015,17.4185703657855,10.4219004596271
67.3667366736674,3.34961766989538,17.4192212515847,10.4202626274535
67.3767376737674,3.34980594072759,17.4183901883969,10.4198555477673
67.3867386738674,3.35110294415429,17.4152557225001,10.419543070055
67.3967396739674,3.35588498535787,17.414016960674,10.4219729998165
67.4067406740674,3.35594302001434,17.4110649366891,10.4207724576497
67.4167416741674,3.35622591602478,17.4090550244458,10.4210431922606
67.4267426742674,3.35846036023975,17.4099865153376,10.4183946253337
67.4367436743674,3.3594837511092,17.4125067933718,10.4194948699373
67.4467446744675,3.3601429116739,17.4087597302519,10.4176215115038
67.4567456745675,3.36136160564025,17.4090814264561,10.4169396759711
67.4667466746675,3.36166624144997,17.4071004100342,10.417289026456
67.4767476747675,3.35878249478733,17.4073932352478,10.4178170979454
67.4867486748675,3.35797273021272,17.4086355230036,10.4154922894463
67.4967496749675,3.35845278015118,17.4087204608619,10.4163996250333
67.5067506750675,3.36094942409298,17.4092320583723,10.4173931757313
67.5167516751675,3.36130759142836,17.4065265722603,10.4171824897085
67.5267526752675,3.35987319418966,17.4058077279881,10.4180695821089
67.5367536753675,3.35810981732548,17.4045242628277,10.4150479988206
67.5467546754676,3.36025156051289,17.4057224287321,10.4145835230113
67.5567556755676,3.35883160993722,17.4035943090346,10.4142803320593
67.5667566756676,3.35789830951414,17.3983803317201,10.4160528010759
67.5767576757676,3.35729195039003,17.3958712237186,10.4170901107147
67.5867586758676,3.3567247438651,17.3922884855416,10.4156020174175
67.5967596759676,3.35665176046287,17.3898950365763,10.417281640709
67.6067606760676,3.35648519110822,17.3883649821012,10.4161211365362
67.6167616761676,3.3593395798423,17.3843677607412,10.4160902872025
67.6267626762676,3.36323638079563,17.3812297951892,10.4162470236454
67.6367636763676,3.36126015328726,17.3796926086399,10.4146730632761
67.6467646764676,3.35891922543367,17.3767339033321,10.4158804016227
67.6567656765677,3.36018856842163,17.376370466581,10.4151012896977
67.6667666766677,3.35845247275833,17.3729888980484,10.4121296569939
67.6767676767677,3.36188509723477,17.371571373435,10.4122129920424
67.6867686768677,3.36071491584159,17.3693723364552,10.4137973195028
67.6967696769677,3.35899464333548,17.3721471425129,10.4114871629215
67.7067706770677,3.35447032641138,17.3696736640159,10.4085980243588
67.7167716771677,3.3554601752722,17.3689785973139,10.4060425944573
67.7267726772677,3.35464646241536,17.3681534130066,10.4044621480972
67.7367736773677,3.35513770242962,17.3674052200821,10.4042995064553
67.7467746774677,3.35372471825324,17.3675014888553,10.4006937925073
67.7567756775678,3.35257887842472,17.3642063467803,10.3987809351181
67.7667766776678,3.35388626828978,17.3633647078186,10.3998574126807
67.7767776777678,3.35383562424091,17.3607551497601,10.3989082289172
67.7867786778678,3.35030054688628,17.3563760637889,10.4026077474669
67.7967796779678,3.34823637030052,17.3557182875894,10.3994501573971
67.8067806780678,3.34940834328905,17.3558129521995,10.4003752490815
67.8167816781678,3.34920933160408,17.352691655422,10.4038246476271
67.8267826782678,3.34529967680254,17.3502494668793,10.4048300352403
67.8367836783678,3.34453690161143,17.3508453620071,10.4056665491771
67.8467846784678,3.3427623137154,17.3517733826836,10.4045918275393
67.8567856785679,3.34051218678129,17.3527631862453,10.4062064326061
67.8667866786679,3.341500326322,17.3518931880903,10.403319124266
67.8767876787679,3.34238933919462,17.3519528194452,10.4024206178577
67.8867886788679,3.34188191603655,17.3521672691421,10.4013030129463
67.8967896789679,3.34259453026036,17.3515676301734,10.4016606912364
67.9067906790679,3.34285060976579,17.3516433755771,10.4020131563167
67.9167916791679,3.34504156137292,17.3539857989011,10.4036200183358
67.9267926792679,3.34376566123291,17.3528672875589,10.4018029589382
67.9367936793679,3.3452364271119,17.3523766716089,10.4038158334892
67.9467946794679,3.34348507950175,17.3533978157334,10.4045900890746
67.956795679568,3.34017108431273,17.3565653172393,10.4054305942491
67.966796679668,3.34126953578138,17.3560776777852,10.4056734953425
67.976797679768,3.34164341206643,17.3533755568566,10.4032507787729
67.986798679868,3.3406283029568,17.3575688635015,10.4044705297144
67.996799679968,3.34236712939652,17.3568055086813,10.4063398405049
68.006800680068,3.34380768084956,17.3544709472682,10.4074580477687
68.016801680168,3.34553829377282,17.3513369956766,10.4081933329765
68.026802680268,3.34252461288664,17.3500329065815,10.4063425749384
68.036803680368,3.34294272756681,17.351808810601,10.4079604520856
68.046804680468,3.34518988419974,17.3506239299366,10.4065295587237
68.0568056805681,3.34830057991348,17.351438797643,10.4066925937649
68.0668066806681,3.3497604514642,17.3473899359685,10.4068447508931
68.0768076807681,3.35033867109918,17.3483009796718,10.4051088390945
68.0868086808681,3.34955272288099,17.3498658120777,10.4051731993473
68.0968096809681,3.34857444951738,17.3503551079249,10.4014249430097
68.1068106810681,3.34823490865237,17.3496392696031,10.400566345291
68.1168116811681,3.3476929380105,17.3485213369407,10.4020385929681
68.1268126812681,3.3486946749985,17.3493056743124,10.4024754825472
68.1368136813681,3.34651992626595,17.3517815143687,10.3981287058039
68.1468146814681,3.34820222343858,17.3516793365724,10.3960908329879
68.1568156815682,3.34859485525318,17.3528671932066,10.3943683927878
68.1668166816682,3.34960698808105,17.3517650738949,10.3927308907126
68.1768176817682,3.3506438032706,17.3520018879773,10.3927775496245
68.1868186818682,3.35232302091991,17.3535343450672,10.392450645323
68.1968196819682,3.35103689211899,17.3536713901649,10.391451744098
68.2068206820682,3.34959658308083,17.3534400246594,10.389293369818
68.2168216821682,3.35332932029965,17.355322525067,10.3895215187587
68.2268226822682,3.35332467276302,17.3543465500569,10.3915252617246
68.2368236823682,3.35346461149958,17.3524171091098,10.3906625056691
68.2468246824682,3.35472682502216,17.3538299433975,10.390258454655
68.2568256825683,3.35392787723405,17.3527831487079,10.3924759679801
68.2668266826683,3.35025766399798,17.3522203606694,10.3937973203296
68.2768276827683,3.3462609474569,17.3525620783732,10.3951877026167
68.2868286828683,3.34173041668566,17.3505810088689,10.3935930624503
68.2968296829683,3.33854368762049,17.3499375282847,10.3946300918498
68.3068306830683,3.3409712487932,17.3540713643221,10.3977701842679
68.3168316831683,3.33964199904257,17.3521112139371,10.3985140122594
68.3268326832683,3.3397574384631,17.3531187906723,10.3976722962885
68.3368336833683,3.33856506574572,17.353071857922,10.3944018854276
68.3468346834683,3.33846898959502,17.3540184547372,10.3962049756353
68.3568356835684,3.33733343780254,17.354204539324,10.3968953871586
68.3668366836684,3.33741267437272,17.3517699726439,10.3940414327498
68.3768376837684,3.33497305945082,17.3520200437488,10.3960029112143
68.3868386838684,3.33653084492616,17.3520487652993,10.3937413245648
68.3968396839684,3.33577487248863,17.3511912540201,10.391095644571
68.4068406840684,3.33640638234652,17.3525657684631,10.3880137139934
68.4168416841684,3.33618467853282,17.3528608937186,10.3869848634102
68.4268426842684,3.33572757527871,17.3550071757406,10.3865776244717
68.4368436843684,3.33573252381688,17.3596776078439,10.383873290852
68.4468446844684,3.33431372538683,17.3566345444265,10.3833187303563
68.4568456845685,3.33679871402025,17.3555494448369,10.3831397692808
68.4668466846685,3.33794683211043,17.3544349187891,10.3852076878006
68.4768476847685,3.33859090115565,17.3533088310116,10.3830493118789
68.4868486848685,3.33778976913425,17.3500255843503,10.3811395236581
68.4968496849685,3.33481636487083,17.3490125689628,10.3808319462219
68.5068506850685,3.33362352041359,17.3469399676615,10.3820820424857
68.5168516851685,3.33324956763018,17.3489430372277,10.3822760779056
68.5268526852685,3.33660539645853,17.3493159140448,10.3834183920611
68.5368536853685,3.33736238331696,17.3519907926077,10.3865938149916
68.5468546854685,3.33784272414789,17.3510738543839,10.3856256108904
68.5568556855686,3.34080710078199,17.3537948920275,10.3842348304436
68.5668566856686,3.33603119468658,17.3509791179591,10.387245429498
68.5768576857686,3.3350357190699,17.3507729160676,10.38664833158
68.5868586858686,3.33469927058109,17.3499410541183,10.3824604392562
68.5968596859686,3.33415049946344,17.3513331357898,10.3822903069039
68.6068606860686,3.33375060898905,17.3457639702632,10.3819916200701
68.6168616861686,3.33434485304239,17.3467878120217,10.3829075880855
68.6268626862686,3.3337624504889,17.3476497905655,10.3816619900123
68.6368636863686,3.33414881727155,17.3448776419547,10.3796185159053
68.6468646864686,3.33519393595071,17.3423299287534,10.3805872409583
68.6568656865687,3.33294425937511,17.3403470394336,10.3810454841411
68.6668666866687,3.32863402694422,17.3382512228338,10.3837942283473
68.6768676867687,3.32602012557101,17.3424129353215,10.3828888192125
68.6868686868687,3.32521277091614,17.3400558486027,10.3805891356364
68.6968696869687,3.32509103997836,17.339102478791,10.3822692263126
68.7068706870687,3.32433435466835,17.3382003016228,10.3796706896531
68.7168716871687,3.3244616536304,17.340642401712,10.3784109999936
68.7268726872687,3.32008263215755,17.338773688302,10.3734542605399
68.7368736873687,3.31722071409247,17.3398131388578,10.3705625128193
68.7468746874687,3.31798190041294,17.3400748412045,10.3723717816129
68.7568756875688,3.31854104691086,17.3372834156092,10.3735163652105
68.7668766876688,3.31945598904795,17.3371745114928,10.3741279820922
68.7768776877688,3.31861472401813,17.3380121903918,10.373792589656
68.7868786878688,3.32152348662941,17.3375972657496,10.3733172818883
68.7968796879688,3.32352560087508,17.3350836479711,10.3738519911176
68.8068806880688,3.32395660621759,17.3335001114294,10.3768889962689
68.8168816881688,3.32616914080703,17.3351814789055,10.3749629337891
68.8268826882688,3.32787253282702,17.336262237968,10.3793956775028
68.8368836883688,3.32859728787627,17.3342331687672,10.3774897615688
68.8468846884688,3.32807566866144,17.3333382528591,10.3777376470284
68.8568856885689,3.32900833079501,17.3317246467158,10.3765353232622
68.8668866886689,3.32862741944722,17.3286782242718,10.3739146089279
68.8768876887689,3.33124508930778,17.328007904622,10.3763616881386
68.8868886888689,3.3308021305712,17.3276810328637,10.3766443811367
68.8968896889689,3.32953133294122,17.3304902489003,10.3757951528029
68.9068906890689,3.32783988397682,17.3281538561624,10.374205593636
68.9168916891689,3.3257797793846,17.3294392580392,10.3739032277289
68.9268926892689,3.33047096369318,17.3284556307417,10.376986332452
68.9368936893689,3.32904663516189,17.3283464782005,10.3754155293934
68.9468946894689,3.32760605916427,17.3262286204441,10.3752540716656
68.956895689569,3.32907689198996,17.3249151904375,10.3710551271431
68.966896689669,3.3257156551838,17.3240658359014,10.3678660596647
68.976897689769,3.32768937958029,17.3273278484487,10.3660088404429
68.986898689869,3.33126258672516,17.327019129725,10.3638005741538
68.996899689969,3.32831644282902,17.3269971457568,10.3613078740034
69.006900690069,3.32714182593517,17.3270772582177,10.3615630220767
69.016901690169,3.32722284955355,17.3285599752325,10.3632982234305
69.026902690269,3.32459142869363,17.3304242057007,10.363817346996
69.036903690369,3.32500386159336,17.3313279531946,10.3625703973923
69.046904690469,3.32357181351066,17.3345144870507,10.3635265253398
69.0569056905691,3.3223198520481,17.331338837299,10.367993698498
69.0669066906691,3.32182773601533,17.3301460810887,10.3648186363704
69.0769076907691,3.32012740984181,17.328396947548,10.3679499340857
69.0869086908691,3.31926880715676,17.3279624772965,10.3676973408349
69.0969096909691,3.31772884791541,17.3269758564736,10.3663142124486
69.1069106910691,3.31932914128181,17.3239583836825,10.3642458894967
69.1169116911691,3.31829341697856,17.322564617795,10.3627599261324
69.1269126912691,3.31832997137134,17.3218349245492,10.361294329532
69.1369136913691,3.31623147867933,17.3246264306619,10.3638116865318
69.1469146914691,3.31683362940555,17.3217789925344,10.364120183995
69.1569156915692,3.32003302934336,17.3178640184592,10.3620708740807
69.1669166916692,3.31929338361974,17.3186335740661,10.3619798560954
69.1769176917692,3.31614200277229,17.3200853603062,10.3567878998074
69.1869186918692,3.3180232319434,17.3222025014091,10.3582973252198
69.1969196919692,3.31638642132445,17.3223451717998,10.3601513405249
69.2069206920692,3.3129097768025,17.3171237374021,10.3624995608931
69.2169216921692,3.31016717294704,17.3165131634887,10.3613682773564
69.2269226922692,3.31020064227461,17.3129633099388,10.36048812665
69.2369236923692,3.31034093855473,17.3118231790665,10.3621480021231
69.2469246924692,3.31383795966512,17.3101869431895,10.3626106985469
69.2569256925693,3.31376063712997,17.3088078860303,10.3636475069541
69.2669266926693,3.31114066590031,17.3111668931003,10.3643184224139
69.2769276927693,3.30744200955983,17.3100250087733,10.3650018373921
69.2869286928693,3.30543393511129,17.3133657427043,10.3633974695917
69.2969296929693,3.30285913197213,17.3136581738569,10.3619748976913
69.3069306930693,3.30305354115207,17.313194162701,10.3636944354596
69.3169316931693,3.3023986491993,17.3139307219684,10.3621686741906
69.3269326932693,3.30070771356893,17.3142398544721,10.362132799782
69.3369336933693,3.29873266193173,17.3146129512187,10.3646573253642
69.3469346934694,3.2994008209395,17.3144277165729,10.3618843199483
69.3569356935694,3.30129720000219,17.3145042482801,10.36365969997
69.3669366936694,3.2982450370504,17.3170750173132,10.368031145556
69.3769376937694,3.29915849999643,17.3206427771968,10.3700981447122
69.3869386938694,3.30069264319128,17.3185082085257,10.3715020690444
69.3969396939694,3.30396889856851,17.3165565892083,10.3710450112225
69.4069406940694,3.30665102355051,17.3167773166936,10.3691977185812
69.4169416941694,3.31069726674418,17.314080910797,10.369729149163
69.4269426942694,3.30796779556711,17.3149194866497,10.371576096476
69.4369436943694,3.30558643638781,17.3105768655838,10.3697123562214
69.4469446944695,3.30583861618079,17.3089316321221,10.3681864184976
69.4569456945695,3.30775242093709,17.3095504254674,10.363774022184
69.4669466946695,3.30998713012583,17.309672240614,10.3671218309042
69.4769476947695,3.30762466642782,17.3081858435957,10.3654881288739
69.4869486948695,3.30873885426078,17.3053666020763,10.3670959381445
69.4969496949695,3.3072210415093,17.305445825081,10.3661282376773
69.5069506950695,3.30551444799237,17.3008426929289,10.3652629218131
69.5169516951695,3.3050401777261,17.3008741510685,10.3617740314012
69.5269526952695,3.30634956260002,17.3024421483581,10.3637992310174
69.5369536953695,3.30784119733803,17.3011225479348,10.3592512998328
69.5469546954696,3.30812618005615,17.3021290374739,10.3599624870966
69.5569556955696,3.30855854455121,17.2992084636846,10.3620239563606
69.5669566956696,3.31184095232301,17.3015702666553,10.361088290749
69.5769576957696,3.31424163005645,17.2999777309095,10.3605514142909
69.5869586958696,3.31350000772557,17.2977686067987,10.3620914464915
69.5969596959696,3.31709229938292,17.2950533298437,10.3591657731341
69.6069606960696,3.31682386220875,17.2951923718196,10.3584004676533
69.6169616961696,3.31648963667234,17.2987964735223,10.3578953863513
69.6269626962696,3.315512867221,17.2979421133217,10.3573694167675
69.6369636963696,3.3122657435876,17.2983294110043,10.3584306654491
69.6469646964697,3.31623816581653,17.2957420374479,10.3588164392034
69.6569656965697,3.31559811260545,17.2963306441077,10.35986826744
69.6669666966697,3.31009421552645,17.293420336481,10.3604759139613
69.6769676967697,3.31011993982783,17.2928435114782,10.361566271228
69.6869686968697,3.31259151670218,17.2890666381118,10.3616470026754
69.6969696969697,3.31454821646068,17.2908362364219,10.3637900792915
69.7069706970697,3.31694355238399,17.2885986780483,10.3624127882983
69.7169716971697,3.31649644438756,17.2875063365075,10.3611516850913
69.7269726972697,3.31591187336276,17.2871581420015,10.3622568194353
69.7369736973697,3.31859005831929,17.2860945901947,10.3580564212221
69.7469746974698,3.31596878435551,17.2814685222812,10.3607826982151
69.7569756975698,3.31348771736428,17.284309626366,10.3582301562363
69.7669766976698,3.31553632504557,17.2820140471503,10.3614400527581
69.7769776977698,3.31409953259756,17.2800895522685,10.3608904370698
69.7869786978698,3.31395100154334,17.2785200344174,10.3606089955988
69.7969796979698,3.31418799365184,17.275072685306,10.3583620879431
69.8069806980698,3.31133279574212,17.2753512625799,10.3602398518428
69.8169816981698,3.31130247958255,17.2768030405558,10.3583175116443
69.8269826982698,3.3113038041566,17.2790627567548,10.3604789869524
69.8369836983698,3.31448708221987,17.2800330910463,10.3601439216929
69.8469846984699,3.31631965599312,17.2748508825242,10.3614013740671
69.8569856985699,3.31767170365544,17.2714631344605,10.361040770595
69.8669866986699,3.31600500940943,17.2712258224904,10.3620380661106
69.8769876987699,3.31733816707641,17.27140092248,10.3570708024972
69.8869886988699,3.31841980877211,17.2722515363573,10.3577533158721
69.8969896989699,3.31929705578994,17.2724098632819,10.357218778359
69.9069906990699,3.31747362041801,17.2721794410735,10.3569261022958
69.9169916991699,3.3178829742066,17.271369188318,10.3535644544661
69.9269926992699,3.31767803672161,17.271321583563,10.354331873962
69.9369936993699,3.31848418064071,17.2720795529247,10.3576121868158
69.94699469947,3.31445573257603,17.2675567153365,10.3581133951153
69.95699569957,3.31557898025986,17.2681800645173,10.3602993245248
69.96699669967,3.31788227855755,17.2673344759179,10.3599114709677
69.97699769977,3.31644016713103,17.2659693533854,10.3619595646386
69.98699869987,3.31841769417965,17.2658051231151,10.3644255267525
69.99699969997,3.32257919244862,17.2668924496758,10.3646659757381
70.00700070007,3.32157590126459,17.2661770187893,10.3657735109567
70.01700170017,3.32000060754017,17.2631130546102,10.3661953601127
70.02700270027,3.31896084193899,17.2638142766019,10.3643316018836
70.03700370037,3.31688560150228,17.2618474723492,10.3630492231195
70.04700470047,3.31450537093976,17.2593890545882,10.3640395039586
70.0570057005701,3.31307030717236,17.2582047031673,10.3620742824636
70.0670067006701,3.31469973422377,17.2577723832627,10.3589010395228
70.0770077007701,3.3164644861929,17.255320921515,10.3563896612381
70.0870087008701,3.31823905863087,17.2555326042886,10.3563849021256
70.0970097009701,3.31786871858869,17.2557104786728,10.3548982644629
70.1070107010701,3.3152999797918,17.2533095985059,10.357055022512
70.1170117011701,3.31651234914081,17.2511181654412,10.3582440231083
70.1270127012701,3.31997969401949,17.2488565193261,10.3548174665837
70.1370137013701,3.3193885840205,17.2488007648918,10.3562227750923
70.1470147014701,3.31781250180167,17.2467374435696,10.356997147799
70.1570157015702,3.31930747108393,17.2460511696667,10.3580432695825
70.1670167016702,3.31739035612895,17.2423549411531,10.3578763142888
70.1770177017702,3.3187848450647,17.2400655523411,10.3573457410364
70.1870187018702,3.31750311075841,17.2406839581005,10.3564223496197
70.1970197019702,3.31951072492408,17.2385025088156,10.3552277148785
70.2070207020702,3.31773934865854,17.2342088254652,10.3571353112918
70.2170217021702,3.31789929362775,17.2354968993085,10.3570410821233
70.2270227022702,3.31614342345937,17.2367950381107,10.3586810769175
70.2370237023702,3.31769737822344,17.2380001678923,10.3570360082269
70.2470247024702,3.31614724602528,17.2413596747803,10.3584409706183
70.2570257025703,3.31595844259414,17.2442911544497,10.3587686697491
70.2670267026703,3.31665754797592,17.2450865301588,10.3592645081633
70.2770277027703,3.31961506835675,17.2491864364397,10.353959840211
70.2870287028703,3.32113739859868,17.2485428038662,10.3501966017161
70.2970297029703,3.31979438226302,17.2450013192527,10.3512339689139
70.3070307030703,3.31693342146083,17.2405658198284,10.347301592071
70.3170317031703,3.31699562773359,17.2368978949765,10.3471254484663
70.3270327032703,3.31669573567092,17.2387280026713,10.3472765564853
70.3370337033703,3.31970623423679,17.2395456210164,10.348061881401
70.3470347034703,3.31826816515198,17.238976634427,10.3444633514136
70.3570357035704,3.3195406537527,17.2382975966478,10.3449064757013
70.3670367036704,3.32007943964388,17.236400509959,10.3419320333968
70.3770377037704,3.32680132630027,17.2363564199795,10.3414075316302
70.3870387038704,3.32551717996262,17.2346418346567,10.3418068260002
70.3970397039704,3.3246890857518,17.232488845434,10.342298857422
70.4070407040704,3.32542920083325,17.2333232199666,10.3425430750147
70.4170417041704,3.3239008797056,17.2341849689841,10.341821386742
70.4270427042704,3.32477046251978,17.2351747419788,10.3399910983102
70.4370437043704,3.32906985087003,17.2334992140783,10.3439939044504
70.4470447044704,3.32933677113978,17.2339272430807,10.346014659608
70.4570457045705,3.33111118973742,17.2313039979008,10.3447129949781
70.4670467046705,3.33164258329497,17.2365058194855,10.3471323045426
70.4770477047705,3.33380075619318,17.2346929304541,10.349009772573
70.4870487048705,3.33530993765839,17.2354333956193,10.3508442284028
70.4970497049705,3.33518204985608,17.2323424527405,10.3489468485254
70.5070507050705,3.34019835999599,17.2303450060703,10.3470821072641
70.5170517051705,3.34442483708331,17.2283049902178,10.3435988456605
70.5270527052705,3.34440649879373,17.2280288347203,10.3448451332982
70.5370537053705,3.34678397038616,17.2320699012731,10.3441381795953
70.5470547054705,3.34711930480382,17.2329697423646,10.3464434791887
70.5570557055706,3.34779348040071,17.2313757090688,10.3429391723319
70.5670567056706,3.3497657147571,17.2354912724304,10.3401771429223
70.5770577057706,3.35238482317629,17.2329006358987,10.3382772235135
70.5870587058706,3.3506418232159,17.2314171285728,10.3387662111548
70.5970597059706,3.35161652013456,17.2302165597819,10.3397144640604
70.6070607060706,3.35516555902869,17.2286146537857,10.3394669855145
70.6170617061706,3.35576842310762,17.2296826014812,10.3416322105007
70.6270627062706,3.35574416386514,17.2264623729907,10.3426556955741
70.6370637063706,3.35719571705271,17.2246324695323,10.3444853633283
70.6470647064706,3.35852168662092,17.2237063086195,10.3440574633701
70.6570657065707,3.35621801934723,17.224070927539,10.3426597556095
70.6670667066707,3.35793482343126,17.2259497483602,10.3448219281116
70.6770677067707,3.35796756237055,17.224232710794,10.3441889740073
70.6870687068707,3.36057341819368,17.2242447404747,10.3473903107756
70.6970697069707,3.35946505482427,17.2199921375394,10.3458032783375
70.7070707070707,3.36056362876999,17.2192725997526,10.3466805413503
70.7170717071707,3.36091726803768,17.2172187614519,10.3499924231235
70.7270727072707,3.36456264028773,17.2175899034183,10.3517491589695
70.7370737073707,3.36358901950998,17.2173496587339,10.3519723745239
70.7470747074707,3.36429605805744,17.2183352503253,10.3509270880405
70.7570757075708,3.36715037523356,17.2167183450555,10.35180311576
70.7670767076708,3.36469052658617,17.2179460788341,10.3530988393889
70.7770777077708,3.36542598647031,17.2178732189775,10.351241030644
70.7870787078708,3.36492237905006,17.2196175968986,10.3504440055824
70.7970797079708,3.36631397472611,17.2199181895915,10.3539799781467
70.8070807080708,3.36779637954102,17.2198500949108,10.3546399078972
70.8170817081708,3.36722110194875,17.2207681795415,10.3541495575356
70.8270827082708,3.36836343247237,17.2243626337956,10.3570468044239
70.8370837083708,3.36977179395167,17.2243674945788,10.3585521681967
70.8470847084708,3.37346081539678,17.222799997808,10.3580522006826
70.8570857085709,3.37249487965207,17.2233817705237,10.3592609360227
70.8670867086709,3.37172738420301,17.2250436903649,10.3555013438793
70.8770877087709,3.37051886761097,17.2248841772414,10.3533610337574
70.8870887088709,3.3703329702153,17.2247152160138,10.3556122861865
70.8970897089709,3.37130805097621,17.2250489449871,10.3567484745787
70.9070907090709,3.37058058112,17.2251806385846,10.3543499817016
70.9170917091709,3.37255561797541,17.2247549424208,10.3575046520189
70.9270927092709,3.37181757125108,17.2267585818358,10.3572063750385
70.9370937093709,3.37183196419918,17.2292128055149,10.3601877960522
70.9470947094709,3.37292835855857,17.2285724510726,10.3575439576935
70.957095709571,3.38007311237071,17.2275180244952,10.3547138216598
70.967096709671,3.38049842098446,17.2267717820752,10.3538854770189
70.977097709771,3.37827478339174,17.2269544787079,10.3531412428285
70.987098709871,3.37672415431676,17.2250545052967,10.3539682349253
70.997099709971,3.37705264524972,17.22625525374,10.3535474273333
71.007100710071,3.37643630640121,17.2282532805451,10.3525021757524
71.017101710171,3.3784005198345,17.226756943627,10.3525577797839
71.027102710271,3.3770318951835,17.2290756003239,10.3547149625299
71.037103710371,3.37453883034721,17.2289795852266,10.3564401233294
71.047104710471,3.37384644370558,17.229082909107,10.3564943180137
71.0571057105711,3.37387305845958,17.2283418959173,10.3563690515208
71.0671067106711,3.37256339976452,17.2311703149679,10.3544900407779
71.0771077107711,3.37070274703903,17.2268831048188,10.3545905339407
71.0871087108711,3.36700238149039,17.2262119924824,10.3547677661914
71.0971097109711,3.36580759036504,17.2261076045027,10.3515179192323
71.1071107110711,3.36607990789231,17.2255498450978,10.3535069991463
71.1171117111711,3.36600455817831,17.2249104769324,10.3568745313897
71.1271127112711,3.36339388238446,17.2222747145802,10.3598104521455
71.1371137113711,3.36151974364292,17.2212139899318,10.3596970507159
71.1471147114711,3.3615331067797,17.2237747241345,10.3551175308994
71.1571157115712,3.36353169117034,17.2230129875892,10.3534627550629
71.1671167116712,3.36370126436919,17.2229675748881,10.3492102782322
71.1771177117712,3.36431554733861,17.2222468270163,10.3501835308487
71.1871187118712,3.3646261464317,17.2208723773268,10.3505482481142
71.1971197119712,3.36618545699562,17.2199980582124,10.3504507203359
71.2071207120712,3.36927399852171,17.2177989777022,10.3481089161606
71.2171217121712,3.37283178315518,17.2158407108386,10.3428775419332
71.2271227122712,3.37300213608358,17.2149571654027,10.3428660992872
71.2371237123712,3.37039914007574,17.212152464431,10.3425405297124
71.2471247124712,3.37230371433589,17.210750224003,10.3423938771042
71.2571257125713,3.37441565940066,17.2100310647852,10.3410092794554
71.2671267126713,3.37755808684006,17.2113500116565,10.3446868137635
71.2771277127713,3.37575817281547,17.2090152728329,10.3458752879413
71.2871287128713,3.3741540430506,17.2082956649283,10.3431695888195
71.2971297129713,3.37554726163273,17.2084212788003,10.3411583662836
71.3071307130713,3.37609169134822,17.2087225995662,10.3450352234342
71.3171317131713,3.37534883308641,17.2040339487209,10.3437034941415
71.3271327132713,3.37752032383095,17.1998144707966,10.3423197892588
71.3371337133713,3.37628987564872,17.1953313312444,10.3446465934889
71.3471347134713,3.37982542346172,17.1978528062027,10.3466667882526
71.3571357135714,3.38025514712441,17.1985106941019,10.3423237128751
71.3671367136714,3.38442989003432,17.1963414543959,10.3406957771633
71.3771377137714,3.38323585679293,17.1967857674582,10.3445972053798
71.3871387138714,3.3816129815603,17.1967151223024,10.3454541509407
71.3971397139714,3.38446130416196,17.1956508303023,10.342497994702
71.4071407140714,3.3826659500672,17.1949787189115,10.3412401454408
71.4171417141714,3.38060166625521,17.1963772252685,10.3427788658412
71.4271427142714,3.38286599860847,17.1946776854577,10.3459428714959
71.4371437143714,3.3821885402246,17.1950092323281,10.3492256075656
71.4471447144714,3.3801577345236,17.1963627106935,10.3505644580089
71.4571457145715,3.37993740120812,17.1983166832639,10.3462670931318
71.4671467146715,3.38063549147071,17.2010806901822,10.3463698673464
71.4771477147715,3.3830497007772,17.1997327389018,10.3477663295891
71.4871487148715,3.384796681256,17.1998206253484,10.3468035678476
71.4971497149715,3.38170142140784,17.1989714397106,10.3488650811438
71.5071507150715,3.3854038387546,17.196851003368,10.350569837245
71.5171517151715,3.38373048422186,17.1987631363559,10.3466330491097
71.5271527152715,3.38226732902262,17.1950153150667,10.3455031817185
71.5371537153715,3.38014213031399,17.1941346778891,10.3445206557995
71.5471547154715,3.3765352243657,17.1907203009893,10.3436231342259
71.5571557155716,3.37834090310891,17.1876909156361,10.3433693669424
71.5671567156716,3.37944239031339,17.1896379510656,10.343831966016
71.5771577157716,3.37782598904356,17.1904361197705,10.3420761815073
71.5871587158716,3.37294508095831,17.1919725694784,10.3412676173507
71.5971597159716,3.3704110763074,17.1915862989266,10.3408531387048
71.6071607160716,3.37054870615873,17.1942225930762,10.3432079204128
71.6171617161716,3.37258644512046,17.1953952525684,10.3462435836788
71.6271627162716,3.3720163294384,17.1924481534205,10.3476341255011
71.6371637163716,3.3708270297247,17.1910186536617,10.3496797955362
71.6471647164717,3.37022543798203,17.1910374548818,10.3451570180475
71.6571657165717,3.37422714692497,17.1916827511029,10.3450957528551
71.6671667166717,3.3728360434864,17.1892093988925,10.3457840316657
71.6771677167717,3.37377930203473,17.1873595035052,10.3485110073548
71.6871687168717,3.37418665690996,17.1899587810395,10.346953492354
71.6971697169717,3.37298954698884,17.1878783532918,10.3492813719658
71.7071707170717,3.37314528099457,17.1838825703252,10.3485006122285
71.7171717171717,3.37246630651571,17.1832585627106,10.3462345051164
71.7271727172717,3.37122496105642,17.1820909669944,10.3450084836345
71.7371737173717,3.37126620301223,17.1826637494361,10.3432913239257
71.7471747174718,3.37115915444437,17.1827521145752,10.3418069957026
71.7571757175718,3.37626896249747,17.1780628636114,10.3404701631737
71.7671767176718,3.37644124886224,17.1787701505361,10.3374779628654
71.7771777177718,3.37658060103397,17.1786871292917,10.3398635029511
71.7871787178718,3.37653964749408,17.1815803575632,10.3372910860067
71.7971797179718,3.37309680432519,17.1784287753161,10.3382162153426
71.8071807180718,3.37512435606138,17.1784365519146,10.339832040098
71.8171817181718,3.3739803771823,17.1777671897957,10.3430492080643
71.8271827182718,3.37287533766459,17.176761507552,10.3414918125134
71.8371837183718,3.3743797347979,17.178253353888,10.3395757872328
71.8471847184719,3.37653822264073,17.177898472316,10.3413375169448
71.8571857185719,3.37602069287133,17.1755620157042,10.3401580408232
71.8671867186719,3.37958821781829,17.1765432263075,10.3405061335483
71.8771877187719,3.37752613612489,17.1765347284602,10.34027171904
71.8871887188719,3.37606998440158,17.1779331850498,10.3361945985306
71.8971897189719,3.37564402626654,17.1776841074537,10.3384205339862
71.9071907190719,3.37488303691411,17.180730045572,10.3366789885669
71.9171917191719,3.3776285784864,17.1762814237368,10.3345585657564
71.9271927192719,3.37770847435383,17.1731382847274,10.3286834946225
71.9371937193719,3.37851423404393,17.1712187989481,10.3248206010807
71.947194719472,3.37873797189685,17.1735907855509,10.3234878763682
71.957195719572,3.38076869909696,17.1751743271708,10.3187357752911
71.967196719672,3.37757791175986,17.1750164451621,10.3193289988867
71.977197719772,3.38168054692629,17.1706217117964,10.3230442084835
71.987198719872,3.38121871276725,17.1725217276682,10.3222901806719
71.997199719972,3.38374630862204,17.1750229787724,10.3221811797679
72.007200720072,3.38678227158753,17.1742215746813,10.3209989008407
72.017201720172,3.38501671782911,17.1754769928537,10.3207172304536
72.027202720272,3.386395295074,17.1734606270733,10.3192179138472
72.037203720372,3.38795386885643,17.1720993208181,10.3205751529496
72.0472047204721,3.38946443258748,17.1736729622103,10.3208243538179
72.0572057205721,3.38745341138013,17.1763064369903,10.3239564464878
72.0672067206721,3.38267368544945,17.1764008251225,10.3235970106732
72.0772077207721,3.38408049541141,17.1803383373099,10.3239512849493
72.0872087208721,3.37949194682732,17.1803469819256,10.3228159378458
72.0972097209721,3.37409270709747,17.1818966720761,10.321872438486
72.1072107210721,3.37295184578141,17.1783990727263,10.3251992631525
72.1172117211721,3.37223072935205,17.179182391072,10.3248108223519
72.1272127212721,3.36983510318482,17.177617592048,10.3234547060957
72.1372137213721,3.37028855477167,17.1812839941624,10.3234990165693
72.1472147214722,3.36978266326729,17.1801585210207,10.3262404978403
72.1572157215722,3.37206080348011,17.1777266358166,10.3241994630623
72.1672167216722,3.37306915295223,17.1788474330471,10.3263918974974
72.1772177217722,3.37401545443738,17.1774028740625,10.3249877860265
72.1872187218722,3.37225657285585,17.1799096942907,10.3259851182731
72.1972197219722,3.36961653301884,17.1755124391089,10.3288737681551
72.2072207220722,3.36801746935089,17.1753609980268,10.3286825020763
72.2172217221722,3.36644502069052,17.1710182155856,10.3305715000958
72.2272227222722,3.36803170486494,17.1685163562947,10.3331442064677
72.2372237223722,3.36949772666703,17.1633922686713,10.3340114350442
72.2472247224723,3.36896032331214,17.1653717462178,10.3329420459326
72.2572257225723,3.36649462518235,17.1675674433295,10.3356826395482
72.2672267226723,3.36527517255601,17.1658619341558,10.3343959826384
72.2772277227723,3.36685634635226,17.1680885766057,10.3348991510619
72.2872287228723,3.36726361807098,17.1687529258439,10.3379534831171
72.2972297229723,3.36238086546428,17.1690992658071,10.3370575014543
72.3072307230723,3.36462019713294,17.1695360937419,10.3364557790896
72.3172317231723,3.36347857409969,17.1697095327217,10.3366104840759
72.3272327232723,3.36487096379963,17.169716624566,10.3360399571838
72.3372337233723,3.3662012473412,17.1686251495567,10.3340592130851
72.3472347234724,3.36542765202252,17.1675086178661,10.335075562596
72.3572357235724,3.36717276840353,17.1683551233284,10.3305822345658
72.3672367236724,3.36798409354543,17.1705340053008,10.3299096992683
72.3772377237724,3.36762847017777,17.1733035145625,10.3306850275017
72.3872387238724,3.36588541886533,17.1781130946637,10.3295047244964
72.3972397239724,3.36493206651816,17.1771650327544,10.3313596581106
72.4072407240724,3.35983015670827,17.1755140279923,10.3300063584503
72.4172417241724,3.36145512394667,17.176293484708,10.3302892545379
72.4272427242724,3.36486406126964,17.1769445836944,10.3292221007919
72.4372437243724,3.36069631755758,17.1770858637561,10.3317183970725
72.4472447244724,3.35901695488033,17.1750457179697,10.3307334486739
72.4572457245725,3.35816864198565,17.1773426002751,10.3293229176859
72.4672467246725,3.35626352678574,17.1767769548829,10.3294722761681
72.4772477247725,3.35855681663022,17.1760239479621,10.3321340204528
72.4872487248725,3.35701052357321,17.1782675059897,10.3290158130366
72.4972497249725,3.36203519407625,17.1771464005929,10.3312262097224
72.5072507250725,3.36383799080118,17.173154085366,10.3304898746952
72.5172517251725,3.35923065361676,17.1745510187034,10.3301121898035
72.5272527252725,3.35940472373366,17.1709402752592,10.3309453445696
72.5372537253725,3.36083557739961,17.1687981430596,10.330903153134
72.5472547254725,3.35901393551897,17.1654931382953,10.3319929555691
72.5572557255726,3.3590383878044,17.1626040398159,10.3309670097848
72.5672567256726,3.35752171849664,17.1624513136336,10.330480160233
72.5772577257726,3.35847916971691,17.1629770220796,10.3288796460307
72.5872587258726,3.35722297789046,17.1644660317227,10.327506691767
72.5972597259726,3.35981236952524,17.1623461542589,10.3283865901866
72.6072607260726,3.35881858660515,17.1612185495447,10.3275187387376
72.6172617261726,3.35674902303813,17.1569121423177,10.3295754395406
72.6272627262726,3.35784414443274,17.158650024709,10.3302242050805
72.6372637263726,3.35472499985338,17.1565603970722,10.3287835860925
72.6472647264726,3.35453373430803,17.1585584968027,10.3275890521024
72.6572657265727,3.35518373959754,17.1590555092623,10.3289701920007
72.6672667266727,3.35712718933195,17.1597422071264,10.3285738391979
72.6772677267727,3.35455365312559,17.1591045111192,10.3279449885213
72.6872687268727,3.35562079599123,17.1598585435186,10.3263065884599
72.6972697269727,3.35608767033913,17.1611070902335,10.3271249162722
72.7072707270727,3.35234378222531,17.1594376963875,10.3277820939709
72.7172717271727,3.35036768568502,17.1599172293725,10.3252371038862
72.7272727272727,3.35254386655688,17.1573026993784,10.324666183542
72.7372737273727,3.35175518976049,17.1546359017594,10.3250129335255
72.7472747274727,3.35465205493938,17.1550695075097,10.3254871144166
72.7572757275728,3.35564351424345,17.1524391623203,10.3268927965613
72.7672767276728,3.35666054302203,17.1515464786644,10.3258651445248
72.7772777277728,3.35613545975207,17.1523111771913,10.3242791212545
72.7872787278728,3.36011862317453,17.1516571497172,10.3232672393624
72.7972797279728,3.35801540598205,17.1499647391333,10.3238852197273
72.8072807280728,3.35698342005161,17.1471178790479,10.3243610994145
72.8172817281728,3.35874189375667,17.1448723720128,10.3227084832668
72.8272827282728,3.35604539268066,17.1431203323971,10.3266013604011
72.8372837283728,3.35615110806445,17.1448663469301,10.3249159722179
72.8472847284728,3.35609944879871,17.1459455774086,10.3231585634359
72.8572857285729,3.357606535662,17.1447104305987,10.3218280899985
72.8672867286729,3.36091340399402,17.1451176105073,10.3244122202192
72.8772877287729,3.35630278794235,17.1470329257959,10.3224451257839
72.8872887288729,3.35694578248924,17.1450237006545,10.3226117253868
72.8972897289729,3.35382266073769,17.1414219601564,10.3208880876381
72.9072907290729,3.35364476762524,17.1394803706818,10.3235816985953
72.9172917291729,3.35453916339742,17.1414895948487,10.324225497534
72.9272927292729,3.3504414178012,17.1386935366481,10.3224897792631
72.9372937293729,3.35088022900494,17.1373469182669,10.3215435695615
72.9472947294729,3.34649060931532,17.1402951607826,10.3229022785523
72.957295729573,3.34283465711023,17.1387771498492,10.3240722302379
72.967296729673,3.34615117049701,17.1370001962094,10.3247055666545
72.977297729773,3.34681513946138,17.136499447893,10.3221007251824
72.987298729873,3.34857987635006,17.1362981240845,10.3202756276318
72.997299729973,3.35055199546686,17.1342809566907,10.3168756385008
73.007300730073,3.34934697913956,17.1365027919044,10.3189936702092
73.017301730173,3.34835197632127,17.1349304021827,10.3212122710327
73.027302730273,3.34948670405078,17.1374933261146,10.320365230906
73.037303730373,3.34949556466811,17.1398192584756,10.319880484006
73.047304730473,3.34848621938015,17.1397055988371,10.3202219727299
73.0573057305731,3.34870532622529,17.1362987467228,10.316942346006
73.0673067306731,3.34799714616244,17.1350481410216,10.3201473071504
73.0773077307731,3.34383589977692,17.1337893156964,10.3191694905732
73.0873087308731,3.34177552293686,17.1269130766589,10.3181725601548
73.0973097309731,3.34036148107857,17.1255636702595,10.3232450324571
73.1073107310731,3.34097507080233,17.1229864823433,10.3246942403337
73.1173117311731,3.33937686992999,17.1216998336405,10.322843759693
73.1273127312731,3.33900944492667,17.122651852329,10.324740874975
73.1373137313731,3.3378718194179,17.1194846115986,10.3221001437189
73.1473147314731,3.33502640466799,17.1217614365271,10.3215525260629
73.1573157315732,3.33780036359498,17.1215752048671,10.3192845266543
73.1673167316732,3.33747942858431,17.1243137538661,10.318428537493
73.1773177317732,3.33516568959579,17.127802772778,10.321988464003
73.1873187318732,3.33509530915183,17.1263058512676,10.3239982763147
73.1973197319732,3.33484094397149,17.1276456608759,10.3248861811653
73.2073207320732,3.3329947250211,17.1225569533758,10.3249572013242
73.2173217321732,3.33007129020159,17.1221588259632,10.3225221874914
73.2273227322732,3.33402613045628,17.123411562449,10.3226825856082
73.2373237323732,3.33186347120678,17.1219811829894,10.3213366496442
73.2473247324732,3.33352699036079,17.1219592402785,10.3235827776359
73.2573257325733,3.33145794027079,17.1228427713707,10.3247728916283
73.2673267326733,3.33062719351819,17.1213013984106,10.3222057391314
73.2773277327733,3.33071049564357,17.120181056305,10.3234268959003
73.2873287328733,3.33191247616601,17.1157758783067,10.3237435898568
73.2973297329733,3.32872649882682,17.1154565038809,10.3247763790557
73.3073307330733,3.32859432948412,17.1145766255942,10.322297661039
73.3173317331733,3.32572060095356,17.1115784286771,10.3196107031721
73.3273327332733,3.32632527899348,17.1112381688625,10.3238779986719
73.3373337333733,3.32400443229522,17.1099764230917,10.3226068660371
73.3473347334733,3.32536184961193,17.1042901950327,10.3216704945963
73.3573357335734,3.32295787102459,17.1041157449653,10.3227730624965
73.3673367336734,3.32472050863185,17.1046781418524,10.321414190497
73.3773377337734,3.32395828896826,17.1048449215289,10.319812887577
73.3873387338734,3.32131651747451,17.1041752807266,10.3213860955017
73.3973397339734,3.32111551113972,17.1054769031683,10.3220977119993
73.4073407340734,3.32380059043426,17.1023134205475,10.3215098263161
73.4173417341734,3.32233339852658,17.1020288778328,10.3211352421759
73.4273427342734,3.32483802098379,17.1004397109084,10.320575380638
73.4373437343734,3.32620835786436,17.1022455511268,10.3170250199136
73.4473447344734,3.32610209741616,17.1019502789722,10.316689645396
73.4573457345735,3.32698164797167,17.1049845040038,10.3179367661178
73.4673467346735,3.32527716939762,17.1044928781117,10.3191179947902
73.4773477347735,3.32447447143594,17.1026115033743,10.3172372114351
73.4873487348735,3.32391300228306,17.1001406102445,10.3166543099729
73.4973497349735,3.32448021398,17.1009893451171,10.3181762524182
73.5073507350735,3.32640141032412,17.0989957446263,10.3184898149317
73.5173517351735,3.32206659168378,17.098390390448,10.3181407625143
73.5273527352735,3.32026132981924,17.095986553727,10.3209146554954
73.5373537353735,3.32022230254918,17.0938001803559,10.3198493256098
73.5473547354735,3.32284900605461,17.0965877606618,10.3227833100422
73.5573557355736,3.31952971539564,17.0947438398281,10.3251226573881
73.5673567356736,3.32380923376311,17.0929857904656,10.3213375078714
73.5773577357736,3.3268712889846,17.0930082065103,10.3201438709959
73.5873587358736,3.32817126548654,17.0908343091565,10.3183530447613
73.5973597359736,3.33098214398095,17.0904928540187,10.3171188311198
73.6073607360736,3.32898407146541,17.0880492975796,10.314751223018
73.6173617361736,3.32751520798063,17.0831844774944,10.317582795163
73.6273627362736,3.32735145263001,17.0829436219209,10.3193796939385
73.6373637363736,3.3279664705252,17.0788272173245,10.317837042384
73.6473647364736,3.32923688540817,17.0824651238948,10.3188683278016
73.6573657365737,3.32864921540367,17.0781218089863,10.3192691404741
73.6673667366737,3.32953445559402,17.07691593832,10.3190498369096
73.6773677367737,3.33257015956462,17.075410628752,10.3186379774597
73.6873687368737,3.33450457897269,17.0759106940346,10.3191447695784
73.6973697369737,3.33646086621487,17.0752316078414,10.317957476029
73.7073707370737,3.33397230530835,17.0735611109273,10.3151998020627
73.7173717371737,3.33192047824549,17.0722745744168,10.3171285162986
73.7273727372737,3.33020748257368,17.0710099793753,10.3162194572581
73.7373737373737,3.33063908735703,17.0702065566259,10.3173037662721
73.7473747374737,3.33287936624602,17.0669873768648,10.3164211888024
73.7573757375738,3.33334836548479,17.0656317363173,10.3181511875145
73.7673767376738,3.33147017908362,17.066808229599,10.3190082123604
73.7773777377738,3.32576453059963,17.0646348903341,10.3203602882309
73.7873787378738,3.32260687125079,17.06371344213,10.3166342360846
73.7973797379738,3.32012117520637,17.0621927633247,10.3163990943208
73.8073807380738,3.31737855510901,17.0641332781622,10.3158590105474
73.8173817381738,3.31718503171046,17.0640683944333,10.3168487322311
73.8273827382738,3.31381492764299,17.06468030849,10.3158540078002
73.8373837383738,3.31100213189769,17.0646675940563,10.3174930764775
73.8473847384738,3.30714763574346,17.066065929932,10.3176361650223
73.8573857385739,3.30415916626613,17.0626331082038,10.321798844607
73.8673867386739,3.30394738524165,17.0625154032924,10.3248182798795
73.8773877387739,3.30404293538751,17.0631123710775,10.323277961416
73.8873887388739,3.30371835852404,17.0627176767619,10.3225306555348
73.8973897389739,3.30203818033694,17.0631644315044,10.3228670663853
73.9073907390739,3.29831705622733,17.0615011363275,10.3206142413497
73.9173917391739,3.29844509256478,17.0642101160589,10.3181157668213
73.9273927392739,3.29604593031099,17.065913181571,10.3193908997465
73.9373937393739,3.2945086811336,17.0626723092265,10.3178008916962
73.9473947394739,3.29412748766043,17.0630478332473,10.3143526654967
73.957395739574,3.29303716940139,17.0640356375482,10.3152951692273
73.967396739674,3.29442788677284,17.065414865695,10.3159414926851
73.977397739774,3.29325042774974,17.0672054405512,10.3126186393185
73.987398739874,3.29017271845428,17.0673576945663,10.312532768628
73.997399739974,3.28870923905611,17.0689376469354,10.31347416634
74.007400740074,3.28935608600732,17.0676295164944,10.3127601307538
74.017401740174,3.2853772470215,17.0665316605572,10.3106026159755
74.027402740274,3.28518457563856,17.0644787515556,10.309909109093
74.037403740374,3.28772297801086,17.0635641698003,10.3112416349697
74.0474047404741,3.29023380134538,17.0678126182683,10.3126912102447
74.0574057405741,3.28699583171245,17.0646279089691,10.3092485293792
74.0674067406741,3.28544901369147,17.0654365506941,10.3080421709777
74.0774077407741,3.28557333099952,17.0659434499418,10.3135067459127
74.0874087408741,3.28733379684833,17.0639333751211,10.3109935752295
74.0974097409741,3.28604734466951,17.0635731553859,10.3118085287597
74.1074107410741,3.28382275816393,17.0635931977958,10.3093941893575
74.1174117411741,3.28298738156562,17.0642024213871,10.3078769753962
74.1274127412741,3.28440958944733,17.0625206309872,10.3070169327547
74.1374137413741,3.28622515886045,17.0623398636561,10.3091447732984
74.1474147414742,3.28874337294446,17.0616245273126,10.309732778479
74.1574157415742,3.29204305975391,17.0600572891862,10.3089894440029
74.1674167416742,3.29238138395656,17.06212472898,10.3103746141129
74.1774177417742,3.29621882381293,17.0634080266642,10.3090026856845
74.1874187418742,3.29680975445065,17.0639630361776,10.3090975940344
74.1974197419742,3.29579939737087,17.0621985941484,10.3112276387551
74.2074207420742,3.29588553685434,17.0674344393978,10.3085646609416
74.2174217421742,3.29640727382882,17.0679375343107,10.3057494186423
74.2274227422742,3.29672150060799,17.0678835113581,10.3073104712271
74.2374237423742,3.29556206722532,17.0659924877415,10.3071294871021
74.2474247424743,3.29279217090689,17.0648562469214,10.3050673765726
74.2574257425743,3.29223847712767,17.0636336354066,10.3018608150378
74.2674267426743,3.2928330498288,17.0608285922893,10.3004514868865
74.2774277427743,3.29266887737427,17.0616887005587,10.2981979425353
74.2874287428743,3.29582050945442,17.0576812697052,10.2960076436276
74.2974297429743,3.29924658654061,17.0532185234756,10.2949320809638
74.3074307430743,3.30033708364209,17.0525304353016,10.2963454135197
74.3174317431743,3.30500170379162,17.0508961472273,10.2951184355729
74.3274327432743,3.30273757160927,17.0505455384447,10.2962504390102
74.3374337433743,3.3023610885752,17.0481497806467,10.29389302806
74.3474347434744,3.30359861957855,17.047765073656,10.2941004731027
74.3574357435744,3.30209991716208,17.0425926831146,10.296154176235
74.3674367436744,3.30412914695757,17.0444709381822,10.2941167533063
74.3774377437744,3.30345737657434,17.0474049128597,10.2915499316163
74.3874387438744,3.30164405417826,17.0469621879266,10.2923666190466
74.3974397439744,3.30173039361528,17.0441322589896,10.2941136942835
74.4074407440744,3.30135924899574,17.040265096582,10.295390001357
74.4174417441744,3.30108820249655,17.0401274223766,10.2972246214899
74.4274427442744,3.3042465891749,17.0384761573089,10.2971923534518
74.4374437443744,3.30684981525363,17.0377240094637,10.294043559252
74.4474447444745,3.3070743250617,17.0373764046599,10.2912370627312
74.4574457445745,3.30785911779126,17.035255699351,10.289313899053
74.4674467446745,3.30777927156118,17.036657589515,10.2905431644436
74.4774477447745,3.31001102833892,17.0339592408532,10.2914658530926
74.4874487448745,3.30676146260659,17.0379342476931,10.2941335993232
74.4974497449745,3.30673723386501,17.0362307765999,10.2944566757284
74.5074507450745,3.30579868227929,17.0364462511829,10.2941273576529
74.5174517451745,3.30534599590334,17.0417278824884,10.2941548839998
74.5274527452745,3.30145164787879,17.0440963956359,10.2939376485692
74.5374537453745,3.30243830016209,17.0425356576702,10.2921465186199
74.5474547454746,3.30321088289905,17.0423866139514,10.2908253922014
74.5574557455746,3.30290953401747,17.0413080387852,10.2897614986322
74.5674567456746,3.30029905202798,17.0389237365522,10.2939977755313
74.5774577457746,3.298910776353,17.0336966101956,10.2920426607593
74.5874587458746,3.29699730745832,17.0310328762064,10.292809619134
74.5974597459746,3.29828677712693,17.0308968543329,10.2930057553965
74.6074607460746,3.29733143734292,17.0305601400155,10.2926646654909
74.6174617461746,3.29680763861487,17.0302820836377,10.2936365120214
74.6274627462746,3.30076203451265,17.0297829667089,10.2938253201232
74.6374637463746,3.3022125739172,17.0316779036599,10.2918586751842
74.6474647464747,3.30271528167208,17.0314697876705,10.2913741236885
74.6574657465747,3.30297457216254,17.0334370591634,10.2924768106845
74.6674667466747,3.30451244468671,17.0338563389447,10.2915322086177
74.6774677467747,3.30101677147878,17.0335728232855,10.2935392915334
74.6874687468747,3.2956012182219,17.0325535698726,10.2951394403198
74.6974697469747,3.29567441785896,17.0301809983875,10.2916942607262
74.7074707470747,3.29356102095517,17.031532581241,10.2889992023401
74.7174717471747,3.29261366303455,17.0325767453279,10.292640556022
74.7274727472747,3.29462043146581,17.0325706426061,10.295844563115
74.7374737473747,3.29533521697671,17.0366588141649,10.2960274008699
74.7474747474748,3.29462069617879,17.0356705692129,10.2961348476478
74.7574757475748,3.29582961396607,17.0297219542502,10.2950934872415
74.7674767476748,3.29494966949704,17.028096580509,10.2995510714638
74.7774777477748,3.29786107209018,17.0296271450641,10.2983671345691
74.7874787478748,3.29766352287422,17.0274224659371,10.2958883676802
74.7974797479748,3.29775120638135,17.0282876832564,10.299813827087
74.8074807480748,3.30171246101625,17.0306817576938,10.2976035318908
74.8174817481748,3.30142346871536,17.031599714654,10.2965590993107
74.8274827482748,3.30146198165333,17.035877183995,10.2942928198421
74.8374837483748,3.30524378737418,17.0356846968155,10.2969028262892
74.8474847484748,3.30439985527307,17.0362414584767,10.2959293100838
74.8574857485749,3.3030251265387,17.0353767088515,10.29328739538
74.8674867486749,3.30283173697172,17.0335813402291,10.2972744103217
74.8774877487749,3.30283189110699,17.0318505784631,10.2980020360739
74.8874887488749,3.30452923530552,17.0335281142272,10.2983056773451
74.8974897489749,3.30460563264224,17.0346374377259,10.2970727022351
74.9074907490749,3.30376977712673,17.0340904664195,10.2999200641553
74.9174917491749,3.30329422475247,17.0331294579979,10.3023613536677
74.9274927492749,3.30202765022155,17.0298721025276,10.3008621889179
74.9374937493749,3.29720161476511,17.0281183863633,10.2977540686789
74.9474947494749,3.29801526940588,17.024256029651,10.2937770888002
74.957495749575,3.29774249574336,17.0221471391048,10.2904349389809
74.967496749675,3.29757779717997,17.0223056739227,10.2908539464452
74.977497749775,3.29692089691763,17.0214301840114,10.2929291884586
74.987498749875,3.29521689167361,17.0233290008914,10.2941055980212
74.997499749975,3.29637680681917,17.0265137466222,10.2922893749161
75.007500750075,3.29477459701148,17.0268588219737,10.2941577408858
75.017501750175,3.29525647186767,17.0267100792755,10.299015515726
75.027502750275,3.29798660113568,17.0219872303178,10.2966936479197
75.037503750375,3.29605094082066,17.0219842687266,10.2965082032935
75.047504750475,3.29519804455505,17.0212518716619,10.2943645846304
75.0575057505751,3.29544246870397,17.0184335301698,10.2934861552488
75.0675067506751,3.29535361795523,17.01609743744,10.2938283456812
75.0775077507751,3.29865508297578,17.0129515774967,10.2930683725921
75.0875087508751,3.29724825067199,17.0128992134033,10.2939851476618
75.0975097509751,3.29912503079758,17.0142553352941,10.2912772741903
75.1075107510751,3.30399355658551,17.0122539929159,10.2886407791602
75.1175117511751,3.29810374837852,17.0096675181037,10.28550974953
75.1275127512751,3.29955993503062,17.0114746872208,10.2864588056131
75.1375137513751,3.29499647548898,17.0113534746904,10.286037765791
75.1475147514751,3.29506097488168,17.0104911409312,10.2898652141834
75.1575157515752,3.29202318556417,17.0094560291859,10.2891801743218
75.1675167516752,3.29215009577632,17.007890981589,10.2900732392003
75.1775177517752,3.29254333642709,17.0062063009435,10.2855910696332
75.1875187518752,3.28992078985954,17.0050747911137,10.2827883229344
75.1975197519752,3.29026284854788,17.004851535329,10.2813552338759
75.2075207520752,3.28995461535958,17.0068055615795,10.2806092130649
75.2175217521752,3.28788401707041,17.0100881777357,10.2864131157396
75.2275227522752,3.28744411965197,17.0077247524636,10.2903029031165
75.2375237523752,3.29031855604936,17.0079336559985,10.290130846626
75.2475247524752,3.29140027357547,17.0032122537487,10.2910535562503
75.2575257525753,3.29521727230746,17.0017617036411,10.292830057162
75.2675267526753,3.29443116352425,16.9971181641951,10.2936045459846
75.2775277527753,3.29410694721071,16.994458645507,10.2896925419415
75.2875287528753,3.29809134915761,16.9941605701793,10.2899356300261
75.2975297529753,3.2945349786053,16.9962273039903,10.2870608807262
75.3075307530753,3.29692368894413,16.9941249238369,10.2897691265326
75.3175317531753,3.29644696829375,16.9950825405349,10.290074132681
75.3275327532753,3.29521022217794,16.9953646251035,10.2923030352902
75.3375337533753,3.29721777263727,16.9952382406373,10.2897212084994
75.3475347534753,3.29896488816307,16.995937865459,10.2886793219823
75.3575357535754,3.30175184052527,16.9972147213782,10.2847849753072
75.3675367536754,3.29994812965485,16.9973890652779,10.2835838649428
75.3775377537754,3.30024577191223,16.9995205624723,10.2841208320426
75.3875387538754,3.30157567059651,16.9996633890538,10.2839669512727
75.3975397539754,3.29940878376498,17.0001461428725,10.282802516653
75.4075407540754,3.29957664486459,17.0013386838875,10.2797378391917
75.4175417541754,3.29598839821799,16.9978840882479,10.2775561068224
75.4275427542754,3.29421865284193,16.9959914525371,10.2769175820145
75.4375437543754,3.29434917389397,16.995791112992,10.2761696866582
75.4475447544754,3.2917711137596,16.9931790943429,10.2753814188409
75.4575457545755,3.29472561261989,16.9918266282681,10.2748780022298
75.4675467546755,3.29305027678463,16.991098793777,10.2756996612448
75.4775477547755,3.29021036086034,16.9892459109169,10.2763098879263
75.4875487548755,3.28955179884012,16.990981083248,10.2726913314031
75.4975497549755,3.28975914621683,16.9873713624942,10.2723777350193
75.5075507550755,3.29014052389835,16.9817768801633,10.2714326151357
75.5175517551755,3.28967221903723,16.9827527791483,10.2722295392962
75.5275527552755,3.29061851331465,16.9811375659255,10.2723573568514
75.5375537553755,3.29136886097587,16.9788509410255,10.2744474045906
75.5475547554755,3.28853947520142,16.9773970596453,10.2749955552669
75.5575557555756,3.28934019271269,16.9748417793107,10.2748194000015
75.5675567556756,3.29248561801248,16.9742504601894,10.2741552984691
75.5775577557756,3.29105777698537,16.9726788187822,10.2737834200768
75.5875587558756,3.29218029647904,16.9708824750801,10.2748252225539
75.5975597559756,3.29371835716114,16.9703275409809,10.2741130101127
75.6075607560756,3.29419522415875,16.9696743680664,10.2757992663595
75.6175617561756,3.29772665144863,16.9678391296182,10.2751696655828
75.6275627562756,3.29656258627564,16.9662945004344,10.2751116604816
75.6375637563756,3.29705051733709,16.9658800760054,10.2775352614678
75.6475647564756,3.2967834159717,16.9654482998308,10.2777226602873
75.6575657565757,3.29262484845242,16.9641999495466,10.2755038653026
75.6675667566757,3.29489431787682,16.9605945832583,10.2777121854268
75.6775677567757,3.2974620434071,16.9612750012793,10.2805770792567
75.6875687568757,3.29806150293208,16.9563982262086,10.2800213899559
75.6975697569757,3.29843933823027,16.9577600748778,10.2778113351498
75.7075707570757,3.30034965461954,16.9563357755933,10.2764434245848
75.7175717571757,3.30058112430733,16.9570371706633,10.2748609377275
75.7275727572757,3.30286028437479,16.956553269525,10.274404222245
75.7375737573757,3.30073535352387,16.9585033897655,10.275586610373
75.7475747574757,3.30154506259789,16.9565547343629,10.2731171610136
75.7575757575758,3.30223522028693,16.9571875581345,10.2703770828971
75.7675767576758,3.29887993978231,16.9557000936151,10.2688118137491
75.7775777577758,3.29982010623613,16.9540696781747,10.2673304586112
75.7875787578758,3.30121307070429,16.9545334647908,10.2658571933655
75.7975797579758,3.30249374997689,16.9529777510743,10.2667651018874
75.8075807580758,3.30070874642283,16.954863906127,10.2680459091084
75.8175817581758,3.30113968780708,16.9534177677914,10.2673225207942
75.8275827582758,3.30122931237038,16.95112586513,10.2634036791434
75.8375837583758,3.30293616694857,16.950953194049,10.2624768254871
75.8475847584758,3.30133414274021,16.9531286777433,10.260557101781
75.8575857585759,3.3012918361579,16.9513405107432,10.2609484292279
75.8675867586759,3.30110179123851,16.9518651478577,10.2604003656506
75.8775877587759,3.30124274177613,16.9495130060167,10.2606678557939
75.8875887588759,3.30419084335742,16.9532871330442,10.2584401309425
75.8975897589759,3.30410392842922,16.950981821233,10.260530001858
75.9075907590759,3.30409424057094,16.9521915630105,10.2608416167567
75.9175917591759,3.30542109026803,16.9521932927098,10.2613236642571
75.9275927592759,3.30801850491963,16.9518479898485,10.2626644835729
75.9375937593759,3.31080653649074,16.9546751427306,10.2615263078097
75.9475947594759,3.31231992522964,16.9533796227979,10.2600270877563
75.957595759576,3.30862740937282,16.9530475275237,10.2575940164844
75.967596759676,3.31152057011176,16.9526837538571,10.2585793146934
75.977597759776,3.30969470804507,16.9525145714201,10.2570011866377
75.987598759876,3.30817850731321,16.9518224407758,10.2546187326437
75.997599759976,3.30733187410977,16.9489095546352,10.2533242349182
76.007600760076,3.308905288803,16.9481021675832,10.2527068117572
76.017601760176,3.30752146660687,16.9496643043897,10.2534794199041
76.027602760276,3.30630349653654,16.947183284946,10.2536445961704
76.037603760376,3.30550705272243,16.9466102490089,10.2541526662145
76.047604760476,3.30525498991288,16.9464496939385,10.252975243261
76.0576057605761,3.30600469847926,16.9494999802754,10.2545874930708
76.0676067606761,3.30850446081163,16.9505840818521,10.2528381346354
76.0776077607761,3.31046814048405,16.9498491163663,10.2523773694143
76.0876087608761,3.31081310051879,16.9489218166007,10.2494136553012
76.0976097609761,3.30787396348749,16.947720591943,10.2495843782705
76.1076107610761,3.30834325662286,16.9479261397687,10.2488209016267
76.1176117611761,3.30727343536282,16.9490897409185,10.2494899080996
76.1276127612761,3.30682898723107,16.9477075992937,10.2516712401843
76.1376137613761,3.30318170835782,16.9456752236507,10.2539016101291
76.1476147614761,3.30212998336409,16.9443410169093,10.255392251009
76.1576157615762,3.30205919354867,16.9453968699649,10.2576506552937
76.1676167616762,3.30187073425996,16.9466068325528,10.2535398347787
76.1776177617762,3.30148331978867,16.9429985050945,10.2528631891657
76.1876187618762,3.3008381574914,16.9430850071743,10.2524271600526
76.1976197619762,3.30230993648135,16.9401752673874,10.2490823064243
76.2076207620762,3.30255736280829,16.9426649030179,10.2495415641313
76.2176217621762,3.30379855945841,16.9405748016407,10.252212542041
76.2276227622762,3.30646105874102,16.9417744825728,10.2517246412024
76.2376237623762,3.30611399939015,16.9418745374054,10.2547288157394
76.2476247624762,3.30338571476111,16.942905981517,10.2589250041455
76.2576257625763,3.30235338318639,16.9425739049325,10.2633407327892
76.2676267626763,3.30411559207566,16.9403575797473,10.2641592151955
76.2776277627763,3.30438866003187,16.9410854101151,10.2655720324158
76.2876287628763,3.30461502469955,16.940621822212,10.2647448790523
76.2976297629763,3.30530674321303,16.9403826267111,10.2641882778752
76.3076307630763,3.30677193560581,16.9411705628482,10.26365840478
76.3176317631763,3.30789166074641,16.9444354364448,10.2593291444263
76.3276327632763,3.3095932020577,16.9448556713229,10.2572969297071
76.3376337633763,3.30953526800422,16.9471784938448,10.2560616827338
76.3476347634763,3.3036449043956,16.9475528443424,10.2562728219235
76.3576357635764,3.30348002168402,16.9472822111222,10.2568983238589
76.3676367636764,3.30387523421381,16.94739176933,10.2594336084047
76.3776377637764,3.3015067206124,16.9454381814453,10.2627223401873
76.3876387638764,3.30104194557277,16.9459391605405,10.2603570496115
76.3976397639764,3.30134094159781,16.9486230497559,10.2592282559854
76.4076407640764,3.30175023515187,16.9503388661403,10.2570307367064
76.4176417641764,3.30009983569274,16.9520774060895,10.2594873587466
76.4276427642764,3.30305174553687,16.9535300864462,10.2601695345523
76.4376437643764,3.30367670925582,16.9525134305356,10.2589615595701
76.4476447644765,3.2999978504458,16.9502515562596,10.2590727182158
76.4576457645765,3.29956742898436,16.9506810269769,10.2594619725833
76.4676467646765,3.29710761914168,16.9502062924492,10.2578367934617
76.4776477647765,3.30083944995024,16.9480620164295,10.2573488417791
76.4876487648765,3.30216413866762,16.9513702118035,10.2571003466808
76.4976497649765,3.30331146704065,16.9507931456198,10.2559366522333
76.5076507650765,3.30227968339713,16.9480043111439,10.2571858317927
76.5176517651765,3.30348984288229,16.9467844304919,10.2558121209067
76.5276527652765,3.30665760949604,16.9463253990118,10.2574066542001
76.5376537653765,3.30668084188604,16.9453069283913,10.2561893324847
76.5476547654766,3.30528066696876,16.9448083556783,10.2542700157362
76.5576557655766,3.3058305425999,16.947119432064,10.2539684948695
76.5676567656766,3.30354088484413,16.9436938348317,10.2536008141078
76.5776577657766,3.306787764502,16.9459874248633,10.2499956157944
76.5876587658766,3.3043919392393,16.9455486978938,10.2513151884461
76.5976597659766,3.30336031705575,16.9458997638636,10.2494984982571
76.6076607660766,3.30414539151936,16.9457060560067,10.254128112429
76.6176617661766,3.30211049628081,16.9438262294837,10.2539909145663
76.6276627662766,3.30470674492919,16.9444001945029,10.2509433668032
76.6376637663766,3.30753580146082,16.9457084102727,10.2542029302092
76.6476647664767,3.30652906509147,16.9455304922638,10.2544247150279
76.6576657665767,3.30504252135199,16.9392529364638,10.2547624550494
76.6676667666767,3.30508206052332,16.9378205706199,10.2554465799807
76.6776677667767,3.30355192120392,16.937305535513,10.2556189764106
76.6876687668767,3.30421050209116,16.9328666834794,10.2550517324037
76.6976697669767,3.30383232128583,16.9305196141084,10.2561595281705
76.7076707670767,3.30375388710678,16.9280561554139,10.2582118093367
76.7176717671767,3.30365339308903,16.929875086984,10.2561216734362
76.7276727672767,3.30182881260145,16.9312583013484,10.2564763114155
76.7376737673767,3.30142728257515,16.9303782791654,10.2599082994868
76.7476747674768,3.30204717426681,16.9278559215829,10.2590282442761
76.7576757675768,3.30173520645888,16.9326686608727,10.2616468014355
76.7676767676768,3.30324126063821,16.9278420413684,10.2613053135791
76.7776777677768,3.30106420923866,16.9284373794643,10.2583482984068
76.7876787678768,3.29754779390557,16.9263784190247,10.2595067192152
76.7976797679768,3.29658800973679,16.9278088423575,10.2563682491968
76.8076807680768,3.3003870662057,16.927937726649,10.2562926639533
76.8176817681768,3.30212030151385,16.9305541797369,10.2552304954062
76.8276827682768,3.29998847835112,16.9325829402232,10.2530451200437
76.8376837683768,3.29844462098251,16.9321855925556,10.2546463810456
76.8476847684769,3.29494974714225,16.9291092547508,10.2531870362639
76.8576857685769,3.29192374028055,16.9326306365251,10.2527576215551
76.8676867686769,3.29178502509986,16.9339248149558,10.2516751451124
76.8776877687769,3.29364405543096,16.9344688960822,10.2526115548086
76.8876887688769,3.29191235657906,16.9364601100215,10.254851584366
76.8976897689769,3.29057577597309,16.9376526336055,10.259090479737
76.9076907690769,3.2884723674172,16.9350722710978,10.2611845711508
76.9176917691769,3.29031179883417,16.9322447614696,10.2610948521386
76.9276927692769,3.28751260423458,16.931246482546,10.2605643770756
76.9376937693769,3.28683634057155,16.9318368990964,10.2588380318959
76.947694769477,3.28770332514751,16.9290323953631,10.256659154731
76.957695769577,3.28670076633601,16.928549025817,10.2578361892443
76.967696769677,3.28621364264567,16.9274530600746,10.2602312943056
76.977697769777,3.28603386834719,16.9290964893117,10.2607820143298
76.987698769877,3.28647114615479,16.9277250146886,10.2594869012965
76.997699769977,3.28543768821017,16.9276989526514,10.2558641761019
77.007700770077,3.28550802927258,16.9279435222366,10.2563467282374
77.017701770177,3.28978167637046,16.9247921062861,10.2535910687025
77.027702770277,3.29178218618573,16.9231086117336,10.255908379234
77.037703770377,3.29123778884175,16.9217381133833,10.2558841071394
77.0477047704771,3.2929166575532,16.9204634905032,10.2553797205055
77.0577057705771,3.29086941901655,16.921042660912,10.2533294050061
77.0677067706771,3.28797200660999,16.9225074458888,10.2532652492461
77.0777077707771,3.28741304112258,16.9212992487685,10.2516290282803
77.0877087708771,3.28966132445463,16.9222812032176,10.2519503385114
77.0977097709771,3.28884339572449,16.9241917294806,10.2504624569796
77.1077107710771,3.28977651593216,16.9216892889814,10.2494281953418
77.1177117711771,3.28897022192829,16.9226731742662,10.2496731205217
77.1277127712771,3.28859430298151,16.9208912779797,10.2481550004495
77.1377137713771,3.28978168024319,16.918349942415,10.2444514117433
77.1477147714772,3.28852722369346,16.9214435444144,10.2469112996968
77.1577157715772,3.29030644195348,16.9202897138018,10.2464903170552
77.1677167716772,3.29004987777095,16.9217795609502,10.2447868919107
77.1777177717772,3.29065356023165,16.9252362934264,10.2433165194478
77.1877187718772,3.29181170495646,16.9223104630686,10.2443566988983
77.1977197719772,3.29328374786185,16.9238010730445,10.2456680925347
77.2077207720772,3.29536452958979,16.9216500261931,10.2473567777649
77.2177217721772,3.29339890373119,16.9179466758612,10.2478492059647
77.2277227722772,3.29023215453135,16.9181272685941,10.2447488472457
77.2377237723772,3.29119089786896,16.9158600761091,10.2442355071193
77.2477247724772,3.2938461904632,16.9132982555314,10.2429230675561
77.2577257725773,3.29393948656802,16.9121665249012,10.2422811057841
77.2677267726773,3.29538894533564,16.9122921659322,10.2410317004101
77.2777277727773,3.29154325095916,16.9131026190935,10.2403519122112
77.2877287728773,3.29124736410691,16.915928531893,10.2414497932704
77.2977297729773,3.29073876912075,16.9155850214084,10.2426698826136
77.3077307730773,3.29291264558149,16.9124715461582,10.2444090837992
77.3177317731773,3.28980715691755,16.9108735551077,10.2408114092487
77.3277327732773,3.2912245369539,16.9104572012309,10.2402148720917
77.3377337733773,3.28958016018905,16.9103218276465,10.2436102357092
77.3477347734773,3.2872876745746,16.9114153037799,10.2427373786565
77.3577357735774,3.28374797410954,16.9081309649336,10.2414663164555
77.3677367736774,3.28361731404943,16.9088130668669,10.2424537113288
77.3777377737774,3.28258583846485,16.9092211918557,10.2425975585287
77.3877387738774,3.27957242961382,16.9079788120396,10.2449869453604
77.3977397739774,3.28088316985148,16.904273972954,10.2448556447646
77.4077407740774,3.27778258887453,16.9042441538149,10.2425490452768
77.4177417741774,3.27774928228143,16.9083223772081,10.2410277478587
77.4277427742774,3.27861525751841,16.908293440862,10.2412950604866
77.4377437743774,3.27884900958178,16.9080819745988,10.2415177269321
77.4477447744774,3.2795301803082,16.9028539031291,10.2407706737236
77.4577457745775,3.27784070947039,16.9027011065456,10.2407428610827
77.4677467746775,3.27533767507388,16.9038133377118,10.2422413993143
77.4777477747775,3.27414966483093,16.9011480562404,10.2380797761678
77.4877487748775,3.27453469996084,16.902584649234,10.2338585184265
77.4977497749775,3.2744684823156,16.8997486604458,10.2337726506045
77.5077507750775,3.27548090685631,16.8992874968675,10.2337707914947
77.5177517751775,3.28018357946092,16.8973708906742,10.2356207331246
77.5277527752775,3.27933801180484,16.8996441138089,10.2399110947338
77.5377537753775,3.28377516161551,16.8969608400869,10.2424397244948
77.5477547754775,3.28661330117157,16.8989315301191,10.2381819006516
77.5577557755776,3.2888426339488,16.8956803486634,10.2345479969712
77.5677567756776,3.28761524025264,16.89602361321,10.2349936183536
77.5777577757776,3.28953177135424,16.8957905686147,10.2356135687359
77.5877587758776,3.29351076400112,16.8934776947719,10.2366731500346
77.5977597759776,3.29729805629013,16.8893035302979,10.2422805061112
77.6077607760776,3.29997256372413,16.8906669368469,10.2425777441503
77.6177617761776,3.30292506673064,16.891982626611,10.2419763998391
77.6277627762776,3.30478729134005,16.8899038314208,10.2396416513553
77.6377637763776,3.30371109093277,16.8859476045498,10.2405141549175
77.6477647764776,3.30595476805211,16.8870401030685,10.242078996702
77.6577657765777,3.30978307211378,16.8898575564227,10.2424449029098
77.6677667766777,3.31334752370036,16.8904638088605,10.24250188253
77.6777677767777,3.31034143808345,16.8899009118777,10.244529290916
77.6877687768777,3.31154185348043,16.8891962337553,10.2437010978105
77.6977697769777,3.31060046011913,16.8871114329444,10.242788244685
77.7077707770777,3.31106757724387,16.8861918917067,10.2434979712562
77.7177717771777,3.30952056286729,16.886095254324,10.2426498903121
77.7277727772777,3.30830529912664,16.8854873612916,10.2414273997066
77.7377737773777,3.30425260371044,16.8850446859833,10.2430712744869
77.7477747774777,3.30272648964263,16.8845932966507,10.2422721784195
77.7577757775778,3.30205076469391,16.884231704401,10.2392597175068
77.7677767776778,3.30180136205129,16.8837178678745,10.2391628620419
77.7777777777778,3.30113747700237,16.8775834937012,10.2368686214541
77.7877787778778,3.29894661713122,16.8759957800212,10.2338044794937
77.7977797779778,3.29902049877097,16.8791806543435,10.2327828824999
77.8077807780778,3.29425043275209,16.8806607759034,10.2338697384579
77.8177817781778,3.29103489312563,16.8784120754217,10.2341151010154
77.8277827782778,3.28945094270374,16.8811776459904,10.2357029250304
77.8377837783778,3.28695727586138,16.8796112940727,10.2332966135154
77.8477847784778,3.28510671711088,16.8799201736633,10.2368451509153
77.8577857785779,3.28522801307612,16.8799147954389,10.2369603905104
77.8677867786779,3.2867964362085,16.8835990416472,10.2362738876662
77.8777877787779,3.29081068656108,16.8814096434514,10.2340361131189
77.8877887788779,3.2889212276884,16.8840020492334,10.233351246613
77.8977897789779,3.28701045163421,16.883953496129,10.2320360829538
77.9077907790779,3.28758159981219,16.8823753307974,10.2313509647652
77.9177917791779,3.28675216642202,16.8811935358786,10.2330723276443
77.9277927792779,3.28454061301376,16.8788448909094,10.2314609892305
77.9377937793779,3.28656355919096,16.8781364924793,10.2299095396413
77.9477947794779,3.28732832725263,16.8775876426211,10.2280275862786
77.957795779578,3.28432870138248,16.8783139166754,10.2292680871672
77.967796779678,3.28370966107499,16.8768161901333,10.2262601631163
77.977797779778,3.27927411102473,16.8741801489026,10.2217557704735
77.987798779878,3.27980486271052,16.8758786038688,10.2240065802031
77.997799779978,3.27792941023697,16.8769396843424,10.2223461487027
78.007800780078,3.27978576041569,16.8764639860524,10.219270572325
78.017801780178,3.28246245546809,16.8744965784763,10.2217604944472
78.027802780278,3.28375558255581,16.8767016219835,10.2234782967046
78.037803780378,3.28467510720188,16.8774502696567,10.2240492147819
78.047804780478,3.28409619764494,16.8778392984966,10.2228586257817
78.0578057805781,3.28305754900491,16.8769270024856,10.2200197727311
78.0678067806781,3.28584737379856,16.8755889878546,10.2172115781986
78.0778077807781,3.28506726413442,16.8784938981901,10.2144196705849
78.0878087808781,3.28584171414437,16.8792458943737,10.2161016314051
78.0978097809781,3.28309865036913,16.8795111644732,10.2180083050516
78.1078107810781,3.27983221750302,16.877007696651,10.2183304102151
78.1178117811781,3.28076999066748,16.8760795665738,10.2175901437501
78.1278127812781,3.28011870667321,16.8752320627502,10.2189018153169
78.1378137813781,3.27924517640063,16.8778771494631,10.2190623812169
78.1478147814781,3.28103040262068,16.8770146355157,10.2195257724746
78.1578157815782,3.28414538634638,16.8739356081768,10.2179495895907
78.1678167816782,3.28552722808852,16.8712274934956,10.2171194123559
78.1778177817782,3.28505354608563,16.8703937588301,10.2152090177108
78.1878187818782,3.28352504682728,16.869589115799,10.2174971521746
78.1978197819782,3.28540497162085,16.8706902176359,10.2179245309762
78.2078207820782,3.28363704882354,16.8712970415218,10.2227363269668
78.2178217821782,3.28699312692194,16.8728309112172,10.2268545829679
78.2278227822782,3.28656185995729,16.8702192978881,10.2278020860722
78.2378237823782,3.29058034845688,16.8675895090052,10.2315386420142
78.2478247824782,3.29219413418392,16.866781979496,10.2300461283669
78.2578257825783,3.29331477182098,16.8652738841652,10.2319512673317
78.2678267826783,3.29344954917776,16.864024919507,10.2301120786424
78.2778277827783,3.29146317490454,16.8634655704631,10.2268523859689
78.2878287828783,3.29256053250425,16.8601547849965,10.223793731229
78.2978297829783,3.29598605945979,16.8603607614765,10.2275635929161
78.3078307830783,3.29578140313597,16.8619249376347,10.2239800400034
78.3178317831783,3.29281672800341,16.8608221799851,10.2252333145251
78.3278327832783,3.29339517802327,16.8550872700867,10.2246983349186
78.3378337833783,3.29100981170616,16.8568488503653,10.2259404435783
78.3478347834783,3.28678037823981,16.8557617095949,10.2230439603219
78.3578357835784,3.28654784468423,16.8515469092649,10.2205830860649
78.3678367836784,3.29059908036365,16.8483149631699,10.2189824706539
78.3778377837784,3.28914082437412,16.8474589364917,10.2194448157613
78.3878387838784,3.28902192789237,16.8469424041014,10.2187540670796
78.3978397839784,3.29015589056403,16.8465485221754,10.2148345277283
78.4078407840784,3.29613323612317,16.8463130087298,10.2158587981608
78.4178417841784,3.29804262387347,16.8459224081244,10.2176773635691
78.4278427842784,3.30248784785108,16.8460279632693,10.2182994827702
78.4378437843784,3.30468520675628,16.8448025374516,10.2204204956506
78.4478447844784,3.30532326825164,16.8446901460433,10.223149341721
78.4578457845785,3.30555347554867,16.8423648134125,10.2216930038769
78.4678467846785,3.30677452156413,16.840007965911,10.2205402146345
78.4778477847785,3.30376887635619,16.8354119610809,10.2191674367111
78.4878487848785,3.30414066448299,16.8356623193674,10.2205718933124
78.4978497849785,3.30826218620055,16.8368553759368,10.2237027949666
78.5078507850785,3.3098006596741,16.8343943833286,10.2223767931077
78.5178517851785,3.3089601045844,16.8329034008827,10.2214623584114
78.5278527852785,3.30852369409522,16.830248729573,10.2207463073533
78.5378537853785,3.30977662635599,16.8314299463304,10.2192771929144
78.5478547854785,3.31042710103277,16.8316901257351,10.2154309192625
78.5578557855786,3.31114506271331,16.8294011524132,10.2140423719686
78.5678567856786,3.31123903506614,16.8289466214852,10.2141749344445
78.5778577857786,3.3108202905718,16.8298073551691,10.2128826667194
78.5878587858786,3.31129415775971,16.8315493378937,10.2123466879122
78.5978597859786,3.30867804737744,16.8326259992367,10.2116907929345
78.6078607860786,3.30985225678779,16.8340228919233,10.2132294759918
78.6178617861786,3.31202139228492,16.8328884837226,10.2110698995808
78.6278627862786,3.31453377680548,16.8337543966309,10.2112549782147
78.6378637863786,3.31788785504784,16.832538524147,10.2148574843729
78.6478647864786,3.31586915242524,16.8379350615712,10.2119780046394
78.6578657865787,3.31493960620848,16.8375555921533,10.2118557747685
78.6678667866787,3.31574761443228,16.8349343351763,10.2105109570508
78.6778677867787,3.31296001201467,16.837330331722,10.2077551545873
78.6878687868787,3.31089334935266,16.8364773141793,10.2072071440985
78.6978697869787,3.30813108262191,16.8390706294198,10.2050590387549
78.7078707870787,3.30841020263337,16.8372943626695,10.2037769003377
78.7178717871787,3.31282682188807,16.8383373443649,10.2037402026932
78.7278727872787,3.31556164241777,16.8376493901164,10.2044975336501
78.7378737873787,3.31601745423314,16.8380759903044,10.2028190057291
78.7478747874788,3.31553587559866,16.8378429464731,10.2040703325951
78.7578757875788,3.31409458309446,16.8395847693718,10.2034378724088
78.7678767876788,3.3104056588939,16.8391510341294,10.2048829991713
78.7778777877788,3.30883952039869,16.8423182817114,10.2041681325323
78.7878787878788,3.31003435902116,16.8398237513985,10.2034833167729
78.7978797879788,3.3091651940721,16.8408533709319,10.1995297322263
78.8078807880788,3.31190423091496,16.8387433576986,10.1968290276633
78.8178817881788,3.31207427262537,16.8414396425542,10.1983117884813
78.8278827882788,3.30734425360035,16.8410011808586,10.1950652253931
78.8378837883788,3.31030175278551,16.8387539715522,10.1957560401829
78.8478847884789,3.31269196514435,16.8412554567021,10.1951033420344
78.8578857885789,3.31088869432854,16.8414542481256,10.1931903386644
78.8678867886789,3.30863684123787,16.8401494205295,10.1935137118438
78.8778877887789,3.31136293953644,16.8419718346217,10.1917199786239
78.8878887888789,3.31581673113403,16.8426123173567,10.1908253911619
78.8978897889789,3.31594496497935,16.8438136652259,10.1914478529726
78.9078907890789,3.31313789079486,16.8428587915844,10.1931710807348
78.9178917891789,3.31216928175072,16.8428089729364,10.1950894512987
78.9278927892789,3.30971786577031,16.8448617561858,10.1978640027034
78.9378937893789,3.31030450461198,16.8469348431512,10.1985662727242
78.947894789479,3.30746033138478,16.848883297816,10.1980595418095
78.957895789579,3.30746717349828,16.846751389916,10.1993910799384
78.967896789679,3.30977706007841,16.8459231412172,10.1962869253204
78.977897789779,3.3095231072166,16.8440253865355,10.1973037451008
78.987898789879,3.31462950002279,16.8450276375294,10.1994531964043
78.997899789979,3.31678523315149,16.8462659656654,10.1975397510314
79.007900790079,3.31667184234444,16.8455944251163,10.1972070921028
79.017901790179,3.3198580176695,16.8440087340093,10.1983120947662
79.027902790279,3.31849777030936,16.8427816618103,10.1999371556787
79.037903790379,3.31676046935274,16.8462120531237,10.1972397749262
79.0479047904791,3.31516896002182,16.8463240615868,10.1999937329471
79.0579057905791,3.31500894212597,16.8488756539815,10.2018218585448
79.0679067906791,3.31352899986831,16.8479329913315,10.2015875860126
79.0779077907791,3.31352991175348,16.8465652705139,10.2041001438067
79.0879087908791,3.31038905551952,16.8427327689308,10.2061084389485
79.0979097909791,3.31289919813578,16.8430833533483,10.2037610196562
79.1079107910791,3.31415977350145,16.8406918870797,10.2031949187486
79.1179117911791,3.31237462901795,16.8370585634383,10.2046114102815
79.1279127912791,3.31511836504662,16.8362874604819,10.2057080785299
79.1379137913791,3.31901680530846,16.837862216921,10.2062341941488
79.1479147914792,3.32321908885649,16.8385157543645,10.2079613485055
79.1579157915792,3.32209420682781,16.8388012426302,10.2070762312134
79.1679167916792,3.32070929174553,16.8382647300106,10.2085311683599
79.1779177917792,3.32086853340865,16.8390357112771,10.2085662693804
79.1879187918792,3.32072053654558,16.8356946637367,10.2107206518513
79.1979197919792,3.32155637621106,16.8367203598722,10.2127532316828
79.2079207920792,3.31706670227912,16.8342715580324,10.2137604430315
79.2179217921792,3.31957300636593,16.8337168525418,10.2151860270182
79.2279227922792,3.31861128730407,16.831648895622,10.213085042861
79.2379237923792,3.3125294859737,16.8315124802182,10.2125371522457
79.2479247924793,3.31343507642631,16.8322741860422,10.212844344056
79.2579257925793,3.31240913269343,16.8342472107799,10.2147785508873
79.2679267926793,3.3108688251387,16.8307027283027,10.2154956156057
79.2779277927793,3.30896954141707,16.8296809145309,10.2155003194999
79.2879287928793,3.3091148745658,16.8272720425422,10.2166134961474
79.2979297929793,3.30738548832192,16.8229836875867,10.2161423128591
79.3079307930793,3.30793081087471,16.8221637783968,10.2159879718188
79.3179317931793,3.30361354420259,16.8196294583341,10.2146787320586
79.3279327932793,3.30173102620913,16.8195653107566,10.2166012109444
79.3379337933793,3.30159923680862,16.8192826027909,10.2169301604633
79.3479347934794,3.29966076423994,16.8187369075773,10.2168147152574
79.3579357935794,3.297516309685,16.8213810520088,10.2140590715366
79.3679367936794,3.30036933773577,16.8229646838152,10.2174928475048
79.3779377937794,3.30177947053524,16.8244290561507,10.2181080063155
79.3879387938794,3.30301462543192,16.8209371396448,10.2192468879431
79.3979397939794,3.30217979884895,16.8205487219126,10.21999613674
79.4079407940794,3.30080236366458,16.8199658651303,10.218726783497
79.4179417941794,3.29915684322395,16.8179831908345,10.2203802076655
79.4279427942794,3.29536884697004,16.8128769192854,10.2180690988699
79.4379437943794,3.29641178651392,16.8102677625131,10.2160006512108
79.4479447944795,3.29627949342984,16.8115524758044,10.2164402407011
79.4579457945795,3.29581388486139,16.8152300887681,10.2160659351201
79.4679467946795,3.30098641037577,16.8165823458319,10.213934427238
79.4779477947795,3.29946919079974,16.8142221928785,10.2123559077206
79.4879487948795,3.29714623522553,16.8164188345383,10.2117239182454
79.4979497949795,3.29912154866785,16.8171553908,10.2116639614485
79.5079507950795,3.30119648856847,16.8170506174846,10.2131942970198
79.5179517951795,3.30409327019486,16.8124128663754,10.211350017367
79.5279527952795,3.30584306481093,16.8123429324983,10.2100138844271
79.5379537953795,3.30525944703113,16.8108111530859,10.2110041741628
79.5479547954796,3.30587228151429,16.8109424559806,10.2103962611718
79.5579557955796,3.30755107569404,16.8129348022613,10.2102500094025
79.5679567956796,3.30540079461959,16.8127446809034,10.2119338615346
79.5779577957796,3.30321419172373,16.8129221396614,10.2102571147296
79.5879587958796,3.30385761621342,16.8102019020773,10.2101894030636
79.5979597959796,3.30066159727018,16.809307327134,10.2104187897446
79.6079607960796,3.30322534625146,16.8067247507882,10.207159532274
79.6179617961796,3.30047570161566,16.8084975321579,10.208297924511
79.6279627962796,3.30098578110524,16.8088431935521,10.2061982459459
79.6379637963796,3.29892810909779,16.8090523868173,10.2047993974876
79.6479647964796,3.29761268243648,16.812583546002,10.2095821703437
79.6579657965797,3.29406744773893,16.8148757989719,10.2077010957147
79.6679667966797,3.2927911929437,16.8158660771513,10.2065699765033
79.6779677967797,3.29438250847146,16.8134451012692,10.2046631842623
79.6879687968797,3.29514115858098,16.8145248265426,10.2044019195347
79.6979697969797,3.29388551982864,16.8150346459417,10.2039550281931
79.7079707970797,3.29400076686103,16.8170140320869,10.2053437934946
79.7179717971797,3.2955501325592,16.8117708127926,10.2068044677739
79.7279727972797,3.29613893958644,16.8126586311675,10.2061529324859
79.7379737973797,3.2952802954981,16.8082568484559,10.2062523480466
79.7479747974797,3.29676852967749,16.806927088483,10.2097252121468
79.7579757975798,3.29176599472774,16.8059159344075,10.2095320030951
79.7679767976798,3.28921532201419,16.8064993555707,10.2082349967315
79.7779777977798,3.29468353589598,16.8059946249239,10.2072553378129
79.7879787978798,3.29324429574278,16.8032693083041,10.2057618615614
79.7979797979798,3.29245353701074,16.802339965187,10.203511220313
79.8079807980798,3.2947174017446,16.8030623938214,10.2034646597821
79.8179817981798,3.29826827713631,16.8019882898933,10.2032441023391
79.8279827982798,3.29643700631898,16.8029818916106,10.2077390781783
79.8379837983798,3.29862220482225,16.8016069702374,10.2064233938212
79.8479847984798,3.29898365435472,16.8036072388215,10.2046713431718
79.8579857985799,3.29884144211923,16.8031571414486,10.2047412682367
79.8679867986799,3.2987005194612,16.800641885117,10.2055445322382
79.8779877987799,3.3016413507437,16.7973124108755,10.2075795033315
79.8879887988799,3.3000236094694,16.7981678856656,10.2090144126414
79.8979897989799,3.30167640153449,16.8006071200979,10.2100151235685
79.9079907990799,3.30247011199216,16.8026489378246,10.2103474133019
79.9179917991799,3.30029222198397,16.8034321406392,10.2073953396043
79.9279927992799,3.29809252364927,16.8024879126693,10.2095622715176
79.9379937993799,3.300511378572,16.7987329485578,10.2135235743714
79.9479947994799,3.30095355899492,16.7984175196864,10.2153915475244
79.95799579958,3.30258133019205,16.8021232290031,10.2143409309163
79.96799679968,3.30488109673752,16.8019706361204,10.2145689378977
79.97799779978,3.300239478113,16.8036448618491,10.2175376238774
79.98799879988,3.30254419541719,16.8051186577591,10.2196997968064
79.99799979998,3.29842369512794,16.8047059227589,10.2229967600396
80.00800080008,3.30122074586091,16.8043809700086,10.2249558012901
80.01800180018,3.29881103217965,16.8030132887509,10.2250962873302
80.02800280028,3.3020214570608,16.7987309279043,10.2244329580364
80.03800380038,3.3043913770949,16.7963829216525,10.220714015016
80.04800480048,3.30663099933697,16.7940127790407,10.2237431224707
80.0580058005801,3.30661043199139,16.7944615179266,10.2233941840746
80.0680068006801,3.30971050077214,16.7943992071556,10.2219837748665
80.0780078007801,3.31204601704327,16.7955376831898,10.2221445472819
80.0880088008801,3.31266699635962,16.7911338824965,10.2225062672938
80.0980098009801,3.31091668269985,16.7916422112806,10.2196803003816
80.1080108010801,3.30818323529242,16.7908395585967,10.2175966801779
80.1180118011801,3.30601374434771,16.788896249568,10.2188120931476
80.1280128012801,3.30364222258509,16.7907890990893,10.2193356586859
80.1380138013801,3.29811248228375,16.7857199663647,10.2194457472805
80.1480148014801,3.297672946228,16.789007933257,10.2186896968464
80.1580158015802,3.29664909874328,16.7892437943092,10.2188250093834
80.1680168016802,3.29958535947169,16.7884770044024,10.2178590354389
80.1780178017802,3.29822513485354,16.7856311162555,10.2165954019529
80.1880188018802,3.29844789328333,16.7828285748145,10.2177400244555
80.1980198019802,3.29375787587109,16.7843131199177,10.2179436446142
80.2080208020802,3.29528188551727,16.780284572717,10.2165795537369
80.2180218021802,3.29620096834641,16.7779510234815,10.2150123835135
80.2280228022802,3.29560148858258,16.774701530525,10.213087606292
80.2380238023802,3.29085883419913,16.7698567896799,10.2113733344037
80.2480248024802,3.28966911333578,16.7712829427979,10.2118066786966
80.2580258025803,3.28984733889089,16.7700023875004,10.2156651436493
80.2680268026803,3.28962037934721,16.7720120665926,10.2132863661642
80.2780278027803,3.28860304215131,16.7731486947921,10.2155127078944
80.2880288028803,3.28818242385176,16.7744787479398,10.2153852686616
80.2980298029803,3.28709274799815,16.772592110148,10.2159452966134
80.3080308030803,3.28600398361987,16.772792785253,10.2166524595109
80.3180318031803,3.28661515737176,16.7726521510938,10.2153694035563
80.3280328032803,3.28691300816204,16.7738196802596,10.2158599110862
80.3380338033803,3.28626114976291,16.7705887342914,10.218062916995
80.3480348034803,3.28746884914849,16.7702165409544,10.2176253309132
80.3580358035804,3.28589788850226,16.7676125603527,10.2178161711801
80.3680368036804,3.28606991250715,16.7642873354564,10.2153543636375
80.3780378037804,3.28751920298429,16.7637554719171,10.218464980366
80.3880388038804,3.28970114229883,16.76263540226,10.2196240335741
80.3980398039804,3.29292266977284,16.7654863601644,10.220912671966
80.4080408040804,3.29717770637948,16.7634172595793,10.2188950980923
80.4180418041804,3.29656175831684,16.7628762097803,10.2182497561071
80.4280428042804,3.29447726506175,16.7618186825817,10.2174742721785
80.4380438043804,3.29651506352625,16.7624088658422,10.2156036547676
80.4480448044804,3.30280713803464,16.7642059031361,10.2157367375112
80.4580458045805,3.30389939217502,16.7622466889977,10.2151022948458
80.4680468046805,3.30514270478607,16.7577135149679,10.2163894084752
80.4780478047805,3.30598539652127,16.7519393037821,10.2155928076547
80.4880488048805,3.30615250148464,16.7528867199035,10.2148484118763
80.4980498049805,3.30321269272939,16.7521609473237,10.2148115944577
80.5080508050805,3.30105359473315,16.7529359162965,10.2153048894004
80.5180518051805,3.29943636798517,16.7497305008458,10.2165551960003
80.5280528052805,3.29532890349587,16.7501495908287,10.2179716213361
80.5380538053805,3.29233503726849,16.7518950438875,10.219435418058
80.5480548054805,3.29361201667145,16.7526100041401,10.2212994126962
80.5580558055806,3.29421972513816,16.7515157255343,10.2203214914712
80.5680568056806,3.29759490731769,16.7512798899749,10.2221553744568
80.5780578057806,3.30099255717034,16.7511946167954,10.2238829216006
80.5880588058806,3.30010290089959,16.7460720844868,10.2228251190666
80.5980598059806,3.29845724780684,16.7465582296755,10.2231936554622
80.6080608060806,3.29757799031524,16.7442069129256,10.2201605966293
80.6180618061806,3.30384661100798,16.7439024777263,10.2214782062065
80.6280628062806,3.30098893642724,16.739516145493,10.2193072954718
80.6380638063806,3.30313035814961,16.7388913554247,10.2208765990786
80.6480648064806,3.30733567117753,16.743137480669,10.2203024717777
80.6580658065807,3.30893196487006,16.7451302707688,10.2190148633887
80.6680668066807,3.30846613239579,16.7432008858583,10.2178618654804
80.6780678067807,3.30980552138037,16.7413245038069,10.2197900376721
80.6880688068807,3.30549269111344,16.7382563546219,10.2228440767578
80.6980698069807,3.30645326282423,16.7366275498213,10.222045142232
80.7080708070807,3.30695042688835,16.7352981596655,10.2203389028548
80.7180718071807,3.30831331891185,16.7339174812035,10.2216049282583
80.7280728072807,3.30740342703562,16.734894331902,10.2248761573463
80.7380738073807,3.31023589862824,16.7313401480434,10.2241954948178
80.7480748074807,3.31218527736997,16.7339564987791,10.2213219354295
80.7580758075808,3.31472028988906,16.7359479473166,10.2189933522636
80.7680768076808,3.31325687399435,16.7381094878661,10.2189244221453
80.7780778077808,3.31336553679169,16.7349392974392,10.2152383985412
80.7880788078808,3.31147394262106,16.7340257035384,10.2146503717113
80.7980798079808,3.30878531034794,16.7331169858989,10.2121503868065
80.8080808080808,3.30827262589347,16.7328082943524,10.2122962721983
80.8180818081808,3.31004876803687,16.734168153056,10.2124297231806
80.8280828082808,3.31584470313752,16.7301875428617,10.2120654558956
80.8380838083808,3.31429585124708,16.7299736025349,10.2078163537169
80.8480848084808,3.31042134139894,16.7300991648933,10.2072538836644
80.8580858085809,3.31148118704343,16.7341644287553,10.2079506721169
80.8680868086809,3.3112276889594,16.7318745345761,10.2073989682606
80.8780878087809,3.31036866664809,16.7280676659706,10.2055625483466
80.8880888088809,3.31000794710795,16.7256909505963,10.2065560498005
80.8980898089809,3.30976538530038,16.7232461920363,10.2024580050334
80.9080908090809,3.3095548172405,16.724176651433,10.2000646182359
80.9180918091809,3.31282975149297,16.7243221812587,10.1996081677938
80.9280928092809,3.3111986172825,16.7249070047124,10.2015716112876
80.9380938093809,3.31094044377353,16.7255671839546,10.2013547382292
80.9480948094809,3.31123426598851,16.725904238673,10.1992867745674
80.958095809581,3.30974450264853,16.723017821682,10.1974547747332
80.968096809681,3.30976798893402,16.7230148037984,10.1976593082172
80.978097809781,3.30651913268766,16.7224881739605,10.2018265664431
80.988098809881,3.3081001618275,16.7240512597294,10.2001515583814
80.998099809981,3.30740431195423,16.7253565757971,10.1989739798954
81.008100810081,3.30670729579218,16.7268289145701,10.1982865696185
81.018101810181,3.30391868407213,16.7288682225165,10.1981047198042
81.028102810281,3.29920738091917,16.7289244751438,10.1972478258557
81.038103810381,3.30068634798814,16.7298737687082,10.1960984673129
81.048104810481,3.29874783449812,16.7330826865611,10.1943077412725
81.0581058105811,3.29445620630078,16.7305813633664,10.1940733713156
81.0681068106811,3.29167685088036,16.7352573798687,10.1936796399713
81.0781078107811,3.29101592144035,16.736046436807,10.1950032212122
81.0881088108811,3.29311076198602,16.7387878500113,10.1921660297159
81.0981098109811,3.29633901382044,16.7392601804268,10.1913951854338
81.1081108110811,3.29923861526085,16.741458752022,10.192133070427
81.1181118111811,3.29779785244035,16.742406263501,10.1900914303437
81.1281128112811,3.29739760826149,16.7444271521958,10.1867429520775
81.1381138113811,3.29479520102209,16.7476502847081,10.1882143840364
81.1481148114812,3.29769838813416,16.745739708356,10.184984401457
81.1581158115812,3.29668383103314,16.7470465688632,10.1854147223065
81.1681168116812,3.29920285971331,16.7479039841821,10.1874321707607
81.1781178117812,3.29805101324567,16.74539462521,10.1877265875268
81.1881188118812,3.29861669759401,16.7450479722203,10.1878140538557
81.1981198119812,3.2976334675142,16.7433048653827,10.1851765720008
81.2081208120812,3.30029373148244,16.7434000561042,10.1851982289852
81.2181218121812,3.29861769234906,16.7452565132343,10.1821373167133
81.2281228122812,3.30020126138262,16.743369407138,10.18235656282
81.2381238123812,3.29907637040018,16.7438189851658,10.1794661438114
81.2481248124813,3.30338290142295,16.7430183064966,10.1795266370752
81.2581258125813,3.30237434606863,16.7453339671078,10.182287887277
81.2681268126813,3.30235767715633,16.7465944262812,10.1831740265958
81.2781278127813,3.30662206574754,16.7460877775056,10.1836811371999
81.2881288128813,3.30179511770372,16.7486058758791,10.1834976031317
81.2981298129813,3.30382643226659,16.7498303420078,10.1852250965004
81.3081308130813,3.30677929415363,16.7465859730983,10.184894216689
81.3181318131813,3.3071363841099,16.7461244517998,10.1853089639198
81.3281328132813,3.30801092536547,16.7449022794576,10.1830384264347
81.3381338133813,3.31079080819916,16.7468451396696,10.1803442433565
81.3481348134814,3.31097293029651,16.7494084652207,10.1814716187967
81.3581358135814,3.31125158440094,16.745301191531,10.1848236018362
81.3681368136814,3.31229847697618,16.7455292805722,10.1870590095393
81.3781378137814,3.31319147328505,16.7440865452192,10.183527917179
81.3881388138814,3.31410602345953,16.7433240243173,10.1850632944864
81.3981398139814,3.31647741925571,16.7420147016121,10.1851023052494
81.4081408140814,3.31933476639921,16.7410458683061,10.1892901229458
81.4181418141814,3.31837529672307,16.7416970235287,10.1875802054105
81.4281428142814,3.3186311759816,16.7384754978533,10.1859231473963
81.4381438143814,3.31880416816337,16.7370166393492,10.1878566863034
81.4481448144815,3.31949297131371,16.7404236161249,10.1882448927012
81.4581458145815,3.32152249222726,16.7413092887907,10.1889298859397
81.4681468146815,3.31956363115638,16.7399847098706,10.1887654314531
81.4781478147815,3.32194714731072,16.741322093543,10.1844474452517
81.4881488148815,3.32491409045052,16.7437032462808,10.1844852695991
81.4981498149815,3.3262073254155,16.743839473962,10.1844900501979
81.5081508150815,3.32595878408144,16.7440069989157,10.1883302414249
81.5181518151815,3.32915241589706,16.7467136516925,10.1915096903488
81.5281528152815,3.32896333543147,16.7476655076981,10.189214564113
81.5381538153815,3.33120918695508,16.7477463527536,10.1886983179536
81.5481548154816,3.33280334748321,16.7474087396718,10.1904688525758
81.5581558155816,3.3326095995241,16.7480181089393,10.1900265994352
81.5681568156816,3.33036689689165,16.7500902524812,10.1924940640767
81.5781578157816,3.33224521256924,16.7508114293118,10.1910202579862
81.5881588158816,3.33071834054676,16.7510466896124,10.1934858357141
81.5981598159816,3.32947542599258,16.7524783812732,10.1933891105763
81.6081608160816,3.33617252346875,16.7532380686165,10.1936904411139
81.6181618161816,3.34049546260312,16.752997934048,10.1978393580395
81.6281628162816,3.33716543448346,16.7567864112812,10.1988206826243
81.6381638163816,3.33797909256115,16.7572994914816,10.195259650761
81.6481648164817,3.3387207430324,16.7511894151417,10.1971272186045
81.6581658165817,3.3398765188816,16.7504423338528,10.1974953840552
81.6681668166817,3.3401137286443,16.748882227092,10.1973906387113
81.6781678167817,3.3420860229858,16.7517769425569,10.1949658574388
81.6881688168817,3.34015337467798,16.7548592294573,10.1961769150735
81.6981698169817,3.34293900249073,16.7556039086716,10.1949505833264
81.7081708170817,3.34069845967617,16.7551742326496,10.1957475808889
81.7181718171817,3.33933049175236,16.753998731322,10.2012414021674
81.7281728172817,3.34064144719721,16.7529684815665,10.1985329697739
81.7381738173817,3.33726326800986,16.7540721898028,10.1952528009205
81.7481748174818,3.3386066480403,16.7541500927278,10.1932259374306
81.7581758175818,3.33811633769076,16.7565082778063,10.1941891331808
81.7681768176818,3.3359846759623,16.7560141896227,10.193439612628
81.7781778177818,3.33417625240067,16.7515291825498,10.1949478064745
81.7881788178818,3.33424057106538,16.752625725133,10.1947357646895
81.7981798179818,3.33514208671366,16.7547949652376,10.1942114130402
81.8081808180818,3.33551996036573,16.7515670712921,10.1910506640094
81.8181818181818,3.33109020705278,16.7505055587538,10.1945969917672
81.8281828182818,3.33164100773799,16.7490262600231,10.19301267847
81.8381838183818,3.3334419883261,16.748885897066,10.1931564290519
81.8481848184819,3.33378830253358,16.7492237499782,10.1932647636332
81.8581858185819,3.33071567568889,16.7490647327533,10.1927583215899
81.8681868186819,3.33088642941766,16.7498072409706,10.1917481750123
81.8781878187819,3.33018175416657,16.7509494976999,10.1891516309855
81.8881888188819,3.32932392989075,16.7520363915545,10.188171824516
81.8981898189819,3.32669945404573,16.7516646148905,10.1861005473159
81.9081908190819,3.32698953934752,16.7521622195793,10.1888360971214
81.9181918191819,3.32753956934875,16.7532052535927,10.1896712094185
81.9281928192819,3.32748014718703,16.7531476591118,10.194429357734
81.9381938193819,3.33127938362408,16.7518889218934,10.1939791990131
81.948194819482,3.33326909548262,16.7495283379552,10.1941565665541
81.958195819582,3.33276381556451,16.7515279613164,10.1954971020563
81.968196819682,3.33131635213775,16.753984427118,10.1958279944873
81.978197819782,3.33306139476743,16.7527026830445,10.1953593712829
81.988198819882,3.33062471774891,16.7536460511941,10.1932544192856
81.998199819982,3.33036814728392,16.7548540757448,10.1909697903296
82.008200820082,3.33123506328052,16.7595644742404,10.1868411862587
82.018201820182,3.33320802902903,16.7619210061561,10.1878633084624
82.028202820282,3.33321937007282,16.7637748575717,10.1894196762447
82.038203820382,3.33280613921684,16.7641601143716,10.1893818739276
82.048204820482,3.3358261083729,16.762901988646,10.192691234673
82.0582058205821,3.33599084366466,16.7615974025475,10.1945330879513
82.0682068206821,3.33534219002596,16.7618474048244,10.1942244758956
82.0782078207821,3.33513512032559,16.7602528931912,10.1930256620231
82.0882088208821,3.33429631683416,16.7601750096851,10.1870246558216
82.0982098209821,3.3336198563556,16.7628991419542,10.1868339475765
82.1082108210821,3.33488015300589,16.7627913752489,10.1842224979922
82.1182118211821,3.33366222731531,16.7669150678654,10.1843379201196
82.1282128212821,3.33368235856673,16.7666484566971,10.1879994174727
82.1382138213821,3.33547461745384,16.7676424195722,10.1883339102518
82.1482148214821,3.333445975451,16.7644054896599,10.1850311962298
82.1582158215822,3.33555050951283,16.7654017625992,10.1864354022874
82.1682168216822,3.3372822336933,16.7640255559164,10.1836658754067
82.1782178217822,3.33942068084693,16.7649848412813,10.1811361426875
82.1882188218822,3.33833122655933,16.769306415609,10.1826522338332
82.1982198219822,3.3376125304683,16.7691641412005,10.1827668629134
82.2082208220822,3.33745647963708,16.7707958152441,10.1821302098802
82.2182218221822,3.33881774162486,16.771019414063,10.1802398321643
82.2282228222822,3.34133521695473,16.7734637339907,10.1848910673068
82.2382238223822,3.34240527963465,16.7752403036689,10.1834647040781
82.2482248224822,3.34083047846749,16.7766568688557,10.17760562102
82.2582258225823,3.34215796577152,16.7772968994348,10.179980769406
82.2682268226823,3.34300400316025,16.7790819109982,10.1782577446712
82.2782278227823,3.34314926716918,16.7793289999785,10.1762861638246
82.2882288228823,3.34308989660932,16.7796632657045,10.1813218649435
82.2982298229823,3.34263167956056,16.7781787886949,10.1829273579666
82.3082308230823,3.34104634111357,16.7807565094562,10.1822640095199
82.3182318231823,3.33972901014681,16.7801812401871,10.17832765641
82.3282328232823,3.33838212066767,16.7795815115358,10.1783876688613
82.3382338233823,3.34082927715665,16.7794433886273,10.1780668277244
82.3482348234823,3.34165178303813,16.777490603901,10.1767633388799
82.3582358235824,3.34367498571839,16.7753751942093,10.1769746620958
82.3682368236824,3.34276729787045,16.7711943366385,10.1759532483189
82.3782378237824,3.34114816001217,16.7741840176696,10.1745974335214
82.3882388238824,3.33920144038312,16.7743514744427,10.1761793119915
82.3982398239824,3.33749848607061,16.7742776461304,10.1804376982177
82.4082408240824,3.33833327532664,16.7723173087523,10.1771132393137
82.4182418241824,3.34112156176557,16.7720758739756,10.1785138948645
82.4282428242824,3.34181790199983,16.7715671327503,10.1811826841363
82.4382438243824,3.34139118165093,16.7748613406679,10.1795690631398
82.4482448244824,3.34343754947406,16.7716392052514,10.1788290385957
82.4582458245825,3.34421438601838,16.7687170209841,10.1762202885222
82.4682468246825,3.34533607344029,16.7672550904642,10.1802207606397
82.4782478247825,3.34362395262401,16.7695752802462,10.1823823254346
82.4882488248825,3.34312771108973,16.7680911044957,10.1819765307622
82.4982498249825,3.34285559906001,16.7692000454724,10.1810830419768
82.5082508250825,3.34203165230728,16.7689020620237,10.1808339695474
82.5182518251825,3.34329594629512,16.7689295847813,10.1825911694274
82.5282528252825,3.34526271483803,16.7699474158234,10.1829923096452
82.5382538253825,3.34781301068298,16.7712565544275,10.1801088172832
82.5482548254825,3.35037196799518,16.7720222979391,10.1778733924156
82.5582558255826,3.34613616538358,16.7722717057309,10.1757345829623
82.5682568256826,3.34639946778906,16.7744800558079,10.174634737268
82.5782578257826,3.34552530881933,16.7720794215016,10.1762434843306
82.5882588258826,3.34526794156264,16.7735125474246,10.1775209930284
82.5982598259826,3.34355461205473,16.7742607004911,10.1748465984195
82.6082608260826,3.34482826783958,16.7734580289888,10.179336629332
82.6182618261826,3.34469380656231,16.7732800159091,10.1780861418976
82.6282628262826,3.34668352030143,16.7705398548488,10.1775418950446
82.6382638263826,3.34682377562267,16.7700523653451,10.1751744946587
82.6482648264826,3.35071346061009,16.768853621153,10.1752557890624
82.6582658265827,3.34757058142751,16.7695483532644,10.1743839418455
82.6682668266827,3.34894039342646,16.769622887375,10.1742523627626
82.6782678267827,3.3498946580756,16.7687993435007,10.1756209748406
82.6882688268827,3.35150389552422,16.7709106359573,10.1766543618507
82.6982698269827,3.34887708454106,16.7681550513859,10.178852006152
82.7082708270827,3.34959545309455,16.7682605161321,10.1769569991532
82.7182718271827,3.35243385010956,16.7731891039781,10.1760993371294
82.7282728272827,3.35232003135513,16.7721526513331,10.1758344140244
82.7382738273827,3.34766076950805,16.7716505714666,10.1772784252309
82.7482748274827,3.34766972561462,16.7720715549915,10.1772100355878
82.7582758275828,3.34849477162126,16.768014356376,10.1768706051921
82.7682768276828,3.34791235402911,16.7700387559885,10.1739205036983
82.7782778277828,3.34625996854204,16.7711814747132,10.1759205854821
82.7882788278828,3.34612750214214,16.772717868661,10.1743118401692
82.7982798279828,3.34658058768517,16.7745795465206,10.1738247423169
82.8082808280828,3.34817097048753,16.7753132828285,10.1743063137153
82.8182818281828,3.34964080663943,16.7750483450334,10.1732745591164
82.8282828282828,3.34758100335682,16.778351427439,10.1704684014123
82.8382838283828,3.34976050310837,16.7755789324546,10.1688801165188
82.8482848284828,3.35023666457702,16.7740725353154,10.1715843217523
82.8582858285829,3.34867706982417,16.7754078736997,10.1722953182828
82.8682868286829,3.34430944414584,16.7728010778982,10.1744167019146
82.8782878287829,3.34161668456496,16.7707789413852,10.1736579707826
82.8882888288829,3.34212595792778,16.7698565821894,10.1729154092743
82.8982898289829,3.34145498026836,16.7724203156071,10.1756352382371
82.9082908290829,3.34362464880372,16.7709340146624,10.1789517137757
82.9182918291829,3.34189208936322,16.7717470767194,10.1796909786089
82.9282928292829,3.34082276803262,16.7746414427269,10.1759268226916
82.9382938293829,3.33925180072522,16.7777915969001,10.1770794143013
82.9482948294829,3.33719888476052,16.7759336863763,10.1796588200606
82.958295829583,3.33962713386418,16.776803179207,10.1810680415114
82.968296829683,3.3401343404467,16.7750509343653,10.1815433324114
82.978297829783,3.34197534714262,16.776959031399,10.1835877604127
82.988298829883,3.34195251964629,16.7759316609251,10.1824397699946
82.998299829983,3.34572042459403,16.7752299458449,10.1821474502765
83.008300830083,3.34460759317757,16.7745696050762,10.1809346279415
83.018301830183,3.34823249967052,16.7760314921542,10.1801264590384
83.028302830283,3.347746843553,16.7777663756357,10.1792780689299
83.038303830383,3.348554553706,16.7800373703566,10.1791907338624
83.048304830483,3.35111971458328,16.7800264001587,10.1787404127282
83.0583058305831,3.34942038373045,16.7793143637744,10.181530510502
83.0683068306831,3.34820857719166,16.7790074134868,10.1803961067805
83.0783078307831,3.34761148866894,16.7806198174298,10.1849569985867
83.0883088308831,3.35001812275286,16.7777534528036,10.1873180770828
83.0983098309831,3.35209525227505,16.7799362345278,10.1884092456481
83.1083108310831,3.35372280083565,16.7805029526012,10.1838016034377
83.1183118311831,3.35321611031047,16.7825633014805,10.1831182051732
83.1283128312831,3.35029451468195,16.7837055229731,10.1813128191811
83.1383138313831,3.35015770618128,16.7835657752383,10.1787015081606
83.1483148314831,3.35023329348287,16.7842590606411,10.1781819073154
83.1583158315832,3.34948878832888,16.785061832683,10.1800500521279
83.1683168316832,3.3458132543371,16.7858919784195,10.1816008555611
83.1783178317832,3.34443171556373,16.7858165351184,10.1862525278071
83.1883188318832,3.3454018804451,16.7878988600008,10.1851648675508
83.1983198319832,3.34362987646231,16.7906171703021,10.1855243797
83.2083208320832,3.34522160168933,16.792763819503,10.1855752112765
83.2183218321832,3.34300738367291,16.7924199167416,10.1834930603003
83.2283228322832,3.34399307150655,16.7897463449885,10.1864548220707
83.2383238323832,3.34355590363077,16.788541014706,10.188302524593
83.2483248324832,3.34366776200419,16.7894260744184,10.1855984675039
83.2583258325833,3.34323752900039,16.7878988338647,10.1844766449979
83.2683268326833,3.34175926777429,16.7846678877345,10.1847972674194
83.2783278327833,3.34632724215373,16.7863044955231,10.1835831959964
83.2883288328833,3.34359520518873,16.7901798952282,10.181801446454
83.2983298329833,3.34381710356808,16.788018271684,10.1795240859418
83.3083308330833,3.34283471096849,16.788369587971,10.1837957226215
83.3183318331833,3.34071237413876,16.7889861737803,10.1850366143867
83.3283328332833,3.34101657547312,16.7847415242178,10.1848070218589
83.3383338333833,3.34288100889294,16.7815522369509,10.1828499777311
83.3483348334833,3.34442222187857,16.7851143627076,10.1779007988626
83.3583358335834,3.342948884363,16.7845850817488,10.1797366750311
83.3683368336834,3.34443990672576,16.785186870164,10.1778112625023
83.3783378337834,3.34499413432926,16.7868665219708,10.1796642755622
83.3883388338834,3.34716158904834,16.7879730279275,10.1815284233444
83.3983398339834,3.3465478118128,16.7882779771497,10.181001692742
83.4083408340834,3.34418018518788,16.7871003548316,10.1806349762717
83.4183418341834,3.34043166345417,16.7832569164024,10.1828948133293
83.4283428342834,3.34182539862234,16.7858219258631,10.1868826279065
83.4383438343834,3.34384277471052,16.786178846481,10.1881838195945
83.4483448344834,3.34218014599319,16.786230615049,10.1879991644232
83.4583458345835,3.34461104962162,16.7854472954981,10.1873828016748
83.4683468346835,3.34702674813215,16.7866440973085,10.1879083854313
83.4783478347835,3.34328247696484,16.7827106818467,10.1881470363666
83.4883488348835,3.34973177659526,16.7820314365207,10.1881328041747
83.4983498349835,3.34939823501828,16.7796770276874,10.1867694482604
83.5083508350835,3.34787515318178,16.7810552993507,10.18755851117
83.5183518351835,3.35128838714246,16.7835471496539,10.1881156926667
83.5283528352835,3.34758598390335,16.7858808508563,10.1944330609736
83.5383538353835,3.3473074496903,16.7860056860101,10.195079976708
83.5483548354836,3.34540740988914,16.787958937736,10.1963074975037
83.5583558355836,3.34733081877406,16.7882646704935,10.193974299721
83.5683568356836,3.3494239121439,16.790941782682,10.1945874498198
83.5783578357836,3.3479637708094,16.7896702609429,10.1925928010159
83.5883588358836,3.34655618938731,16.7887781298463,10.1961279172496
83.5983598359836,3.35137273668307,16.7864602002765,10.1943975457757
83.6083608360836,3.35093303394602,16.7879735112964,10.195305660691
83.6183618361836,3.35187052755367,16.7855204856674,10.1938708947992
83.6283628362836,3.35349332756127,16.7875823036358,10.1938515050717
83.6383638363836,3.35106127322573,16.7897868587982,10.1925931342255
83.6483648364837,3.34939251200911,16.7910843177181,10.1920331803528
83.6583658365837,3.34990945995103,16.787882383503,10.1899490640396
83.6683668366837,3.35103651535721,16.7889957831389,10.1922151910051
83.6783678367837,3.34957707036676,16.7885646703726,10.1920364091394
83.6883688368837,3.3513514837043,16.7887915767676,10.1924375669428
83.6983698369837,3.35357706072041,16.7915663654128,10.1944327590379
83.7083708370837,3.35278001832491,16.7907444770217,10.1922115937858
83.7183718371837,3.3532963794493,16.7880316335944,10.1919620710186
83.7283728372837,3.35411498653775,16.7867702399408,10.1889324901311
83.7383738373837,3.35000652979969,16.7834800711492,10.1889297161988
83.7483748374838,3.35116732411535,16.7857170013922,10.1891463200024
83.7583758375838,3.35123225580487,16.7861447295553,10.1862552237312
83.7683768376838,3.35062424935729,16.7874602971268,10.187982301329
83.7783778377838,3.35202425555927,16.7870065196456,10.1853865464243
83.7883788378838,3.34925376186263,16.7864513689409,10.1822489924802
83.7983798379838,3.35072502883134,16.787635229529,10.1838606733417
83.8083808380838,3.34913911362641,16.7904622466405,10.1849494936964
83.8183818381838,3.34726941786154,16.7883584124473,10.1866161262778
83.8283828382838,3.34642997346583,16.7873595167562,10.1865678521711
83.8383838383838,3.34838112761585,16.7876899808887,10.1890941376411
83.8483848384839,3.34717446326678,16.7870112684012,10.1910580280071
83.8583858385839,3.34668276484176,16.7881900793193,10.188961363233
83.8683868386839,3.34450390843918,16.7890361040925,10.188338744975
83.8783878387839,3.34290210782646,16.7888863819258,10.1926273184454
83.8883888388839,3.34520447045917,16.7902573112326,10.1949833095222
83.8983898389839,3.34776577147523,16.7864735642851,10.1983079709084
83.9083908390839,3.34714519866604,16.7843382788826,10.1953041126165
83.9183918391839,3.3481241843858,16.785048575328,10.197715359828
83.9283928392839,3.34378399427873,16.7844728959254,10.1960403730093
83.9383938393839,3.34256819145824,16.7879644565017,10.1973464203081
83.948394839484,3.34318606475334,16.7881534824657,10.200371428135
83.958395839584,3.34823370576454,16.7895911219198,10.200308175696
83.968396839684,3.34654143979439,16.7912069916835,10.2012664385272
83.978397839784,3.34373758784113,16.7917957903419,10.2034035378317
83.988398839884,3.33763921754,16.7912927940423,10.2044833399366
83.998399839984,3.33784602815112,16.7895413616443,10.2037249377078
84.008400840084,3.34000261053381,16.7951631394336,10.2040542154111
84.018401840184,3.33920515822866,16.7920658120886,10.2049288773495
84.028402840284,3.34169021958894,16.7889252424294,10.2023301150979
84.038403840384,3.34001021252709,16.7916027961732,10.201686366947
84.0484048404841,3.3421427721599,16.7921135825921,10.2028608608234
84.0584058405841,3.34087314380506,16.789362373279,10.2034863506264
84.0684068406841,3.34327246065012,16.78890549128,10.2050236742773
84.0784078407841,3.3448412866871,16.7898011032344,10.2036945176901
84.0884088408841,3.34249880467039,16.7889051067635,10.2039662222635
84.0984098409841,3.34449041567945,16.7894173651039,10.209181993456
84.1084108410841,3.34174956230731,16.7906928184326,10.2095491354737
84.1184118411841,3.34128439553509,16.7895054468095,10.2089073114318
84.1284128412841,3.34135727663707,16.7926184194447,10.2136395143329
84.1384138413841,3.34064811262603,16.7896685501207,10.2099312629663
84.1484148414842,3.34007466288037,16.7921223598744,10.2090174734947
84.1584158415842,3.3393804339516,16.7929201614435,10.2053236743558
84.1684168416842,3.34209820194044,16.7933853123994,10.2036156623988
84.1784178417842,3.34380786847335,16.796331560376,10.2015947287988
84.1884188418842,3.34545178932933,16.7975952052294,10.2015618133536
84.1984198419842,3.3456484191054,16.7990581386947,10.1990360562642
84.2084208420842,3.34461882147001,16.8016299426893,10.2009915706994
84.2184218421842,3.34239687353724,16.8037025023692,10.2043707463135
84.2284228422842,3.33971872552113,16.8047956259952,10.2038347281052
84.2384238423842,3.34029186432104,16.8011335709358,10.2000334835816
84.2484248424843,3.34126593453752,16.8016892955851,10.1980187701576
84.2584258425843,3.34140485628813,16.8050804989222,10.198023088354
84.2684268426843,3.34156128505605,16.8066921270464,10.1993844184973
84.2784278427843,3.34219752771068,16.8057220452943,10.1986975030544
84.2884288428843,3.34137646462656,16.8042853599054,10.1982813740263
84.2984298429843,3.34001275775702,16.8022727643972,10.2024107424947
84.3084308430843,3.34059828706798,16.7998239961926,10.2050655853435
84.3184318431843,3.34170635108884,16.8028845159683,10.2060344064479
84.3284328432843,3.33902998716202,16.8055215643149,10.2070528200256
84.3384338433843,3.33889194719763,16.8045510266571,10.2049168125805
84.3484348434844,3.33975098243193,16.803366589297,10.202828093887
84.3584358435844,3.34117703915526,16.8077639537725,10.20299004708
84.3684368436844,3.34177552552745,16.8093973684746,10.2012579411543
84.3784378437844,3.34061767062425,16.8092626737833,10.2006943483223
84.3884388438844,3.3433287972435,16.8049872171561,10.200135227374
84.3984398439844,3.34527307849471,16.8065205060411,10.1981005037539
84.4084408440844,3.35052483772366,16.8075364035344,10.1992573397244
84.4184418441844,3.35211841439096,16.8073571561219,10.1963715952127
84.4284428442844,3.35188608238012,16.8090990492668,10.1952042180234
84.4384438443844,3.34932746253799,16.809976385667,10.1943488860759
84.4484448444844,3.34915683557418,16.8096290764776,10.1965640252632
84.4584458445845,3.34646642140129,16.8090659075669,10.1955598236352
84.4684468446845,3.34647649578201,16.8073738563602,10.1978207462741
84.4784478447845,3.34761236153004,16.8084859433359,10.1994445479083
84.4884488448845,3.34881828505856,16.8096649050851,10.1993364193153
84.4984498449845,3.34685068133746,16.8078040275313,10.2027468388332
84.5084508450845,3.34553842048071,16.808910768978,10.2017845916116
84.5184518451845,3.34581318175264,16.8080685444416,10.2026343507489
84.5284528452845,3.34292607981626,16.8063670635656,10.201741327621
84.5384538453845,3.34251817909843,16.8055811995445,10.2031553557594
84.5484548454845,3.34130101077551,16.8057835874348,10.2024409466393
84.5584558455846,3.33996209931533,16.8092176223947,10.1977679686273
84.5684568456846,3.33895335638145,16.8089800626256,10.1978023779232
84.5784578457846,3.34010900455763,16.8079913215677,10.1989922012366
84.5884588458846,3.34165018702593,16.8075164226113,10.2002933846496
84.5984598459846,3.34499243871575,16.8066647791512,10.20373264112
84.6084608460846,3.34716507908947,16.8071704613703,10.200809739609
84.6184618461846,3.34719159283935,16.8073827009619,10.199468112048
84.6284628462846,3.34758984107985,16.8040710920429,10.1963525031793
84.6384638463846,3.34841410182178,16.8095279148574,10.1938310055456
84.6484648464846,3.34950800170628,16.8059120964009,10.1922164258939
84.6584658465847,3.34670352604702,16.8060253230602,10.1900178747363
84.6684668466847,3.34661843023592,16.8036570535189,10.1916817410529
84.6784678467847,3.35189250253333,16.8010658678933,10.1891844247065
84.6884688468847,3.35423990277579,16.8004930425488,10.1880920416878
84.6984698469847,3.35332304527317,16.8042300114779,10.1895663481311
84.7084708470847,3.35158224353222,16.8049898997577,10.1921217884369
84.7184718471847,3.35042498679405,16.8051474871853,10.1916567801921
84.7284728472847,3.34980054729444,16.8078917589444,10.1884013311646
84.7384738473847,3.34816071407483,16.8076051992874,10.1887784070014
84.7484748474847,3.34773945115256,16.8073192256926,10.1898034611235
84.7584758475848,3.34601602208229,16.808911662541,10.1908529131687
84.7684768476848,3.34751903321883,16.8122444199794,10.1906487701483
84.7784778477848,3.34871697200415,16.8134241878317,10.1953248215347
84.7884788478848,3.34746102198783,16.8160597202439,10.1961598983253
84.7984798479848,3.34696520950186,16.8143755602919,10.1964455929498
84.8084808480848,3.34546414083879,16.8138215786409,10.1974073225484
84.8184818481848,3.34534980956693,16.8109363877503,10.1949374088743
84.8284828482848,3.34391755491041,16.8090765957452,10.1952780723058
84.8384838483848,3.34511918502704,16.8078693217542,10.1969301882604
84.8484848484848,3.34636503007328,16.8095821923209,10.1960553204882
84.8584858485849,3.34207082366541,16.8106207114036,10.1957254019289
84.8684868486849,3.34322459138351,16.8101996702219,10.1940967331983
84.8784878487849,3.34192721788116,16.8100808464859,10.1951149986571
84.8884888488849,3.3425017371427,16.8115281556336,10.1948706453687
84.8984898489849,3.34635108747425,16.8121051934548,10.1910682755454
84.9084908490849,3.34402202092069,16.8093085762662,10.1914522218416
84.9184918491849,3.34724284925666,16.8046087717741,10.1910791084325
84.9284928492849,3.34488439638745,16.8008855749536,10.1888379761367
84.9384938493849,3.34329510532235,16.800214745489,10.1850273981539
84.9484948494849,3.34291736476173,16.8017257218554,10.1851268257093
84.958495849585,3.34115489614639,16.8010840536518,10.1865406570462
84.968496849685,3.33890609821606,16.7998317950694,10.1851876175474
84.978497849785,3.3381860627218,16.7979148423696,10.1864829940645
84.988498849885,3.33848491869013,16.7971637238735,10.1824776986476
84.998499849985,3.33825757356936,16.7997699795902,10.1853532042999
85.008500850085,3.34147584771475,16.7992377080207,10.1789166823802
85.018501850185,3.3431164341173,16.7984824156769,10.1778092506728
85.028502850285,3.34269043605457,16.8007573806779,10.1797541877411
85.038503850385,3.34306722934391,16.8001391750054,10.1792555179068
85.048504850485,3.34352914026354,16.8006799445823,10.1767980306979
85.0585058505851,3.34367472112367,16.7978922121668,10.177445656909
85.0685068506851,3.34285734425051,16.7941722876634,10.1790904757116
85.0785078507851,3.34245692374566,16.7945343675437,10.1800183805323
85.0885088508851,3.34279579163721,16.7934153595424,10.1788237705709
85.0985098509851,3.34583562257534,16.7905799492733,10.1772837380243
85.1085108510851,3.34744684143455,16.7895958842531,10.1757869090908
85.1185118511851,3.34828721635219,16.7899522680356,10.1770184240576
85.1285128512851,3.34826436978405,16.7893331706101,10.1762842116229
85.1385138513851,3.34621246572146,16.7904485083494,10.1755569597984
85.1485148514851,3.34181935508723,16.7895376222245,10.171738821531
85.1585158515852,3.33993237554658,16.7864710551893,10.1735698107747
85.1685168516852,3.33715032454688,16.7845986646479,10.1712114612362
85.1785178517852,3.33733616147986,16.7856259805482,10.1711855352484
85.1885188518852,3.33803651305073,16.7866794367288,10.1719524841749
85.1985198519852,3.33547533176897,16.7849124571501,10.1733636593254
85.2085208520852,3.33682579207411,16.7842645728193,10.1689181469638
85.2185218521852,3.33767078089245,16.7845999316981,10.1679735392204
85.2285228522852,3.33536538904506,16.782165779538,10.1656208380039
85.2385238523852,3.33693074894278,16.7821961003109,10.163888877927
85.2485248524852,3.33913053605571,16.7804377854409,10.166384236889
85.2585258525853,3.33940275977785,16.7816915272222,10.1665656250822
85.2685268526853,3.33642564075101,16.7804183688458,10.165534334475
85.2785278527853,3.33672766524342,16.7762820811755,10.1695932564906
85.2885288528853,3.3378328824629,16.7780541153889,10.1672210206763
85.2985298529853,3.33740184640637,16.7811894376524,10.1660112243455
85.3085308530853,3.33631290579579,16.7870577434695,10.1635522424828
85.3185318531853,3.33808343636104,16.7854285471054,10.1611031121992
85.3285328532853,3.33798807687353,16.7856857089076,10.1584625374748
85.3385338533853,3.33550747075692,16.7877721844861,10.1577688744466
85.3485348534853,3.33424594357727,16.7847148419802,10.1561541146009
85.3585358535854,3.33620482213678,16.7859518719521,10.1601987423782
85.3685368536854,3.33901491130116,16.7895382237628,10.1586118773499
85.3785378537854,3.33907262207515,16.7866674376989,10.157006980231
85.3885388538854,3.34186716276287,16.7822422806038,10.1580134282923
85.3985398539854,3.34472683917244,16.78489138979,10.1567246523719
85.4085408540854,3.34371244142546,16.7832033486246,10.1559063532371
85.4185418541854,3.34380394436307,16.7800908409128,10.1572907133018
85.4285428542854,3.34231222779224,16.7796437639524,10.1599516666172
85.4385438543854,3.34347513779435,16.7810399747205,10.1620215682271
85.4485448544854,3.34446974463038,16.7814635084293,10.1643035009701
85.4585458545855,3.34276118339136,16.7816762325453,10.1619357651179
85.4685468546855,3.34176156100398,16.7787641659006,10.1587569907951
85.4785478547855,3.34317501486954,16.7784412307486,10.1602306397876
85.4885488548855,3.3404662560489,16.7742440434677,10.1589175888625
85.4985498549855,3.34108775139194,16.7750834272215,10.1620501755172
85.5085508550855,3.34247546620363,16.7741289155739,10.1618674802188
85.5185518551855,3.3440827373701,16.7734985987157,10.163984139336
85.5285528552855,3.34678020504858,16.7753856734848,10.1667197045721
85.5385538553855,3.34781174970395,16.7733995948019,10.1651961699449
85.5485548554855,3.34568112684277,16.7750843367021,10.1657423203701
85.5585558555856,3.34766570561614,16.772790844712,10.1660480762528
85.5685568556856,3.34869941352098,16.7713327299503,10.1702166377222
85.5785578557856,3.34690593676707,16.7715715821615,10.1669227541134
85.5885588558856,3.3462265608905,16.7715402645734,10.1688660720782
85.5985598559856,3.34614664944106,16.7717084689869,10.1659996306333
85.6085608560856,3.3477815969045,16.7736033256216,10.1644888707917
85.6185618561856,3.34542488772282,16.77160526282,10.1635835648135
85.6285628562856,3.34589917884231,16.7684375382874,10.1614643961006
85.6385638563856,3.34557436389873,16.7693573875979,10.1610379819962
85.6485648564856,3.34600418108795,16.7649055547393,10.1614330123376
85.6585658565857,3.3463564827119,16.7625921150381,10.1629443074933
85.6685668566857,3.34554756418199,16.7639513918492,10.163988753999
85.6785678567857,3.34981252783952,16.7664049382566,10.161188932055
85.6885688568857,3.35377225673622,16.7675829188896,10.1595448602661
85.6985698569857,3.35366434253094,16.7652404719443,10.1575691492144
85.7085708570857,3.35681249896446,16.7656690130191,10.1563597470515
85.7185718571857,3.35813804084713,16.7695295981935,10.1552130284987
85.7285728572857,3.35879318854676,16.7694912261571,10.1538840798233
85.7385738573857,3.35416942389805,16.7724587510832,10.1528728931508
85.7485748574857,3.35409397519856,16.7715478652933,10.1507241281772
85.7585758575858,3.35313573088972,16.7677275879579,10.1495957829909
85.7685768576858,3.35005503102318,16.7693650023856,10.1461269506742
85.7785778577858,3.34999505497743,16.7661003538228,10.146077857318
85.7885788578858,3.35221720372673,16.7665777033112,10.1460734511529
85.7985798579858,3.35154411853576,16.7682248806093,10.1454298036323
85.8085808580858,3.34850860388209,16.7653098968888,10.1450837656349
85.8185818581858,3.35179613218728,16.7646405669406,10.1479680538262
85.8285828582858,3.35304829484284,16.7676977587185,10.1467685010265
85.8385838583858,3.35403851425505,16.7661574192488,10.1456462735698
85.8485848584859,3.35214022849251,16.7685659189383,10.1482063496158
85.8585858585859,3.34900607583896,16.7673009275291,10.1466404917567
85.8685868586859,3.3480076420517,16.7652075392217,10.1463762603793
85.8785878587859,3.34999122962511,16.7665435012329,10.148500939203
85.8885888588859,3.35082706795577,16.7666884781247,10.1482579321306
85.8985898589859,3.35283702529505,16.7673638807587,10.1524274828455
85.9085908590859,3.35286391766332,16.7679950613134,10.1539286854237
85.9185918591859,3.35311857035044,16.770309399396,10.1549837761347
85.9285928592859,3.35328444185273,16.7668713341344,10.1586022729537
85.9385938593859,3.35437328532287,16.7667402440274,10.1594158379264
85.948594859486,3.3537970767837,16.7691662507291,10.1613494577968
85.958595859586,3.35284191024532,16.7713628119974,10.1608553722937
85.968596859686,3.35350625372207,16.772927050509,10.1651625604261
85.978597859786,3.35155613982351,16.7718142544112,10.1649462385263
85.988598859886,3.35128899140945,16.7748217720355,10.1614212793848
85.998599859986,3.35087580281607,16.7729828337536,10.1575653831257
86.008600860086,3.35239258679693,16.7732517628506,10.1601136815833
86.018601860186,3.35175872772675,16.775910679499,10.1590670687908
86.028602860286,3.35144733980129,16.7742456250452,10.1572307380622
86.038603860386,3.35151279056916,16.7771973906968,10.1563988340964
86.0486048604861,3.35289958595283,16.7746930983523,10.1569213158123
86.0586058605861,3.35451169504362,16.775425621486,10.1562999934103
86.0686068606861,3.35421287897056,16.7724764710594,10.1547781868344
86.0786078607861,3.35503161514648,16.7705116047979,10.1543171502183
86.0886088608861,3.35479890135759,16.7708081434545,10.1563481454693
86.0986098609861,3.35183707700317,16.7682132754287,10.1505324328082
86.1086108610861,3.35220279815656,16.7641086195329,10.1499471493446
86.1186118611861,3.35201001393006,16.7646235019786,10.1527265593508
86.1286128612861,3.34909872925591,16.7639330574209,10.1543343805698
86.1386138613861,3.34522429551159,16.762850462854,10.1566369722361
86.1486148614862,3.34552773392642,16.764265317606,10.1607675439183
86.1586158615862,3.34780591326231,16.7666088385431,10.1633917349531
86.1686168616862,3.34800309231885,16.7655615856943,10.163871750416
86.1786178617862,3.3479354050186,16.7637628877645,10.1642277342839
86.1886188618862,3.34582863909207,16.7670375576287,10.15889826089
86.1986198619862,3.34659146805946,16.7669704705878,10.1593067384134
86.2086208620862,3.34641563932454,16.76909625004,10.1615659250272
86.2186218621862,3.34641529105496,16.7662035583149,10.1628794898308
86.2286228622862,3.34397628066951,16.7637907375953,10.1630819019321
86.2386238623862,3.34347017393086,16.7662966269438,10.1617126953323
86.2486248624863,3.34220945864831,16.7678329516285,10.1629374797027
86.2586258625863,3.34314199582493,16.7682002034147,10.1634432788581
86.2686268626863,3.34646076041372,16.7674853852306,10.1631769189311
86.2786278627863,3.34728789469683,16.7651344344068,10.1596252742284
86.2886288628863,3.34377736931487,16.7656047206828,10.1604958399672
86.2986298629863,3.34568730170725,16.7647633531158,10.1609662962085
86.3086308630863,3.34353124414807,16.7616102396252,10.158772520662
86.3186318631863,3.34224886445251,16.7642582181075,10.1584315118939
86.3286328632863,3.33953544149764,16.7633080098275,10.160221433811
86.3386338633863,3.33913201456765,16.764368456371,10.1594579495286
86.3486348634864,3.33941222908279,16.7631100207567,10.1619025410701
86.3586358635864,3.33978899037404,16.763732183365,10.1626263225348
86.3686368636864,3.34190848846633,16.758839622938,10.1632738437803
86.3786378637864,3.34381597367482,16.7595577472184,10.1637899258228
86.3886388638864,3.34607253718746,16.7621910020536,10.163301105742
86.3986398639864,3.3464418736252,16.7643813840732,10.1665013929845
86.4086408640864,3.35007976033244,16.7658899226001,10.167499441147
86.4186418641864,3.35011632246344,16.7645478344357,10.1670878716647
86.4286428642864,3.35135614434233,16.7630810588387,10.165437750025
86.4386438643864,3.35393680063446,16.7626389939638,10.1660556698604
86.4486448644865,3.35206761123989,16.7651625766535,10.1658964683513
86.4586458645865,3.35127252204407,16.7640567249244,10.1662220319562
86.4686468646865,3.35371239045745,16.7630544999114,10.1681382002098
86.4786478647865,3.35368211108912,16.7648556691604,10.1662882177431
86.4886488648865,3.35433420411527,16.7666420436418,10.1665261418336
86.4986498649865,3.35433592647434,16.7671610955476,10.1664677299336
86.5086508650865,3.35295483423568,16.76846267018,10.168120156134
86.5186518651865,3.35302836102827,16.7686870226407,10.1668644434406
86.5286528652865,3.35639574433223,16.7660462257124,10.1696099551032
86.5386538653865,3.35569352175596,16.7629984698899,10.1695442765918
86.5486548654866,3.35661800408255,16.7648175624466,10.1681054712764
86.5586558655866,3.35761849805077,16.7671356926529,10.1696868752099
86.5686568656866,3.3565962453424,16.7667052988474,10.1711700469358
86.5786578657866,3.3561522808594,16.7669130188582,10.168312930952
86.5886588658866,3.35734222044571,16.7692360817145,10.170625129517
86.5986598659866,3.35618704291396,16.7696404690308,10.1705308000084
86.6086608660866,3.35355730868918,16.767031767979,10.1720193290268
86.6186618661866,3.35448485598363,16.76564433791,10.1757562357763
86.6286628662866,3.3574158592771,16.765505562642,10.1769811034867
86.6386638663866,3.35804981025698,16.764139464001,10.1776850264486
86.6486648664867,3.35869970354981,16.7646595354247,10.1796513885518
86.6586658665867,3.36007245429907,16.7638192464364,10.1820816594375
86.6686668666867,3.36026625071843,16.7642113322127,10.1800796482461
86.6786678667867,3.35972175627141,16.766478728864,10.1783879393383
86.6886688668867,3.35980443583494,16.7659814130493,10.179107113652
86.6986698669867,3.35840986622309,16.7657387922599,10.178501679544
86.7086708670867,3.35870072158497,16.7650276709511,10.1765128764479
86.7186718671867,3.36051642148719,16.7648234914928,10.1771827417099
86.7286728672867,3.36240211279222,16.7645900585485,10.1763075534443
86.7386738673867,3.3610135197179,16.7683121063154,10.1781468027364
86.7486748674868,3.36471162286908,16.7712156973565,10.1749542836204
86.7586758675868,3.36116520199536,16.770272314824,10.1719879595643
86.7686768676868,3.36050426899446,16.7707898423078,10.1733690907596
86.7786778677868,3.36192742241125,16.7695410461884,10.168918629086
86.7886788678868,3.3611705197297,16.7666163240757,10.1693079809931
86.7986798679868,3.35990499944703,16.7653965057301,10.1674117999858
86.8086808680868,3.35903274876042,16.7640240460921,10.1655173395122
86.8186818681868,3.35966802679971,16.7639608762043,10.1677010370667
86.8286828682868,3.35877785710369,16.7648788379074,10.1677021527004
86.8386838683868,3.36002285456787,16.7668296358305,10.1657423322611
86.8486848684868,3.3567572111702,16.7644178803573,10.1697743430352
86.8586858685869,3.35945149340978,16.7649852314792,10.1714347079242
86.8686868686869,3.35838341193755,16.7628975935783,10.1734601603382
86.8786878687869,3.36114613188614,16.7620613870721,10.1748456753142
86.8886888688869,3.36330009076256,16.7614868755342,10.1732247681956
86.8986898689869,3.36533960730213,16.7599813575875,10.1765929359346
86.9086908690869,3.36592147890129,16.7598216516375,10.17586027233
86.9186918691869,3.3641915255989,16.7621623538574,10.1761871208086
86.9286928692869,3.36381463979692,16.7668541666847,10.1772344140805
86.9386938693869,3.36339955274068,16.7629344015028,10.1817396822678
86.9486948694869,3.36526435823185,16.7621108539046,10.1803039630769
86.958695869587,3.3632561835904,16.7595437676534,10.1800652882536
86.968696869687,3.36033801941088,16.7619510716457,10.1790113130563
86.978697869787,3.36098319147015,16.7640053164632,10.1803915577396
86.988698869887,3.35811298479253,16.7592658548552,10.1849252070342
86.998699869987,3.35799751088565,16.7604932822494,10.1862145876035
87.008700870087,3.35535501611194,16.7609047132527,10.1816155169522
87.018701870187,3.3521941329957,16.7624475700998,10.1836276087267
87.028702870287,3.35206966550614,16.7647025459598,10.1839939987176
87.038703870387,3.35215648574735,16.7635838562643,10.1818586134094
87.048704870487,3.34985834580899,16.763956823777,10.1856839613803
87.0587058705871,3.34927102213699,16.7629808768017,10.1840547034943
87.0687068706871,3.34685888023735,16.7630190407778,10.1830983581065
87.0787078707871,3.34964268082139,16.7605259440981,10.1854936632119
87.0887088708871,3.3501731832952,16.7614152054723,10.18669291364
87.0987098709871,3.3499220352407,16.7619697002921,10.1859737502421
87.1087108710871,3.34884062748365,16.7652993048077,10.1869516128884
87.1187118711871,3.34981170790458,16.7650319471291,10.1850480572946
87.1287128712871,3.34925092989062,16.7677583996632,10.1842292305978
87.1387138713871,3.34670275716305,16.7693538650056,10.1857821931599
87.1487148714871,3.34837346931027,16.7690262116703,10.1885024023157
87.1587158715872,3.35034423654932,16.7684735634521,10.1889841754053
87.1687168716872,3.35013824190605,16.7706609526258,10.1885382864081
87.1787178717872,3.34960856476731,16.7667735180043,10.1881960446227
87.1887188718872,3.34857529322011,16.7670298884584,10.187545255881
87.1987198719872,3.35200393050065,16.7685305693399,10.1866278799458
87.2087208720872,3.3530875580276,16.7679023354794,10.1894875052817
87.2187218721872,3.3529581249771,16.7702911636019,10.1882709271117
87.2287228722872,3.35282024509972,16.7703717807578,10.1848515615194
87.2387238723872,3.35200916138517,16.7723607962567,10.1842113901923
87.2487248724872,3.35472538426728,16.7739720988686,10.1852819301722
87.2587258725873,3.35208500760102,16.773606676112,10.1891081870053
87.2687268726873,3.35121531908746,16.7709406477723,10.1889351800961
87.2787278727873,3.3521046881369,16.76769322353,10.1916374466954
87.2887288728873,3.34737530335523,16.7698260220524,10.1917551255166
87.2987298729873,3.34662691492835,16.7716871144762,10.1939909838489
87.3087308730873,3.34481683553272,16.7724731151829,10.1945169859407
87.3187318731873,3.34440799707731,16.7715502304838,10.1960951904469
87.3287328732873,3.34471019030176,16.7700495487949,10.1946069840037
87.3387338733873,3.34551531444051,16.7752015544661,10.1929790621095
87.3487348734873,3.34452028790675,16.7756711520805,10.1949661970538
87.3587358735874,3.34195757119089,16.77432523023,10.1966964221783
87.3687368736874,3.34413425009591,16.776984842696,10.197245818244
87.3787378737874,3.34508675123557,16.7782173529452,10.1941564014131
87.3887388738874,3.34564327253038,16.7770783905399,10.1957120573415
87.3987398739874,3.344107413101,16.7744038242418,10.1926153930641
87.4087408740874,3.34680455749329,16.7735827582235,10.1907417835734
87.4187418741874,3.34774168018568,16.7759365537017,10.1907049933022
87.4287428742874,3.34964648407633,16.7786600972244,10.1917338574926
87.4387438743874,3.35278141518494,16.7756031436197,10.1874302737348
87.4487448744874,3.35230315377446,16.7728643098792,10.1872776698559
87.4587458745875,3.35237424422118,16.7737644973317,10.1856442057001
87.4687468746875,3.35065646156935,16.7711669152793,10.1889330280846
87.4787478747875,3.34940005867301,16.7710329455544,10.1880747713714
87.4887488748875,3.34857561408494,16.7727733286051,10.1845986844277
87.4987498749875,3.34687613965539,16.7688910892742,10.1843739117303
87.5087508750875,3.34410385926518,16.7682225964809,10.182434943773
87.5187518751875,3.34442506970598,16.7699393477329,10.1834689004022
87.5287528752875,3.34009810262625,16.7715562692625,10.1826702852678
87.5387538753875,3.33893523951158,16.7715663068081,10.1828510381594
87.5487548754875,3.33907861200604,16.7716131641821,10.1830529105668
87.5587558755876,3.33883606859241,16.7728002831569,10.1788191683923
87.5687568756876,3.33968512117342,16.7724490474734,10.1805128740815
87.5787578757876,3.33786471164776,16.7712408384453,10.1783754794919
87.5887588758876,3.33965608515956,16.7703121303527,10.1786264618941
87.5987598759876,3.3413080468206,16.7708626985776,10.1775837238678
87.6087608760876,3.33958183834488,16.7714851223178,10.1754053451196
87.6187618761876,3.34157984729661,16.7728730995241,10.1735288403538
87.6287628762876,3.34405089620297,16.7745709431974,10.1730375662651
87.6387638763876,3.34738339824924,16.7754686649853,10.1717960001827
87.6487648764876,3.34632199131539,16.7765134143656,10.1730973155199
87.6587658765877,3.34551605073444,16.7755003227173,10.1703926752095
87.6687668766877,3.34538185105767,16.7786882929353,10.1692906590893
87.6787678767877,3.34756405936094,16.7776933515747,10.1738636749216
87.6887688768877,3.35113738461705,16.7762372450168,10.1763223706895
87.6987698769877,3.354457848346,16.7746625063987,10.1745588161565
87.7087708770877,3.35566220392285,16.7745503384385,10.1716882468204
87.7187718771877,3.35419505300205,16.7757075016391,10.1699813242016
87.7287728772877,3.35269573399014,16.7770423257488,10.1657497361486
87.7387738773877,3.35555751471106,16.7752438535798,10.1665192366947
87.7487748774877,3.35657500367179,16.7753069338032,10.166154716282
87.7587758775878,3.35325193389066,16.7766501012947,10.1651374362746
87.7687768776878,3.35565393145574,16.775382526388,10.1674655624056
87.7787778777878,3.35397527141278,16.7752615570034,10.1684691127814
87.7887788778878,3.3529800485014,16.7755129496737,10.1722340877245
87.7987798779878,3.35710669663275,16.7744175586354,10.1747741529723
87.8087808780878,3.35500186920936,16.7710347181462,10.1750314217285
87.8187818781878,3.35855276142566,16.7698742691338,10.1750443004452
87.8287828782878,3.35676289567352,16.7742307473834,10.1803716808829
87.8387838783878,3.35865248976168,16.7747392447892,10.1785374348863
87.8487848784878,3.35835882428707,16.7744681154875,10.178497826178
87.8587858785879,3.3601834403073,16.775421177723,10.1804518663
87.8687868786879,3.3597257621944,16.7730036667682,10.1778962972247
87.8787878787879,3.35827267096059,16.7719627135621,10.1781693617081
87.8887888788879,3.35771691389817,16.7680821662581,10.1780085598671
87.8987898789879,3.35558146714056,16.7671618434276,10.1799812721688
87.9087908790879,3.35505511584907,16.7667384744768,10.1795078312171
87.9187918791879,3.35322432210461,16.7640685168818,10.1786132243095
87.9287928792879,3.35250637503941,16.7618492924329,10.1785490357023
87.9387938793879,3.35256349250385,16.7585471959723,10.1789217648595
87.9487948794879,3.35450436544559,16.7571589665675,10.1758864158318
87.958795879588,3.35698476781854,16.7559937988616,10.1735943110335
87.968796879688,3.35589294586535,16.7560290986064,10.1754020336053
87.978797879788,3.35418523683546,16.7507942041792,10.176704329832
87.988798879888,3.35534944800382,16.7511722007422,10.1731196469645
87.998799879988,3.35351583819307,16.7536475098256,10.1728853424145
88.008800880088,3.35315533552781,16.7526814328585,10.1706125905078
88.018801880188,3.35256584775405,16.7533460831756,10.1692857882703
88.028802880288,3.35301171553423,16.7536265732219,10.1703672231667
88.038803880388,3.3527775608132,16.7548090247787,10.1681127079392
88.048804880488,3.35325125838805,16.749817939276,10.1685232103068
88.0588058805881,3.35306820969136,16.7449512322412,10.1678380516018
88.0688068806881,3.35056998840171,16.7459216735507,10.1687197427982
88.0788078807881,3.34863476629567,16.7452223583073,10.169245862876
88.0888088808881,3.34958617177441,16.7458806544663,10.1710542317659
88.0988098809881,3.34668078902746,16.7514640142874,10.1668255313022
88.1088108810881,3.34855540698651,16.750248212535,10.165415003542
88.1188118811881,3.34577315084738,16.7522807832958,10.1647231623558
88.1288128812881,3.34565278450888,16.7561578469488,10.1674971786915
88.1388138813881,3.34879791848311,16.753424886159,10.1642922384498
88.1488148814881,3.35254902235135,16.7534156862633,10.1632846102273
88.1588158815882,3.35264498148957,16.7546685517565,10.1650603095175
88.1688168816882,3.35166308855064,16.7526757260791,10.1656381802375
88.1788178817882,3.35238279933832,16.7528180342137,10.1649619328189
88.1888188818882,3.35227295737872,16.7491996792016,10.1663258519888
88.1988198819882,3.35393646382577,16.7488120648495,10.1653348455412
88.2088208820882,3.35504040494213,16.7518354416215,10.1655657976229
88.2188218821882,3.35430566720747,16.7532908552675,10.166268298265
88.2288228822882,3.35507950607434,16.7539552337863,10.1633001630491
88.2388238823882,3.35754471858287,16.7487154219735,10.1594388344097
88.2488248824883,3.35541514406007,16.748402829828,10.1592006879036
88.2588258825883,3.35582060962244,16.7500012832609,10.1619721696414
88.2688268826883,3.35418002354361,16.7516643927163,10.1645200677429
88.2788278827883,3.35576265372487,16.753096648328,10.1670708351444
88.2888288828883,3.35465422158671,16.7515268913654,10.1657550208657
88.2988298829883,3.35429895724823,16.749484676457,10.1687809173484
88.3088308830883,3.35670979270016,16.7493223388095,10.1660105879056
88.3188318831883,3.35755580725676,16.7472589022591,10.1646691886133
88.3288328832883,3.35755202077672,16.7449164073247,10.16512487054
88.3388338833883,3.35647258068464,16.7408777605276,10.1651662728802
88.3488348834884,3.35691426059133,16.7408218720374,10.1616290149341
88.3588358835884,3.35463714527851,16.7434725895086,10.1623421567191
88.3688368836884,3.35556007197651,16.7434732934697,10.1621266570319
88.3788378837884,3.3567837898661,16.7403466828026,10.161360254922
88.3888388838884,3.35987994188775,16.7414250561209,10.1600853176319
88.3988398839884,3.36027365233037,16.7441643841074,10.1621349947682
88.4088408840884,3.35862243408306,16.7432254724257,10.1591021185357
88.4188418841884,3.35753405288096,16.7439994800589,10.1587499342626
88.4288428842884,3.35512460228312,16.7399998424817,10.157329971889
88.4388438843884,3.35009340673686,16.7405274030921,10.1574286435118
88.4488448844885,3.34805328946289,16.7415918759233,10.1582508452328
88.4588458845885,3.34811303973919,16.7429233743215,10.1608681288854
88.4688468846885,3.34855940898818,16.7420910825419,10.1610862783176
88.4788478847885,3.34575130222292,16.7400387162542,10.1607050203025
88.4888488848885,3.34483707028313,16.7378855033926,10.1589519425218
88.4988498849885,3.34246322066174,16.7360300542021,10.1573010812688
88.5088508850885,3.34021474465754,16.7350431102553,10.1597939462272
88.5188518851885,3.34005002864151,16.7352843975988,10.1605517771049
88.5288528852885,3.33763966087031,16.7381466844198,10.1599984202599
88.5388538853885,3.33894941331517,16.7408528341034,10.1571338142284
88.5488548854886,3.33943800421922,16.7405601630101,10.1587017673695
88.5588558855886,3.34039364083859,16.7446411355315,10.158125996155
88.5688568856886,3.34037787687644,16.7411660572657,10.1599502118047
88.5788578857886,3.33813190805569,16.7442593467751,10.1573787879303
88.5888588858886,3.33591377955744,16.7460637048729,10.1597798218485
88.5988598859886,3.33753927225757,16.743678952775,10.1611856468746
88.6088608860886,3.33537097272741,16.7418816787572,10.1592813510389
88.6188618861886,3.33547229787359,16.74499292942,10.1598476547598
88.6288628862886,3.33654265978478,16.7429061439391,10.1610151142225
88.6388638863886,3.33650806726759,16.7458797963168,10.1633099338266
88.6488648864887,3.33570659309349,16.7459766536472,10.161455221775
88.6588658865887,3.33825921785778,16.7469616973873,10.1619466038537
88.6688668866887,3.3408474969138,16.746891603961,10.1607906627217
88.6788678867887,3.34104993523233,16.7466397772039,10.1612983026914
88.6888688868887,3.34379495859731,16.7444359421074,10.1630180937964
88.6988698869887,3.34239121718647,16.7431912368939,10.1611784175503
88.7088708870887,3.34372275300473,16.7433455757078,10.1627152029241
88.7188718871887,3.34102340924877,16.7411478055883,10.1619088118042
88.7288728872887,3.34046308972751,16.7441817456447,10.1627116022196
88.7388738873887,3.34320439524943,16.7405153480229,10.162119920967
88.7488748874888,3.33993812359542,16.7405269906473,10.1632731476835
88.7588758875888,3.34101832629841,16.742413402315,10.1616431583271
88.7688768876888,3.34413501763414,16.7452193392892,10.1606913745681
88.7788778877888,3.34303987315899,16.7439218850887,10.163352476156
88.7888788878888,3.34070043806881,16.7422903415306,10.1639584118873
88.7988798879888,3.33937533975278,16.7409628582133,10.1625846679181
88.8088808880888,3.34026086123691,16.7426604378617,10.1640255826955
88.8188818881888,3.33819825797202,16.7421034604317,10.1640857859846
88.8288828882888,3.33854549918249,16.7426683274216,10.168222551726
88.8388838883888,3.33989164255119,16.7465686519028,10.1684566319293
88.8488848884889,3.33862903103378,16.7456315827924,10.1691673528908
88.8588858885889,3.33671147915328,16.743767701156,10.1699493298595
88.8688868886889,3.33570440584107,16.7468368894401,10.1720368032897
88.8788878887889,3.33228276015842,16.7451269594321,10.1723759319299
88.8888888888889,3.33368049605482,16.7448755163679,10.1727607308076
88.8988898889889,3.33506523651363,16.7456159143332,10.1731789849886
88.9088908890889,3.33477936776625,16.7422632449598,10.1726383819236
88.9188918891889,3.33538227276863,16.7424600772864,10.1711535783265
88.9288928892889,3.33732118025759,16.7406218533822,10.1704853464387
88.9388938893889,3.33530731789867,16.7379547840993,10.1729828525274
88.948894889489,3.33697743770121,16.7375477172917,10.1699189192026
88.958895889589,3.33706687714294,16.7364837497197,10.1651469564893
88.968896889689,3.33835203507735,16.7344710300679,10.1635334729522
88.978897889789,3.3412652039904,16.7315167239377,10.1605342617409
88.988898889889,3.34100089026617,16.7289993807516,10.1608419675426
88.998899889989,3.34045217031635,16.7296555850768,10.161153761442
89.008900890089,3.34338906430138,16.7309771599688,10.1643926579543
89.018901890189,3.34477444055239,16.7295705274742,10.1645173800605
89.028902890289,3.34565172868539,16.7298219670842,10.1620079687388
89.038903890389,3.34408953599743,16.7315696394581,10.1609352308425
89.0489048904891,3.34451628445356,16.7336411996814,10.1626103631326
89.0589058905891,3.34367793651927,16.7331887977487,10.1665318249088
89.0689068906891,3.3428936042919,16.7330693562488,10.1639049014737
89.0789078907891,3.33960893433535,16.7358410502024,10.1630823294685
89.0889088908891,3.33851022550652,16.7370011051814,10.1621772303411
89.0989098909891,3.33900093543264,16.7401421282098,10.1585439675317
89.1089108910891,3.3381757477656,16.7391608969637,10.1585662382306
89.1189118911891,3.34076551160353,16.7381793676738,10.1585320632392
89.1289128912891,3.34024118065065,16.7397402136004,10.1589093685974
89.1389138913891,3.34275526553931,16.7382827225189,10.1594380149832
89.1489148914892,3.34460557815172,16.7409815192612,10.1599660154163
89.1589158915892,3.3466942466858,16.7394185642626,10.1624464099938
89.1689168916892,3.34452632930701,16.7375440352682,10.1634604970763
89.1789178917892,3.34672119584205,16.7395373268104,10.1618680491293
89.1889188918892,3.34613774191705,16.738192075034,10.1606834060443
89.1989198919892,3.34786126749784,16.739542397141,10.1604652607637
89.2089208920892,3.34981830623863,16.7410477721512,10.1624021495071
89.2189218921892,3.35133303611505,16.7436892429635,10.1613644615308
89.2289228922892,3.35147861410116,16.7454090602748,10.161420662336
89.2389238923892,3.3484023867105,16.7453389333636,10.1622670547014
89.2489248924892,3.34551550752454,16.7461168790225,10.1592825906612
89.2589258925893,3.34551861167347,16.7437171648257,10.1607628313491
89.2689268926893,3.34107480966173,16.7420041462767,10.1612153505756
89.2789278927893,3.33343159143261,16.7423553760011,10.158156739786
89.2889288928893,3.33049330223187,16.7407448956209,10.15660913209
89.2989298929893,3.33005300566762,16.7422174741219,10.1598661752154
89.3089308930893,3.3295391825524,16.7403682552096,10.1591934643352
89.3189318931893,3.32894780551734,16.7389534608646,10.1615415586289
89.3289328932893,3.32855054022903,16.7400013989697,10.1586766021528
89.3389338933893,3.32895655030544,16.7383249533135,10.1586849037382
89.3489348934893,3.32741261640693,16.7350985568675,10.1585005824649
89.3589358935894,3.32675019830867,16.7356773352045,10.1570821145661
89.3689368936894,3.32849201966191,16.7314255863828,10.1553833347035
89.3789378937894,3.33091473665491,16.7303081748087,10.1548344528498
89.3889388938894,3.32837804813477,16.7303673484428,10.1533488109225
89.3989398939894,3.3264830652381,16.7285503147576,10.1553476114479
89.4089408940894,3.3270029799545,16.7287542321682,10.1575831076199
89.4189418941894,3.32683322395555,16.7318023593701,10.1579715563599
89.4289428942894,3.32534532213552,16.7313944994981,10.156393768151
89.4389438943894,3.32349549799014,16.7347108238755,10.1557824786396
89.4489448944894,3.32732294836111,16.7350443230973,10.1523851739796
89.4589458945895,3.33208906742556,16.7384638024822,10.1507932244152
89.4689468946895,3.33661292457706,16.7405561138929,10.1535964270842
89.4789478947895,3.33590021542193,16.7408145384156,10.1551896890387
89.4889488948895,3.33749973751396,16.7413079114068,10.1561388289216
89.4989498949895,3.33838216424023,16.7415145547677,10.1536698031897
89.5089508950895,3.3399048320248,16.7416062766594,10.1560180830097
89.5189518951895,3.33993367597696,16.7430228649851,10.158548286748
89.5289528952895,3.33964648461898,16.7425862624155,10.1622095280126
89.5389538953895,3.34205436841895,16.7400593822696,10.1613979503833
89.5489548954895,3.34016778412158,16.7401857650371,10.1625093130444
89.5589558955896,3.34140841559815,16.7427608517701,10.1628600253838
89.5689568956896,3.34160218395307,16.743900285831,10.1652508590943
89.5789578957896,3.34147609521996,16.7439656486446,10.168236540497
89.5889588958896,3.34086625801165,16.7439358847036,10.1674429143038
89.5989598959896,3.34075098835931,16.740924883404,10.1638847179347
89.6089608960896,3.33904075228803,16.7426248530713,10.1654124245247
89.6189618961896,3.33667954561029,16.7409814081088,10.1661117948738
89.6289628962896,3.33760668596921,16.7415435504853,10.1648007183322
89.6389638963896,3.33847018150523,16.7414791591189,10.1672333319178
89.6489648964896,3.3397624461168,16.7403993167513,10.1651279311952
89.6589658965897,3.34428686497569,16.7410995545765,10.1663160070455
89.6689668966897,3.34813122581878,16.7372301269074,10.1682821436362
89.6789678967897,3.34936474027776,16.7374777340625,10.1677185617658
89.6889688968897,3.34944138250495,16.7355114842014,10.1687906308875
89.6989698969897,3.34893636966531,16.7365776684095,10.1683651963169
89.7089708970897,3.34891061763283,16.7435514567239,10.1670366876688
89.7189718971897,3.34981920152786,16.7441298316438,10.167977584973
89.7289728972897,3.34744405099079,16.7410803329593,10.1660895751416
89.7389738973897,3.3481477296459,16.744603783787,10.1659593226235
89.7489748974897,3.34836195304509,16.7436304876465,10.1665662623847
89.7589758975898,3.34705857938539,16.742639128429,10.167381582415
89.7689768976898,3.34838081054668,16.741143584419,10.1701092685782
89.7789778977898,3.34934703128442,16.7425685167364,10.1704795995206
89.7889788978898,3.35066324877939,16.7432340901231,10.1723730489418
89.7989798979898,3.35036452444583,16.7409041375585,10.1717850709304
89.8089808980898,3.34927831395185,16.7420501273868,10.1710581187632
89.8189818981898,3.35213412424595,16.7416476091335,10.1701829159644
89.8289828982898,3.35010292600309,16.7438143722655,10.1672423393591
89.8389838983898,3.35018883630494,16.7406720029728,10.1649982286389
89.8489848984898,3.35073789364428,16.7406387881805,10.1675983926106
89.8589858985899,3.35175248287979,16.7395973479259,10.1685294685884
89.8689868986899,3.35130767386139,16.7403137040833,10.1680776404449
89.8789878987899,3.35156660329362,16.7404210493282,10.1688532615599
89.8889888988899,3.34948870392621,16.7398918516733,10.1660910163372
89.8989898989899,3.34949283730548,16.7359995274477,10.1677154753314
89.9089908990899,3.34789398172778,16.7387718899654,10.1680235041748
89.9189918991899,3.34973124630428,16.7395550278096,10.1672671904392
89.9289928992899,3.35407642360522,16.7412398536433,10.1678436376015
89.9389938993899,3.35376643194411,16.7439167920263,10.1672049481493
89.9489948994899,3.35783454257049,16.7439376133869,10.1677053997896
89.95899589959,3.35605285507207,16.741242015597,10.1667008894332
89.96899689969,3.35434752082168,16.7411224782836,10.1670825816197
89.97899789979,3.35607877925824,16.7390540610305,10.166682219106
89.98899889989,3.35683025856418,16.7415733152456,10.1617772090311
89.99899989999,3.35387726884236,16.7415995869786,10.159730556761
90.00900090009,3.35481951346508,16.7412511320551,10.1594262261012
90.01900190019,3.35323041180659,16.7404044068958,10.1612527077621
90.02900290029,3.35460926407106,16.739581575979,10.1579814711932
90.03900390039,3.35378380158029,16.7388472470526,10.1575131578794
90.04900490049,3.35293631337795,16.7376359891674,10.1560298730142
90.0590059005901,3.35627585459132,16.7387115481763,10.1550469095379
90.0690069006901,3.36029215033779,16.7407125737604,10.1530915341269
90.0790079007901,3.35906146544088,16.7415611396445,10.153175484895
90.0890089008901,3.35623586572365,16.7394443448089,10.1521446913471
90.0990099009901,3.35525198838395,16.7371070277988,10.1494903272366
90.1090109010901,3.35447295911622,16.7342894984968,10.1487922714632
90.1190119011901,3.3560042317798,16.7348779194938,10.1487472866911
90.1290129012901,3.35688734776563,16.7348221123154,10.1455749509408
90.1390139013901,3.35513012800035,16.7309966612165,10.1476894920309
90.1490149014901,3.35441036186035,16.7322960594364,10.145729487883
90.1590159015902,3.35570954265618,16.7276172159624,10.1432698946987
90.1690169016902,3.35514661752946,16.7257836297835,10.1457406241917
90.1790179017902,3.3530252937794,16.7273854379484,10.1478644040074
90.1890189018902,3.35206682022493,16.7281272304849,10.1446426961991
90.1990199019902,3.35179336759306,16.7304964597332,10.1438496833258
90.2090209020902,3.35127229851421,16.7291929363294,10.1423682340966
90.2190219021902,3.35158286990807,16.7298426593137,10.1495744050304
90.2290229022902,3.34869365342943,16.7288652051994,10.1558017909468
90.2390239023902,3.34982767528191,16.7273795036523,10.1571603337464
90.2490249024902,3.34841728208618,16.7305222213502,10.1547944329251
90.2590259025903,3.34600050628329,16.7296179612762,10.1521221383524
90.2690269026903,3.34613774576933,16.7290683512398,10.1523754755596
90.2790279027903,3.34593070254181,16.7280648584783,10.1535101776295
90.2890289028903,3.34868518134816,16.7260075249451,10.1504661500779
90.2990299029903,3.35091434171587,16.7280474207015,10.1497650082782
90.3090309030903,3.34945625407408,16.7298051704228,10.1511064175271
90.3190319031903,3.34984359253105,16.7281715291573,10.1524643946472
90.3290329032903,3.34734612341321,16.727840076284,10.1502247856526
90.3390339033903,3.34598386867748,16.7279420641318,10.1495522618044
90.3490349034903,3.34418098620399,16.7235569502965,10.149376801274
90.3590359035904,3.34718142291003,16.7224093231124,10.150344527883
90.3690369036904,3.34900516286233,16.7240297797812,10.1524415213695
90.3790379037904,3.34831846496892,16.7214556911608,10.154205083861
90.3890389038904,3.34957076659776,16.721022866989,10.1536360738841
90.3990399039904,3.35214030622797,16.722256422302,10.152263586415
90.4090409040904,3.35107703923917,16.7247580431571,10.1514992461476
90.4190419041904,3.35155930597355,16.7280158709515,10.149155851039
90.4290429042904,3.35247387638658,16.7260701718433,10.1499600989752
90.4390439043904,3.35339394036336,16.7248939484538,10.1492288599777
90.4490449044904,3.35254815135379,16.7252143394172,10.1470534166082
90.4590459045905,3.3545749102304,16.7213456391744,10.1459390522665
90.4690469046905,3.35878536093561,16.7225183173852,10.1467279184893
90.4790479047905,3.36423905295999,16.7222340639176,10.1486543988001
90.4890489048905,3.36379170762702,16.7215762356477,10.1496469786113
90.4990499049905,3.36271260423835,16.7223851032226,10.1493708151149
90.5090509050905,3.36485760405478,16.7213804245474,10.1480294040979
90.5190519051905,3.36607640679121,16.7214414469859,10.1468177385208
90.5290529052905,3.37073209134627,16.7203769612766,10.146338845834
90.5390539053905,3.3718309458354,16.72104040529,10.1483431488617
90.5490549054906,3.37242034712184,16.7211552854107,10.1465189914193
90.5590559055906,3.37357736363817,16.7226049736381,10.1461838754352
90.5690569056906,3.3754284675607,16.7252853700707,10.1451733465566
90.5790579057906,3.37711340408051,16.7311504862557,10.1454798516746
90.5890589058906,3.3786902658566,16.729922995048,10.1453206463442
90.5990599059906,3.38043683610757,16.7315156340629,10.1423867396645
90.6090609060906,3.38254988286249,16.7339381356602,10.1405090593316
90.6190619061906,3.38413146287375,16.7329729918739,10.140612607069
90.6290629062906,3.38437172511245,16.7358586210146,10.1424600727969
90.6390639063906,3.38140652254565,16.7365727044125,10.1382847068367
90.6490649064907,3.37755632028205,16.7351071940256,10.1396727947855
90.6590659065907,3.3756434599166,16.736231700151,10.1390973334761
90.6690669066907,3.37691936822452,16.7401535733999,10.1387931128974
90.6790679067907,3.37757411547492,16.7442972262741,10.1375599542692
90.6890689068907,3.37413161873764,16.7454137377472,10.1380930410962
90.6990699069907,3.37224878917555,16.7433284759643,10.1392628614641
90.7090709070907,3.37279767072237,16.7449643728506,10.1398427045807
90.7190719071907,3.37022726855857,16.7473256068846,10.1378739768768
90.7290729072907,3.37032763937025,16.7491814525552,10.1414291865242
90.7390739073907,3.37024740057793,16.7510323328527,10.1435892427952
90.7490749074908,3.3689000374423,16.7504822968714,10.1415851573925
90.7590759075908,3.37068717737663,16.7548396623401,10.1417761068849
90.7690769076908,3.36787613948522,16.7536421535738,10.1439067040454
90.7790779077908,3.36869721679429,16.7528601890203,10.1440154039647
90.7890789078908,3.37008657218106,16.751403460791,10.1471163471524
90.7990799079908,3.36739010965483,16.7525847725414,10.1487811318134
90.8090809080908,3.36749614157638,16.7550808223321,10.1498677111205
90.8190819081908,3.3671630727679,16.7563265729754,10.1507176312907
90.8290829082908,3.36878289297015,16.7543961612642,10.152428853475
90.8390839083908,3.37249897531728,16.7562685584916,10.1575151195265
90.8490849084909,3.3707643943302,16.7559471077801,10.1550974081293
90.8590859085909,3.37115525901528,16.7584590262964,10.1548159990523
90.8690869086909,3.37222381387492,16.7558278483583,10.1556694551101
90.8790879087909,3.37066358644031,16.7526630287233,10.1534946847398
90.8890889088909,3.36942187957926,16.754606227735,10.1526072142103
90.8990899089909,3.37122969610236,16.7561101025351,10.151092760235
90.9090909090909,3.37240529367188,16.7585369690352,10.1499657096714
90.9190919091909,3.37465793388083,16.7580159707754,10.1470685015646
90.9290929092909,3.37401634214663,16.7578202791374,10.151411587975
90.9390939093909,3.37414715478483,16.756512413634,10.1480776968695
90.949094909491,3.37709748762303,16.7565345574044,10.1479973386333
90.959095909591,3.38251715850018,16.7575129255361,10.1451312648445
90.969096909691,3.38383987541213,16.7620952897223,10.1449917065658
90.979097909791,3.38158237688054,16.7609000591551,10.1444847629604
90.989098909891,3.38527426785981,16.7605326823683,10.1471870810311
90.999099909991,3.38502134013326,16.7630742183538,10.143405508358
91.009100910091,3.3877633752737,16.7616267103087,10.1440274228776
91.019101910191,3.38831901265254,16.7617637940258,10.142535307671
91.029102910291,3.38644579645548,16.7639081634376,10.1419717374648
91.039103910391,3.38914666784607,16.7671335601535,10.1422255447735
91.0491049104911,3.38909053321359,16.7668987282681,10.1471401045184
91.0591059105911,3.38987917809045,16.7663667818848,10.1470872342379
91.0691069106911,3.39164337609931,16.766781032919,10.1489476189806
91.0791079107911,3.39351372186466,16.7647064031475,10.1500620675953
91.0891089108911,3.39303101102597,16.7656867630181,10.1480836612451
91.0991099109911,3.39212801790321,16.7680497558593,10.1489807835016
91.1091109110911,3.39222706251589,16.7642197794184,10.1483386363837
91.1191119111911,3.39253634233155,16.7636665713227,10.1499057704692
91.1291129112911,3.39284694472154,16.7631839094798,10.1496760483375
91.1391139113911,3.39589493903156,16.7632183602832,10.1498670691179
91.1491149114912,3.39727566617171,16.7680284430842,10.1538515986066
91.1591159115912,3.39684060347245,16.7716442725174,10.1531490779534
91.1691169116912,3.39960708099904,16.7713241353795,10.1525591642485
91.1791179117912,3.39837008919713,16.7717422273816,10.1534222568835
91.1891189118912,3.39574606669088,16.7701037180677,10.156377483182
91.1991199119912,3.39551270273925,16.7674206468797,10.1560724704128
91.2091209120912,3.39472345260091,16.767624549501,10.1580607214547
91.2191219121912,3.39402487875039,16.7716556617315,10.1595044778827
91.2291229122912,3.39181398385373,16.7739972166739,10.1615746406365
91.2391239123912,3.39239885014064,16.7770812293011,10.1634063523729
91.2491249124913,3.39255641476056,16.7756702599962,10.1639531694793
91.2591259125913,3.38956370443381,16.7726876183059,10.1659359730583
91.2691269126913,3.39236788877241,16.7723934179842,10.1640809475965
91.2791279127913,3.39235308229386,16.7694191782078,10.1678630297007
91.2891289128913,3.39229513535915,16.7693511034431,10.1631417116813
91.2991299129913,3.39338473966099,16.7718927472842,10.1654899837382
91.3091309130913,3.39597564932377,16.7677324668118,10.1688627896176
91.3191319131913,3.39524297569923,16.7696980754411,10.1656627866382
91.3291329132913,3.39647766494105,16.7722067199557,10.1647254707227
91.3391339133913,3.39580282775412,16.7744643925336,10.1652301264717
91.3491349134914,3.39353178969503,16.7717237659739,10.1626426127585
91.3591359135914,3.3935225566757,16.7707252813393,10.1630694738664
91.3691369136914,3.3957871243409,16.7722514268389,10.1613243552828
91.3791379137914,3.39664829490184,16.7730983030117,10.1638718923785
91.3891389138914,3.39963789674822,16.7722116286472,10.1647680960654
91.3991399139914,3.39881753519383,16.772992957592,10.1642224471214
91.4091409140914,3.39909438005569,16.7732417925068,10.1582015890782
91.4191419141914,3.39739457409194,16.7718367694464,10.1566420033176
91.4291429142914,3.39911863402485,16.7733256053756,10.1571248557465
91.4391439143914,3.39798903665882,16.7735934837574,10.1594745082616
91.4491449144915,3.39605141129113,16.778576898407,10.1612851771077
91.4591459145915,3.39865812035474,16.7799624662049,10.163183676893
91.4691469146915,3.39658728159211,16.7830141238053,10.1658993345086
91.4791479147915,3.39820616480589,16.7852640646151,10.1678117715079
91.4891489148915,3.39642743236213,16.7861390351919,10.1697717013253
91.4991499149915,3.39768352959309,16.7832432437817,10.1730815888072
91.5091509150915,3.39854462698123,16.7833360486142,10.1710778533855
91.5191519151915,3.40305981449383,16.7824432836468,10.172427252245
91.5291529152915,3.40342311813486,16.7821907772422,10.1701373422044
91.5391539153915,3.40556109840998,16.7797365027206,10.1718006543647
91.5491549154916,3.40933156064881,16.778595150366,10.1749581778148
91.5591559155916,3.40974934845736,16.7804765955927,10.1719813260065
91.5691569156916,3.41009798869187,16.781121395253,10.1711622024553
91.5791579157916,3.40988607897679,16.7816604905708,10.1689988590417
91.5891589158916,3.40888328068757,16.780120072572,10.1702211430235
91.5991599159916,3.40982892052784,16.7816172041756,10.1700287940709
91.6091609160916,3.41044315486113,16.7847657842426,10.1662643836293
91.6191619161916,3.41024125778323,16.7880590726802,10.1655536361338
91.6291629162916,3.41279443904531,16.7836329410463,10.1657754189261
91.6391639163916,3.41442855710742,16.7828149571411,10.1653793407949
91.6491649164916,3.41262128575666,16.7813302343739,10.1680260494743
91.6591659165917,3.41146239161999,16.7839816351435,10.1642765741393
91.6691669166917,3.41052758964398,16.7855585468248,10.1639184024099
91.6791679167917,3.40973627502084,16.7849330187357,10.1645933116854
91.6891689168917,3.41086707022543,16.7886812164527,10.1676567887428
91.6991699169917,3.40898716421886,16.7844177856738,10.1696154777907
91.7091709170917,3.41245405237667,16.7852728181098,10.1670163215503
91.7191719171917,3.41354010667703,16.7817869972913,10.1668883597091
91.7291729172917,3.41169431625434,16.7824530152364,10.1648888013632
91.7391739173917,3.41306506290108,16.7778434347316,10.1635699127194
91.7491749174917,3.41359921172418,16.7812020080364,10.1681004841725
91.7591759175918,3.41140308940486,16.7807811361601,10.1682760729482
91.7691769176918,3.4109080519899,16.7813666754543,10.1695155090641
91.7791779177918,3.40970696187523,16.7822018495906,10.1692534724789
91.7891789178918,3.40866616726927,16.7808525904229,10.1700978602171
91.7991799179918,3.40704432920267,16.7781541698355,10.1699253470494
91.8091809180918,3.40981446476098,16.7773905151125,10.1736490306725
91.8191819181918,3.41103166783527,16.7788458348421,10.1728610492691
91.8291829182918,3.41155087433787,16.7761922785317,10.1765158904792
91.8391839183918,3.41267815414774,16.7797040435992,10.1805787477313
91.8491849184918,3.41435759231206,16.7831394226817,10.1829897042256
91.8591859185919,3.41576715859067,16.7788389193403,10.1807272627197
91.8691869186919,3.41570460933924,16.7781557163772,10.1817530652279
91.8791879187919,3.41672460215459,16.777695261577,10.1801902714722
91.8891889188919,3.41536339100988,16.7796093236643,10.1801809051588
91.8991899189919,3.41372305981153,16.7814007339917,10.175929440653
91.9091909190919,3.41595737262028,16.7817350902919,10.1757720539312
91.9191919191919,3.41574008283965,16.7804690905681,10.1755227799179
91.9291929192919,3.41272340223558,16.7806800654938,10.1729279904555
91.9391939193919,3.41569029294943,16.7827896847396,10.1733855495543
91.9491949194919,3.41638147715497,16.7842859164259,10.1755533785864
91.959195919592,3.41204284552852,16.7841248433967,10.1759826644919
91.969196919692,3.41255557018059,16.784793743082,10.1765693881751
91.979197919792,3.4142983111919,16.7823330911648,10.174496164259
91.989198919892,3.4127311495317,16.7831928200853,10.1735530449829
91.999199919992,3.41035075380156,16.7785777060605,10.171697115456
92.009200920092,3.41445491473211,16.7803423539687,10.176601902589
92.019201920192,3.4139304056359,16.779283381798,10.1738969872999
92.029202920292,3.41450939645878,16.779932195814,10.1765852479619
92.039203920392,3.41380390894685,16.776726758329,10.1785109311869
92.049204920492,3.4114345774069,16.7787726209073,10.1773901729792
92.0592059205921,3.41296652896978,16.778258719661,10.1771578500625
92.0692069206921,3.41219700478233,16.7811079615428,10.1741386812846
92.0792079207921,3.40829814410586,16.7795858827805,10.1753851285963
92.0892089208921,3.41188664640173,16.7790415451507,10.1727351593355
92.0992099209921,3.41188868687504,16.7779165796675,10.1704189805249
92.1092109210921,3.41243371596327,16.7772660871963,10.1696765086383
92.1192119211921,3.4074536449496,16.7798685730433,10.1664628671563
92.1292129212921,3.40790758535789,16.7821555004877,10.1673410401984
92.1392139213921,3.41078433511129,16.7818703336534,10.1691040870477
92.1492149214921,3.41038832046283,16.7819854348307,10.1723479285189
92.1592159215922,3.41262636385777,16.7874140800946,10.1714464985948
92.1692169216922,3.41225467657679,16.7879928472326,10.1733340816231
92.1792179217922,3.41047912423721,16.7888773061423,10.1723308392254
92.1892189218922,3.40737326036046,16.7900063312063,10.1666296282958
92.1992199219922,3.40610850033424,16.7940875429893,10.166287724563
92.2092209220922,3.40418556735837,16.7951652041549,10.1664085837707
92.2192219221922,3.40704748709881,16.7938623703397,10.1656726025581
92.2292229222922,3.40652534270765,16.7947595681342,10.1622363371574
92.2392239223922,3.40653796460616,16.7972232982981,10.1651172927626
92.2492249224922,3.40605353984665,16.7967993639058,10.164819202271
92.2592259225923,3.40714627756219,16.796395176697,10.1661033250207
92.2692269226923,3.40742786074717,16.7937708413084,10.1677153071978
92.2792279227923,3.4100995176477,16.7948160747712,10.1691396456433
92.2892289228923,3.41025511502083,16.7968319413315,10.1653557328151
92.2992299229923,3.40771061125969,16.799086562558,10.1643205746448
92.3092309230923,3.40593608017121,16.7979061152355,10.1661759832659
92.3192319231923,3.4041311978872,16.7952751910212,10.1661352091091
92.3292329232923,3.40448283875653,16.7967384094098,10.1687264746139
92.3392339233923,3.40706728364609,16.7931850602811,10.1695217471934
92.3492349234923,3.40758916487157,16.7928558017711,10.171733841177
92.3592359235924,3.406489248635,16.7952869061675,10.1721238498004
92.3692369236924,3.40755058730307,16.7977508172955,10.1708623817529
92.3792379237924,3.41282592419322,16.7954255199406,10.1688261624698
92.3892389238924,3.41408450441912,16.798601490151,10.1682550888159
92.3992399239924,3.41473708059404,16.8017060513537,10.1673338907437
92.4092409240924,3.4145489844462,16.8010482636224,10.1673054096832
92.4192419241924,3.4146765141989,16.8003998999421,10.1674775367865
92.4292429242924,3.41645255160472,16.8020626770943,10.1665738252962
92.4392439243924,3.41360830192685,16.8015453822202,10.1674900411558
92.4492449244924,3.41036125000611,16.8014809477326,10.1657797870702
92.4592459245925,3.40983454567179,16.8013647481087,10.1670788294473
92.4692469246925,3.41329341472521,16.8004345146879,10.166594204821
92.4792479247925,3.41380036864759,16.7983674496606,10.1648976793401
92.4892489248925,3.41452007879926,16.7976408486108,10.1656169582619
92.4992499249925,3.41583049334279,16.7992206977002,10.1665731806665
92.5092509250925,3.41695682256676,16.7942123095369,10.1628769024118
92.5192519251925,3.41607945609319,16.7988986619427,10.1643457399465
92.5292529252925,3.41806648017491,16.7972003842977,10.1686089441941
92.5392539253925,3.41571115752239,16.7971199379764,10.1657647720803
92.5492549254925,3.41923277454023,16.7967463655709,10.1646692377588
92.5592559255926,3.41740065575003,16.7976084318077,10.1637717476525
92.5692569256926,3.41699256787376,16.8001139266479,10.1633200017479
92.5792579257926,3.41628417169067,16.8022721104977,10.1656733614988
92.5892589258926,3.41835449826573,16.8042286179623,10.1677275052042
92.5992599259926,3.42181806225075,16.8045149908776,10.1689526803628
92.6092609260926,3.42431490287319,16.8022902789128,10.1662034656501
92.6192619261926,3.42444177855455,16.801958575184,10.163571800432
92.6292629262926,3.4241424175223,16.8015523831702,10.1646110146199
92.6392639263926,3.42656842834286,16.7970876137085,10.1620783608298
92.6492649264926,3.42669544338827,16.7970121787406,10.162170698532
92.6592659265927,3.42709075353848,16.797987628636,10.1629853503995
92.6692669266927,3.42819876475275,16.7970391702123,10.1632394005374
92.6792679267927,3.42991002645348,16.7971199194977,10.1659872123092
92.6892689268927,3.42586943024288,16.7972135585614,10.168374414657
92.6992699269927,3.42867821429032,16.798646674225,10.171081714282
92.7092709270927,3.42994864646775,16.7970882667802,10.1736085090809
92.7192719271927,3.42910250254841,16.7998690066584,10.1758460967498
92.7292729272927,3.42818382062233,16.802283260073,10.1731384754333
92.7392739273927,3.42742887348317,16.8010340602539,10.1726218128469
92.7492749274927,3.43008070315266,16.8004220228487,10.1727526369692
92.7592759275928,3.42952376703726,16.7983046646017,10.17123640519
92.7692769276928,3.42841422807261,16.800902417741,10.1737981912613
92.7792779277928,3.42972675579215,16.8008240941451,10.1719173958304
92.7892789278928,3.4287408882342,16.8035284370284,10.1706924086575
92.7992799279928,3.42903050792436,16.8050365765215,10.1718460608053
92.8092809280928,3.42895570880344,16.8054083979955,10.1738988823907
92.8192819281928,3.43000784835778,16.8068840269142,10.1756416420676
92.8292829282928,3.43080462855013,16.8106970098201,10.1764237666097
92.8392839283928,3.4322798638399,16.8086913422561,10.1786099156684
92.8492849284928,3.4297128925412,16.8090197475996,10.1759995769335
92.8592859285929,3.42448414879408,16.8093600073706,10.1777992259377
92.8692869286929,3.42678523077003,16.8086052583272,10.1771705086904
92.8792879287929,3.4292602290024,16.8117959541115,10.1760228686675
92.8892889288929,3.4269055222178,16.8112996947162,10.1752683377654
92.8992899289929,3.42393039304047,16.8054830699847,10.173023753604
92.9092909290929,3.42411442706152,16.8044397382757,10.1745795037761
92.9192919291929,3.41891687809111,16.8029273568858,10.1735484830842
92.9292929292929,3.41776973097284,16.8027817221159,10.176172322895
92.9392939293929,3.41637304341103,16.8003528865908,10.1793246898573
92.949294929493,3.4162617097496,16.7989236893456,10.1776123722346
92.959295929593,3.41889532186888,16.8016124244495,10.1754416402109
92.969296929693,3.41894522541823,16.8032670359604,10.1758345928775
92.979297929793,3.41912364348229,16.80465316784,10.1723200392687
92.989298929893,3.42031472070649,16.8040736686299,10.1697771487768
92.999299929993,3.41934262448526,16.8051243215736,10.1712223769939
93.009300930093,3.42033411102194,16.8048449531988,10.1746200111748
93.019301930193,3.41809157578926,16.8038442873891,10.1777214946745
93.029302930293,3.42095933380391,16.8042529393477,10.1776832251609
93.039303930393,3.42088544939253,16.8033311324061,10.1789831901646
93.0493049304931,3.41978318950117,16.8033121709354,10.1761828802102
93.0593059305931,3.4177079119661,16.8033373351028,10.1743789738438
93.0693069306931,3.41776553892647,16.8053909091386,10.1771283104282
93.0793079307931,3.41934566563207,16.8025231940594,10.1776779682284
93.0893089308931,3.42243597972855,16.8013140387189,10.1743880088389
93.0993099309931,3.42170900486567,16.8010467020883,10.1755643948482
93.1093109310931,3.42019980962139,16.8032962492933,10.1786395034131
93.1193119311931,3.41752647033796,16.8007793163356,10.1832545873545
93.1293129312931,3.41779385161901,16.8035550333624,10.181014590146
93.1393139313931,3.41925940971006,16.8043551621552,10.1809925543496
93.1493149314932,3.42435844647654,16.8064784096825,10.1774286771837
93.1593159315932,3.42077549455121,16.8042009235057,10.1767268930976
93.1693169316932,3.4196603168538,16.8039111529967,10.1799466855898
93.1793179317932,3.41870852407862,16.8027797250241,10.1784799638807
93.1893189318932,3.41569163927961,16.8021699593017,10.1769481533668
93.1993199319932,3.41213791578103,16.8006069845199,10.176458096428
93.2093209320932,3.41393110233581,16.7996360749593,10.1792030609572
93.2193219321932,3.41446228786777,16.8002882543503,10.1765670540051
93.2293229322932,3.41749080189344,16.7980403518288,10.1767579756785
93.2393239323932,3.41555497827506,16.7981715255954,10.1757877704558
93.2493249324933,3.41679731707151,16.7989397033852,10.1771056993865
93.2593259325933,3.41966364910089,16.7980160109267,10.1747111144912
93.2693269326933,3.41866943559213,16.7960394504583,10.1770174299701
93.2793279327933,3.4170382002773,16.7973652834066,10.1783889621196
93.2893289328933,3.41755948565508,16.8005059795644,10.1774488191343
93.2993299329933,3.41697064283204,16.8003990253116,10.1825435893383
93.3093309330933,3.4157206549856,16.7978854690267,10.1823671267514
93.3193319331933,3.41778353601024,16.7956683729016,10.1830497627754
93.3293329332933,3.40986185469027,16.7959372165015,10.182180347175
93.3393339333933,3.40700912126736,16.7973766954287,10.1818354822643
93.3493349334934,3.40911963899854,16.7985549159357,10.1821165114551
93.3593359335934,3.4118781801322,16.7978286980275,10.1812122866372
93.3693369336934,3.41243725188101,16.7990602256673,10.1805213768777
93.3793379337934,3.41001382948629,16.8008330503056,10.1817102205405
93.3893389338934,3.40712387197905,16.8001303411544,10.1809745704743
93.3993399339934,3.4079972799247,16.8005512664953,10.1860576028484
93.4093409340934,3.40842323973581,16.8020964867641,10.1868646394724
93.4193419341934,3.40682683714535,16.8020261695113,10.1906434120487
93.4293429342934,3.405146237923,16.8013968616992,10.1884985853087
93.4393439343934,3.40393176491975,16.8002075058315,10.1857146345524
93.4493449344935,3.40241865721239,16.8012517550817,10.1858958492662
93.4593459345935,3.39951204818266,16.7988744673722,10.1884054496208
93.4693469346935,3.39580277552664,16.7971379313231,10.190790690079
93.4793479347935,3.39635877136963,16.7939485536478,10.1897376063248
93.4893489348935,3.39583928212201,16.7959379544315,10.1868876357067
93.4993499349935,3.39518068903393,16.7968837739767,10.1884950928464
93.5093509350935,3.39193359074616,16.7943621837374,10.1881142878376
93.5193519351935,3.39074859387693,16.7951884182293,10.188590733927
93.5293529352935,3.38793270396606,16.7942954299032,10.1889690829484
93.5393539353935,3.38451728416303,16.7916833531121,10.1907381326947
93.5493549354936,3.38330907266893,16.7883156197617,10.1896432861338
93.5593559355936,3.37989357446772,16.7865882729271,10.1875714208738
93.5693569356936,3.37933767256586,16.7852888554382,10.1889030155573
93.5793579357936,3.37993484182771,16.7879117371005,10.1911264291338
93.5893589358936,3.38090004181568,16.7909540856975,10.1892546612065
93.5993599359936,3.38281127360582,16.7919876248551,10.1898150644459
93.6093609360936,3.38252254111657,16.7927890298172,10.1915578741411
93.6193619361936,3.38462297156297,16.7944790569381,10.1958716511068
93.6293629362936,3.38178595642085,16.792321516764,10.1948645504505
93.6393639363936,3.38203304555438,16.795238856427,10.1965072050392
93.6493649364937,3.38390498950711,16.7984973925101,10.1966714595551
93.6593659365937,3.38161240913196,16.799929317432,10.197654892798
93.6693669366937,3.38409717076928,16.8043270943332,10.1982053886797
93.6793679367937,3.38489094640032,16.8013303865937,10.199113071402
93.6893689368937,3.38508440102733,16.796994026842,10.1996962997838
93.6993699369937,3.38901018657724,16.8000879991034,10.2002721954324
93.7093709370937,3.38838542015116,16.7994658053328,10.2052718799046
93.7193719371937,3.38651742819226,16.8033158476819,10.2073936192629
93.7293729372937,3.38893097294769,16.8034173250865,10.2080275512106
93.7393739373937,3.38811365168025,16.8023185810978,10.2066480938041
93.7493749374938,3.39087696235078,16.8026073150027,10.2058350604082
93.7593759375938,3.39023021322017,16.7986122771811,10.204849685146
93.7693769376938,3.38934442866745,16.801910908716,10.2052709215429
93.7793779377938,3.3903431421654,16.8014710540293,10.205823169393
93.7893789378938,3.38604391907389,16.8027994224647,10.2060872190976
93.7993799379938,3.38960104042308,16.8025374206374,10.2085609936336
93.8093809380938,3.38854389427398,16.803649440389,10.2115302920317
93.8193819381938,3.3904901437963,16.8044272487683,10.2111195861451
93.8293829382938,3.38676051087995,16.8041189095804,10.2132453007429
93.8393839383938,3.38786323553614,16.8021688164764,10.214040293449
93.8493849384939,3.3906682667839,16.7982406179465,10.2117758288813
93.8593859385939,3.39031734579667,16.7971717313447,10.2121212011696
93.8693869386939,3.39290940924979,16.7965327305069,10.2123481733409
93.8793879387939,3.3908149676282,16.7946256464846,10.2121235235804
93.8893889388939,3.39692359943784,16.7911434424683,10.2130845957408
93.8993899389939,3.39585824848409,16.7926525569326,10.2143820724291
93.9093909390939,3.39308484709759,16.791969116247,10.2157711895298
93.9193919391939,3.39217850469378,16.7948700319519,10.2156379264539
93.9293929392939,3.39069481404325,16.7951979424146,10.2159651481031
93.9393939393939,3.39123779402253,16.7915482343276,10.2160079971606
93.949394939494,3.39288330243123,16.7931971810101,10.2127731768013
93.959395939594,3.38959574083028,16.7944980219478,10.2122436567376
93.969396939694,3.39117150597938,16.7940472125183,10.2131401329397
93.979397939794,3.39320903637527,16.7950236273138,10.2144473183344
93.989398939894,3.3950857765672,16.7940751423293,10.2130499616113
93.999399939994,3.39853479765987,16.7940808310051,10.2141720970672
94.009400940094,3.40030460616419,16.7952012863067,10.213383675408
94.019401940194,3.40175197959087,16.7943153254048,10.2119677526938
94.029402940294,3.40127891516114,16.7934473609813,10.2125060225021
94.039403940394,3.3974822816425,16.7916073447957,10.2137645335446
94.049404940494,3.3983667730285,16.7957300283961,10.2160605666197
94.0594059405941,3.40215065456788,16.799188837259,10.2166498070672
94.0694069406941,3.40263897892251,16.7983016431599,10.2162768737333
94.0794079407941,3.40133983921043,16.798512458047,10.217440265453
94.0894089408941,3.40218627190713,16.7974399185183,10.2159124329754
94.0994099409941,3.40292943822393,16.7965962186244,10.2177341905927
94.1094109410941,3.39935210506269,16.7957954494381,10.2161621689758
94.1194119411941,3.39698113311594,16.7955084597324,10.2176792038471
94.1294129412941,3.39910166598554,16.7966744869151,10.219157449532
94.1394139413941,3.4006512838347,16.7985685827335,10.2210730753536
94.1494149414941,3.39915179207884,16.7982944807672,10.2271156625242
94.1594159415942,3.39960665448399,16.797034032957,10.2260032275766
94.1694169416942,3.39934891760632,16.7963370532268,10.2249639022927
94.1794179417942,3.39981295338676,16.7989711999068,10.2228933420184
94.1894189418942,3.39888760577989,16.8018868741463,10.2211588974225
94.1994199419942,3.39729999122264,16.8012066602361,10.2171643415825
94.2094209420942,3.39743918183585,16.8022229503348,10.2168593101219
94.2194219421942,3.39795813169176,16.8033243585053,10.2157192318822
94.2294229422942,3.39863224450284,16.8017114403564,10.2148073753295
94.2394239423942,3.39728526837186,16.8066202153446,10.2192869715346
94.2494249424942,3.39652133903304,16.803479206632,10.2182107670158
94.2594259425943,3.3979970858557,16.8052236883532,10.2204617527548
94.2694269426943,3.40037481210656,16.8062887515108,10.2180700435747
94.2794279427943,3.40240498690596,16.8064884419641,10.2193559599829
94.2894289428943,3.4031948086017,16.8037038363461,10.2195312591124
94.2994299429943,3.40352148018474,16.8044529109012,10.2183046622496
94.3094309430943,3.40496122134045,16.8036479493861,10.2202191367922
94.3194319431943,3.40372827750658,16.8030646519549,10.2196090374169
94.3294329432943,3.39949568766868,16.8038539488133,10.2196615044849
94.3394339433943,3.40276088184522,16.8057878570721,10.2181181270164
94.3494349434943,3.39831302704964,16.8043332142412,10.2178138419841
94.3594359435944,3.3992425540904,16.8045213622745,10.2193995310643
94.3694369436944,3.40037874985896,16.8029456814327,10.2194780104429
94.3794379437944,3.39727123817047,16.8021332803793,10.2197655998919
94.3894389438944,3.39676907954695,16.8015154503408,10.2176962922763
94.3994399439944,3.39437538816457,16.8043420002834,10.2180993247153
94.4094409440944,3.39446777735714,16.8070385013094,10.2183214805214
94.4194419441944,3.39521139372368,16.812613327514,10.2205992681834
94.4294429442944,3.39505613259336,16.8126416463071,10.221176175564
94.4394439443944,3.40004487170743,16.8171310116988,10.2226919315554
94.4494449444944,3.40394435956856,16.8187301973707,10.2220494449565
94.4594459445945,3.40486704106834,16.8205533994857,10.223831095377
94.4694469446945,3.40623253124857,16.8240177225985,10.2239900385798
94.4794479447945,3.40584636787255,16.8197368021944,10.2229732422748
94.4894489448945,3.40226071230477,16.8224902700538,10.2234433339287
94.4994499449945,3.40065451456147,16.820471730697,10.2215969892499
94.5094509450945,3.40146197851964,16.8196258600246,10.2220126993783
94.5194519451945,3.40322821834322,16.817595926267,10.2255013667922
94.5294529452945,3.40169696758178,16.8181391758258,10.2214345993765
94.5394539453945,3.4042033082294,16.8215508614227,10.2214687320704
94.5494549454945,3.40391053153723,16.8212618758991,10.2217018122108
94.5594559455946,3.40513567693572,16.82039390969,10.2195614407664
94.5694569456946,3.4061689513685,16.8195062642384,10.2239400175683
94.5794579457946,3.4011610943007,16.819295856483,10.2256842184735
94.5894589458946,3.40071120278682,16.8190878121896,10.2259601954092
94.5994599459946,3.39945236335826,16.8195326476663,10.2248646250587
94.6094609460946,3.40240257854217,16.8192826602526,10.2259389156566
94.6194619461946,3.40676751337992,16.8159934733708,10.2289820311515
94.6294629462946,3.40641817857807,16.8186277191801,10.2311224312183
94.6394639463946,3.40949532570628,16.8180464319515,10.2296524179549
94.6494649464946,3.41178939780426,16.8205631138231,10.2287029684465
94.6594659465947,3.4068234696052,16.8257076456765,10.2289030311292
94.6694669466947,3.40693323120863,16.8279055805153,10.2281259282658
94.6794679467947,3.40413100662573,16.8283436870847,10.2268016929688
94.6894689468947,3.40232837328862,16.8277621690122,10.2263859798578
94.6994699469947,3.40637394814158,16.8275529480953,10.224341253374
94.7094709470947,3.40272624435691,16.8272871399431,10.227873659962
94.7194719471947,3.40173144737158,16.8304845442459,10.2277833771682
94.7294729472947,3.40404289619821,16.8321620335792,10.2298217790305
94.7394739473947,3.40124433135008,16.8287238484466,10.2288554272198
94.7494749474947,3.39957325239136,16.827926285448,10.2315310058416
94.7594759475948,3.39558879119693,16.8299085185718,10.2303012664612
94.7694769476948,3.39770132996116,16.8277889594114,10.2269507051289
94.7794779477948,3.39701408295259,16.8274417908876,10.2271037024763
94.7894789478948,3.39723603941999,16.8250136834961,10.225164720924
94.7994799479948,3.3962664549009,16.8249231605885,10.2284629520535
94.8094809480948,3.39538079851838,16.8264222915949,10.2274697174899
94.8194819481948,3.39291128702404,16.8258541379363,10.2237888437215
94.8294829482948,3.39312429611606,16.8271239242867,10.2263741192652
94.8394839483948,3.39157001988199,16.8238973450711,10.227337751961
94.8494849484948,3.3917944776138,16.8238320567308,10.2301729980026
94.8594859485949,3.38988319937724,16.8229184125801,10.2316507068274
94.8694869486949,3.38961587175627,16.8251396371731,10.2332752730577
94.8794879487949,3.38492654128289,16.8238526233744,10.2321221379611
94.8894889488949,3.38464510433881,16.8239271451403,10.2334180636328
94.8994899489949,3.38408000944466,16.8233888929929,10.2322468353416
94.9094909490949,3.38728733362372,16.82396092613,10.2310155385356
94.9194919491949,3.38805456766922,16.8264542423053,10.2334774613594
94.9294929492949,3.38633094686055,16.8258934380463,10.2332025190169
94.9394939493949,3.38547109307994,16.8240200186673,10.2332957647282
94.9494949494949,3.3827698124555,16.8268444333194,10.2315168446146
94.959495949595,3.38035794403694,16.8256685972393,10.2334943469299
94.969496949695,3.38176968628481,16.8271237537373,10.2358293604462
94.979497949795,3.38503555115258,16.8299671896922,10.2347119186734
94.989498949895,3.38479999695081,16.829048773419,10.2307686247803
94.999499949995,3.38313181446563,16.8284576822045,10.230974339748
95.009500950095,3.38167076187637,16.8299237036503,10.2318640391266
95.019501950195,3.38390158868814,16.8316082246739,10.2349487299001
95.029502950295,3.38387137566015,16.8341618923256,10.2349593390255
95.039503950395,3.38781623779057,16.8353622484834,10.2366357979895
95.049504950495,3.38656570166263,16.8350500639557,10.2409953819953
95.0595059505951,3.38529926509314,16.8347690495543,10.2404465600519
95.0695069506951,3.38599111549769,16.8323253059064,10.2345852554506
95.0795079507951,3.38713424873498,16.8316143305027,10.2370907797788
95.0895089508951,3.38215243333424,16.8333696073612,10.2371938302194
95.0995099509951,3.38372371239951,16.8321852820733,10.2345903971946
95.1095109510951,3.38176854309191,16.8329737718927,10.2324727823214
95.1195119511951,3.38173224754848,16.8366526694646,10.2327489650648
95.1295129512951,3.38595836186759,16.8359817832263,10.2305447795195
95.1395139513951,3.38435481679896,16.8365406626001,10.2286544201471
95.1495149514951,3.38311084330399,16.8358200535198,10.2272380530722
95.1595159515952,3.38108596413031,16.8331370235309,10.2226691402367
95.1695169516952,3.38196423706306,16.8343436758432,10.2210410715121
95.1795179517952,3.38272076495878,16.8330873989204,10.2224469523357
95.1895189518952,3.38056863567829,16.8358011970269,10.2207184289066
95.1995199519952,3.37935923985757,16.8377578501274,10.2211368398885
95.2095209520952,3.37666936262426,16.839786749693,10.2214587610558
95.2195219521952,3.3759877064904,16.8374490457065,10.2221563406778
95.2295229522952,3.37463539026294,16.8360978779593,10.2205757258224
95.2395239523952,3.37546198651667,16.8369744300692,10.2207548982732
95.2495249524952,3.37762062632933,16.8345916504576,10.2214491174676
95.2595259525953,3.37430390736747,16.8360302061007,10.221678324675
95.2695269526953,3.37544351830967,16.8335674963415,10.2245548748048
95.2795279527953,3.37466701741601,16.833916669109,10.2267760857686
95.2895289528953,3.37433519635026,16.8317740173571,10.224653503148
95.2995299529953,3.3722046729025,16.8334330465997,10.2245792445116
95.3095309530953,3.3709859830241,16.8311914632109,10.2226930895013
95.3195319531953,3.37043443052314,16.8296482668306,10.2242997414201
95.3295329532953,3.36833863412034,16.8260710259722,10.2243593361769
95.3395339533953,3.37087559803723,16.8266448452824,10.2280946200172
95.3495349534954,3.36794483612662,16.8234528945348,10.2284796255668
95.3595359535954,3.37056444315084,16.82522705493,10.229181526954
95.3695369536954,3.36669423780206,16.8260043255972,10.2256569698754
95.3795379537954,3.36728663360097,16.8256798583649,10.2271770559793
95.3895389538954,3.36740017801275,16.8255356891309,10.2272872219271
95.3995399539954,3.36870938287688,16.8251365813504,10.2223794119487
95.4095409540954,3.36402310377738,16.824905798508,10.2233036120692
95.4195419541954,3.36216946834531,16.8287639126266,10.2202506956443
95.4295429542954,3.36101461195525,16.829699948826,10.2217986241928
95.4395439543954,3.35834252523198,16.831292776297,10.2212699281369
95.4495449544955,3.35640561330403,16.8327364383943,10.2222370274921
95.4595459545955,3.35403940745369,16.8316328760308,10.2242063532552
95.4695469546955,3.35461021692129,16.835087175391,10.2243902536809
95.4795479547955,3.35554776534273,16.8369773176692,10.2285290520646
95.4895489548955,3.35524097036653,16.8389985746004,10.2314035675675
95.4995499549955,3.35376541912473,16.8415626637384,10.2326695790745
95.5095509550955,3.35360918619291,16.8396285858746,10.2314632616794
95.5195519551955,3.34948806567968,16.8390155476358,10.2314493030313
95.5295529552955,3.34869907433201,16.8384560556559,10.2318439157758
95.5395539553955,3.3487976629665,16.8400798491057,10.232200330694
95.5495549554956,3.34575830137744,16.8394722439018,10.2360141689822
95.5595559555956,3.35044561253432,16.839997666897,10.2348374283825
95.5695569556956,3.35054672757073,16.8392129516029,10.2362830385731
95.5795579557956,3.35212749644128,16.8393074497058,10.2381137085033
95.5895589558956,3.35679694017039,16.8378439288638,10.2348737638325
95.5995599559956,3.35486673916436,16.8352020259026,10.2357687863701
95.6095609560956,3.35372435148081,16.8360664600797,10.2365003594559
95.6195619561956,3.35076376891984,16.8354626756968,10.2390756519371
95.6295629562956,3.34931145304084,16.8382481597244,10.240012224314
95.6395639563956,3.34906671504916,16.8379830372367,10.2435775307277
95.6495649564957,3.34977766536036,16.8384259501814,10.2397052337526
95.6595659565957,3.35019118495278,16.8396625909472,10.2391296118038
95.6695669566957,3.35162753493249,16.8407649256149,10.2385968900676
95.6795679567957,3.34960897168073,16.8398044610086,10.238135860659
95.6895689568957,3.34865141108902,16.8390647995389,10.2415785226744
95.6995699569957,3.34912447741864,16.8397820078696,10.2441112474329
95.7095709570957,3.35157533984266,16.8382284508482,10.2460239119471
95.7195719571957,3.34914180530346,16.8382694952445,10.2471759628247
95.7295729572957,3.35260630551749,16.8343836422651,10.2521975255905
95.7395739573957,3.35557560235106,16.8370507287309,10.2511905869983
95.7495749574958,3.36084525477012,16.8366836006228,10.252853059711
95.7595759575958,3.36180263273498,16.8380081274645,10.25143782232
95.7695769576958,3.36086536338609,16.8398262392382,10.2484519630027
95.7795779577958,3.3642778252266,16.8383337676818,10.24912188322
95.7895789578958,3.36151288675358,16.8374015360124,10.2480593620173
95.7995799579958,3.36117934802892,16.8411159065591,10.2416648427054
95.8095809580958,3.36197674484228,16.8403133861186,10.2390412531342
95.8195819581958,3.36262963069223,16.8405599098305,10.2407938495804
95.8295829582958,3.36092348328883,16.8431693378286,10.239270922874
95.8395839583958,3.35880938731993,16.84297747579,10.2378308040915
95.8495849584959,3.35963437307992,16.8393739068916,10.2378587058876
95.8595859585959,3.36381366388299,16.8408134287939,10.2357317924069
95.8695869586959,3.3624543773308,16.8436886733933,10.234953207085
95.8795879587959,3.35753188885958,16.8439603645772,10.2322892348122
95.8895889588959,3.35805476175338,16.8461501881105,10.2294206680906
95.8995899589959,3.3622772779518,16.8464961580417,10.2268011282992
95.9095909590959,3.36233862540443,16.8481508227196,10.2293814130213
95.9195919591959,3.35843453855378,16.8460994482849,10.2302224685096
95.9295929592959,3.35840641623997,16.8470937281686,10.2334770223096
95.9395939593959,3.35910634221953,16.845254985401,10.2284626152243
95.949594959496,3.35738435932251,16.8455952063519,10.2264202049255
95.959595959596,3.35399963093745,16.8471182084357,10.2237614676484
95.969596959696,3.35632404011507,16.8484440427399,10.2243397183338
95.979597959796,3.35696907860543,16.848723951907,10.2191613434126
95.989598959896,3.35802297717299,16.8510562131379,10.2173963026474
95.999599959996,3.35811026303408,16.8533921742149,10.2184114593545
96.009600960096,3.35598848038716,16.8520281744143,10.2193246960923
96.019601960196,3.35545322421511,16.851961309216,10.2193857474885
96.029602960296,3.35616023558758,16.8493553871301,10.2178509515437
96.039603960396,3.35502665171069,16.8482491441922,10.2159724650104
96.0496049604961,3.35306778075147,16.8493044046018,10.2169626402544
96.0596059605961,3.35321556768954,16.8481765532812,10.2176893513775
96.0696069606961,3.35202824731911,16.8455453688245,10.2181142776882
96.0796079607961,3.35500207363777,16.8448069928452,10.21588664699
96.0896089608961,3.35887671125652,16.8446772397884,10.2142246191743
96.0996099609961,3.36136779714907,16.8444735095241,10.214469977442
96.1096109610961,3.36170464013226,16.8463300935388,10.2151990847053
96.1196119611961,3.36210914654614,16.8437278028712,10.2174145818612
96.1296129612961,3.36225898902463,16.8447778740208,10.2166177622049
96.1396139613961,3.36356666080363,16.844353145562,10.2157367479732
96.1496149614962,3.36512904241525,16.8426620025623,10.2189944544288
96.1596159615962,3.3665516630881,16.844285553026,10.2137782448975
96.1696169616962,3.36578020594836,16.8432851320518,10.2156985628373
96.1796179617962,3.36611321319111,16.8450927400428,10.2151759782127
96.1896189618962,3.36543240051417,16.8461162861365,10.2139231241732
96.1996199619962,3.36123363035925,16.8440728063225,10.2116463396073
96.2096209620962,3.36251011664315,16.8445420646999,10.2121671798885
96.2196219621962,3.36038929808334,16.8470862724571,10.2125645255231
96.2296229622962,3.36001097476687,16.845742494999,10.2122469624652
96.2396239623962,3.35783553189706,16.8466012854329,10.2114843174657
96.2496249624963,3.35730742537322,16.8485592891686,10.2121078591654
96.2596259625963,3.35939672908533,16.8485580739091,10.2116732121513
96.2696269626963,3.35747189683971,16.8488179820723,10.2094366950568
96.2796279627963,3.35879459522839,16.8470064300351,10.2092642454144
96.2896289628963,3.35812377377338,16.8484257098773,10.2095721625666
96.2996299629963,3.35732023410858,16.8479263846063,10.2064999097823
96.3096309630963,3.35987880946188,16.8463859215335,10.2078445514667
96.3196319631963,3.36178681338817,16.8472972159333,10.2083002068138
96.3296329632963,3.36121225520882,16.8510615500412,10.2060837841964
96.3396339633963,3.36018536764279,16.8502349622014,10.2061596300572
96.3496349634964,3.36294753239846,16.8476149086956,10.2094135271322
96.3596359635964,3.36370802409558,16.8455982664098,10.2123936657082
96.3696369636964,3.36468574582573,16.84520747568,10.2117423181838
96.3796379637964,3.36158556353437,16.8442583522782,10.2139961301316
96.3896389638964,3.36108058530209,16.8443698690118,10.2126061541781
96.3996399639964,3.36054441046081,16.8414315517959,10.2099006915357
96.4096409640964,3.36212034048373,16.840027443243,10.2095120865438
96.4196419641964,3.36165342005446,16.8406492447187,10.2110994674333
96.4296429642964,3.35975932569609,16.8392524541726,10.2093909219641
96.4396439643964,3.35957422573616,16.8382143577466,10.2108251412451
96.4496449644964,3.3605288130318,16.8376137742822,10.2077661399041
96.4596459645965,3.35928830575596,16.839413284166,10.2082237679822
96.4696469646965,3.35926809146982,16.8389265622473,10.2101342518342
96.4796479647965,3.35738126197313,16.837060582627,10.210263695151
96.4896489648965,3.35905036739416,16.8366629350608,10.2132200093039
96.4996499649965,3.35923094300457,16.8378309101296,10.2135596358137
96.5096509650965,3.3589589928592,16.8346481685995,10.2142586969739
96.5196519651965,3.35963109584894,16.8367526563934,10.2123324482293
96.5296529652965,3.35770946348118,16.8380352931243,10.2121809613117
96.5396539653965,3.35906266576068,16.8352119959318,10.2101066964785
96.5496549654965,3.35526550416119,16.8360196752984,10.2085316274953
96.5596559655966,3.35287497928177,16.8339959475811,10.207643410136
96.5696569656966,3.35488508969022,16.8392865419615,10.2050283435601
96.5796579657966,3.3550815717133,16.8348319998112,10.2046643561907
96.5896589658966,3.3556448492885,16.8332823609683,10.2073409185258
96.5996599659966,3.35751598415849,16.8327425482678,10.2084933550161
96.6096609660966,3.35668623867428,16.8369187719709,10.207227960388
96.6196619661966,3.35588317231712,16.8355401610379,10.2078046547262
96.6296629662966,3.35714617048706,16.8338891026675,10.2108738573438
96.6396639663966,3.35749520830516,16.8344069636337,10.2072342909521
96.6496649664966,3.35483007406917,16.8343409089255,10.2072135959595
96.6596659665967,3.35388650256432,16.8352760695867,10.2052776865823
96.6696669666967,3.3538634370189,16.8361188341184,10.2041987757846
96.6796679667967,3.35593772778014,16.8367835873467,10.2055212051272
96.6896689668967,3.35784190718209,16.837401048997,10.2031894207801
96.6996699669967,3.35276275616309,16.838536696062,10.1991008105866
96.7096709670967,3.35033212547595,16.8359232566199,10.1960507599903
96.7196719671967,3.34827841696675,16.8350151216037,10.1947695352613
96.7296729672967,3.35104895101735,16.8332800880056,10.197616316443
96.7396739673967,3.3499037405211,16.8346892168991,10.2000456612658
96.7496749674967,3.35025138038974,16.8332540739189,10.1990676055767
96.7596759675968,3.34940804818783,16.8308718900132,10.2005348800894
96.7696769676968,3.34854044356592,16.8303013885835,10.1945115730929
96.7796779677968,3.34880246917978,16.8288927998703,10.1965460047042
96.7896789678968,3.34956795388725,16.8290186405049,10.1961883290474
96.7996799679968,3.34944569341591,16.8305504666999,10.1936123098621
96.8096809680968,3.35011117577381,16.8317849701738,10.1976512976492
96.8196819681968,3.35180386499668,16.8296469845299,10.1975881264293
96.8296829682968,3.34986537939849,16.8277527333286,10.1975816166775
96.8396839683968,3.35233260966191,16.8275719638793,10.1970831470039
96.8496849684968,3.35169384455301,16.8313731785686,10.195917809199
96.8596859685969,3.35306291488602,16.8365622283174,10.1937568242972
96.8696869686969,3.35750406157064,16.836726974148,10.1910741138037
96.8796879687969,3.35832480323919,16.8380443692685,10.1920679763232
96.8896889688969,3.35777203742834,16.8360349261574,10.1922370646368
96.8996899689969,3.35640238309035,16.8405341908156,10.1924440246274
96.9096909690969,3.3575186752714,16.837626394202,10.1962189650478
96.9196919691969,3.35823947734657,16.8386234340529,10.1991989673367
96.9296929692969,3.35487273900806,16.8385892364441,10.2011288560945
96.9396939693969,3.35383443804024,16.8365762258106,10.1986957913929
96.9496949694969,3.35368715812223,16.8384594741017,10.2006169899936
96.959695969597,3.35300741035789,16.8379749642138,10.1991360011564
96.969696969697,3.35249967873354,16.8389184849506,10.2036936215798
96.979697969797,3.35317706962677,16.8423974786933,10.2020112068332
96.989698969897,3.35450761782928,16.841419706848,10.2023007102064
96.999699969997,3.3556137867717,16.842842243525,10.2004264009045
97.009700970097,3.35502474562489,16.8413945908466,10.204975582617
97.019701970197,3.35791812276566,16.8410543560255,10.2057189377933
97.029702970297,3.35643480253083,16.8410117354656,10.2057438231467
97.039703970397,3.3580090351888,16.8407811618882,10.2067604212596
97.049704970497,3.35909299108671,16.83848771978,10.2038605597345
97.0597059705971,3.35979484332933,16.84133968998,10.2043121405541
97.0697069706971,3.35718590408889,16.8431349545405,10.2038639299608
97.0797079707971,3.35569056271111,16.8483882064055,10.2034809591167
97.0897089708971,3.35753696817007,16.8492831412882,10.2027690748603
97.0997099709971,3.3590899187113,16.8487525783355,10.2052759703187
97.1097109710971,3.35798508677281,16.8480011973683,10.2002200802389
97.1197119711971,3.35875683727059,16.8514151792908,10.2011824600708
97.1297129712971,3.35653416714419,16.8513114943819,10.2022584652969
97.1397139713971,3.35355608967325,16.852261926452,10.1988167901849
97.1497149714971,3.35598460616731,16.8508993127368,10.2002446881824
97.1597159715972,3.3565618748019,16.8517806576417,10.2025686815279
97.1697169716972,3.35828864601074,16.8518507364952,10.2026943668163
97.1797179717972,3.35938278367633,16.8534281867091,10.2017178121602
97.1897189718972,3.36112251049991,16.85624818589,10.2050510505625
97.1997199719972,3.35992433288257,16.8594524832681,10.2080388223413
97.2097209720972,3.36044682289976,16.8602108655805,10.2106929293355
97.2197219721972,3.35758665665348,16.8586681174233,10.2093137162246
97.2297229722972,3.35650533277434,16.8632201807651,10.2094292604321
97.2397239723972,3.35617063892484,16.8594806448988,10.2093037573016
97.2497249724972,3.35530880085764,16.8594689351428,10.2090496533338
97.2597259725973,3.35120518155895,16.8590407953644,10.2070936153443
97.2697269726973,3.34828065498506,16.8577439401905,10.2043661515661
97.2797279727973,3.34768002628843,16.8582440083643,10.2032509819388
97.2897289728973,3.34817883204723,16.8556028963667,10.2021369872097
97.2997299729973,3.34722707211761,16.8545957078918,10.198649987725
97.3097309730973,3.34541347099024,16.8562483662762,10.1981780376353
97.3197319731973,3.34683076014792,16.8548888246965,10.2020112489868
97.3297329732973,3.3480426180654,16.8499226610081,10.2031013116509
97.3397339733973,3.34517667359872,16.8498725833568,10.2033925690057
97.3497349734973,3.34536984051072,16.8487323020202,10.2021145791514
97.3597359735974,3.34515635868168,16.844961646621,10.2029053490391
97.3697369736974,3.34727925487564,16.8444803472436,10.2030310941574
97.3797379737974,3.34684788509281,16.8428394953054,10.1987005637089
97.3897389738974,3.3486197538002,16.8423799546847,10.1977937432201
97.3997399739974,3.34510305497719,16.8407405732235,10.1959758894207
97.4097409740974,3.34451161716854,16.8433084571765,10.1985325688251
97.4197419741974,3.3452428967077,16.8452633454413,10.19760580625
97.4297429742974,3.34682147162139,16.8456418336066,10.1976846022766
97.4397439743974,3.34711673127163,16.8469620939576,10.1948924891947
97.4497449744974,3.34797889977099,16.8473553679046,10.1967051380811
97.4597459745975,3.34966961293412,16.8473662582958,10.1966166493477
97.4697469746975,3.35163932812985,16.8443443056856,10.1982977806736
97.4797479747975,3.3471138831754,16.8455395252039,10.2018805289272
97.4897489748975,3.34668562981881,16.8510722932282,10.2018365034127
97.4997499749975,3.34393722067272,16.8529802430934,10.2015594401126
97.5097509750975,3.34346959459241,16.8551163146708,10.2026095836042
97.5197519751975,3.3433698146977,16.8543946340925,10.1993358552076
97.5297529752975,3.34584874158406,16.8556976380737,10.1992656947597
97.5397539753975,3.3458820075112,16.8557774688062,10.2033493840857
97.5497549754975,3.34878950078167,16.8538173286093,10.2052810576363
97.5597559755976,3.35114337610345,16.8543378420626,10.206911889445
97.5697569756976,3.34927595771457,16.8567025023498,10.2062447347916
97.5797579757976,3.3495720668984,16.8581540630959,10.2042498627011
97.5897589758976,3.3528429180159,16.8621076632369,10.2054227150995
97.5997599759976,3.35851617851285,16.8587448778666,10.204700074671
97.6097609760976,3.36018259804368,16.8577391578068,10.2005464504727
97.6197619761976,3.36030760802979,16.8553855203574,10.2018067937235
97.6297629762976,3.35938169157816,16.8532216643851,10.2015239328874
97.6397639763976,3.36013925051205,16.8534717231583,10.2035974777781
97.6497649764977,3.35989561052195,16.8521595626102,10.2057158022965
97.6597659765977,3.3612184373134,16.8500432947676,10.2032240375191
97.6697669766977,3.3620406352809,16.851060821968,10.2021633030875
97.6797679767977,3.36204022616831,16.8507578648519,10.2035032778108
97.6897689768977,3.36267326281713,16.8522225530624,10.2038519779968
97.6997699769977,3.36522825212159,16.8519783410469,10.2064735495558
97.7097709770977,3.36676982013221,16.8515731487398,10.2064294227981
97.7197719771977,3.3648437234348,16.8512174735838,10.2107156342636
97.7297729772977,3.36329742083333,16.8507437402391,10.2132976806536
97.7397739773977,3.36387508180485,16.8539677378642,10.2134379822785
97.7497749774978,3.36462053087606,16.8563860774448,10.2142722868316
97.7597759775978,3.36563697153162,16.852836842881,10.2138522246484
97.7697769776978,3.36789421930556,16.8493190477706,10.2160059075123
97.7797779777978,3.36771990341121,16.8471176652828,10.2134066455282
97.7897789778978,3.36518158068871,16.8463710683777,10.2128826921114
97.7997799779978,3.36675202387767,16.8485267091641,10.2122897400465
97.8097809780978,3.36389402921398,16.8489323395835,10.2149448906374
97.8197819781978,3.36526516431463,16.8508599075215,10.2162982662527
97.8297829782978,3.36283563831429,16.8505594013989,10.2163808403089
97.8397839783978,3.36458616500491,16.8502388803816,10.2131616176736
97.8497849784979,3.35931232897536,16.8517998554869,10.216253747083
97.8597859785979,3.35822747031248,16.8540345549314,10.2183920101401
97.8697869786979,3.35747176990078,16.8544314917787,10.2202462977832
97.8797879787979,3.35841910591081,16.8525396011213,10.2185205909872
97.8897889788979,3.35792768796761,16.8513256510131,10.2213177129385
97.8997899789979,3.35681874862308,16.8565071508591,10.2206368071758
97.9097909790979,3.35689235606463,16.8580614785381,10.2167192892878
97.9197919791979,3.35807605220841,16.8580326709631,10.2158543798147
97.9297929792979,3.36207457701795,16.8579178928201,10.2132205983093
97.9397939793979,3.36104222722876,16.8614734762689,10.2152118363415
97.949794979498,3.36228189941136,16.8638407741369,10.2169205453554
97.959795979598,3.3629637022091,16.8640052270197,10.2175627964388
97.969796979698,3.36253489638226,16.8663271032154,10.2178010970326
97.979797979798,3.36492091864852,16.8637676300511,10.2194861356971
97.989798979898,3.36216708231661,16.8620851296955,10.222424174031
97.999799979998,3.35858407887773,16.8662988882621,10.2213613343064
98.009800980098,3.35850453840427,16.8642839046001,10.2221890300228
98.019801980198,3.35745756018923,16.8629768592424,10.2218443911212
98.029802980298,3.35947062872574,16.8622044993338,10.2232071778002
98.039803980398,3.36334201179967,16.8614129760892,10.2228824613887
98.0498049804981,3.36194762660502,16.8613630297931,10.2257711210014
98.0598059805981,3.36033056871215,16.8613108029499,10.2245410410316
98.0698069806981,3.36143445654164,16.8624751547141,10.2236616937733
98.0798079807981,3.36067296546022,16.8630889830591,10.2207106847552
98.0898089808981,3.36155552472169,16.8621760112451,10.2195919235769
98.0998099809981,3.36249842377313,16.8610604287544,10.2187338904748
98.1098109810981,3.3620613057444,16.8635544301403,10.2175645670055
98.1198119811981,3.36093716431841,16.8610916377136,10.2192459315073
98.1298129812981,3.36277030850467,16.8618001011714,10.2186229925473
98.1398139813981,3.36290799899122,16.8655862896992,10.2175462211013
98.1498149814982,3.36237947264267,16.869756086354,10.2164455104043
98.1598159815982,3.36537650976448,16.8718318928933,10.2151757821212
98.1698169816982,3.36600570701706,16.8693030931268,10.2121771262056
98.1798179817982,3.36784345798871,16.869593640027,10.2133928489493
98.1898189818982,3.36644273543185,16.8685630439752,10.2131104224089
98.1998199819982,3.3663308584663,16.8663929164193,10.214536780507
98.2098209820982,3.36772443102106,16.8675298673014,10.2138301834124
98.2198219821982,3.36752897980042,16.8681017832676,10.2147645925258
98.2298229822982,3.36633142477359,16.8708980524402,10.2178648154701
98.2398239823982,3.36682237341973,16.8699185284786,10.2176556016275
98.2498249824983,3.36739021304681,16.870328954661,10.2199075277667
98.2598259825983,3.37072086077366,16.8719690098495,10.2187560311906
98.2698269826983,3.36874204695519,16.8735553135864,10.2156632403383
98.2798279827983,3.37190899651522,16.8729445296744,10.2154567529543
98.2898289828983,3.37177134984252,16.8709397032935,10.2162751414796
98.2998299829983,3.37171436020304,16.8700664066684,10.2197876903645
98.3098309830983,3.37325136031258,16.8736933089615,10.2182859695943
98.3198319831983,3.37518801089972,16.8727370692362,10.2180284653689
98.3298329832983,3.37806037315468,16.8731100488985,10.2215513400265
98.3398339833983,3.38504765567759,16.8719015717398,10.2188644246595
98.3498349834984,3.38735453181637,16.8726711239445,10.2185478199294
98.3598359835984,3.38960081011165,16.8735524672268,10.2209497152035
98.3698369836984,3.38795027569921,16.8765278484954,10.2250992819054
98.3798379837984,3.38680799705362,16.8729188071897,10.2249840134797
98.3898389838984,3.38901216577433,16.8744930837926,10.2237058961629
98.3998399839984,3.38432933676589,16.8775659714528,10.2226311011575
98.4098409840984,3.38505446203689,16.8795420703293,10.219923307111
98.4198419841984,3.38862294462464,16.8783524694582,10.2220734019904
98.4298429842984,3.39049516277617,16.8813920497622,10.2181232904139
98.4398439843984,3.38822697879228,16.8848217704676,10.2169043170789
98.4498449844985,3.38677708009446,16.8859987024272,10.2174845467902
98.4598459845985,3.38711300129076,16.885616367698,10.2180890812402
98.4698469846985,3.38774510154435,16.8869817771283,10.2171348784721
98.4798479847985,3.388177125772,16.8855545227974,10.2187285121407
98.4898489848985,3.38892072850164,16.8811246231237,10.221425443009
98.4998499849985,3.38727831971903,16.8840773058332,10.2220953944189
98.5098509850985,3.38968760542023,16.8811998041278,10.222667123168
98.5198519851985,3.38903497133386,16.8834599622062,10.2232483447958
98.5298529852985,3.39156182959023,16.8820271039204,10.2224903648317
98.5398539853985,3.39202825818808,16.8818672951827,10.2220233323522
98.5498549854986,3.39507572022465,16.8810920862574,10.2239481423928
98.5598559855986,3.39369952713808,16.8838198059862,10.2241923410832
98.5698569856986,3.40036933491369,16.8824885521889,10.2247372127033
98.5798579857986,3.40167362644494,16.8832010583405,10.2258861029032
98.5898589858986,3.4005001319982,16.8826810177926,10.2260323709739
98.5998599859986,3.40118580306439,16.8767886878081,10.2322014897633
98.6098609860986,3.4022938574506,16.8745534879806,10.2309532370697
98.6198619861986,3.40370486827332,16.87402714633,10.2317074321828
98.6298629862986,3.40508900599826,16.874369977567,10.2287329858596
98.6398639863986,3.40542240819378,16.8732247494036,10.2266119377315
98.6498649864987,3.40391624608989,16.87370057143,10.2235656659149
98.6598659865987,3.40089243716234,16.8721226923403,10.2252569975437
98.6698669866987,3.39859159870839,16.8736006126695,10.2270731493579
98.6798679867987,3.40055531083267,16.873523403889,10.2272979838427
98.6898689868987,3.40463920327891,16.8763336690663,10.2291551239787
98.6998699869987,3.40406965804094,16.8776546137405,10.2332688353936
98.7098709870987,3.40662931352626,16.8805806471941,10.2320344725145
98.7198719871987,3.40532032709014,16.8792378088576,10.2321429908096
98.7298729872987,3.40516792801426,16.8798688403396,10.2316489680854
98.7398739873987,3.40524870873212,16.8801536898253,10.2313051747726
98.7498749874988,3.40786995769406,16.8830557887005,10.2309645129039
98.7598759875988,3.40729023251322,16.8845635394009,10.2324995033355
98.7698769876988,3.40630596208853,16.8887569447863,10.228163486616
98.7798779877988,3.40467219330268,16.8864350612991,10.227832201926
98.7898789878988,3.40673896509588,16.8878268017804,10.2298062400102
98.7998799879988,3.40809086557866,16.8861438812007,10.2276604939946
98.8098809880988,3.40704622490713,16.8850273750495,10.2308156832755
98.8198819881988,3.40315773992546,16.8859866584487,10.2297709536763
98.8298829882988,3.39886209113458,16.8841973734211,10.2284644586552
98.8398839883988,3.40096259400581,16.8846394255223,10.2277089735476
98.8498849884988,3.40212070021485,16.8777730929412,10.2317342139657
98.8598859885989,3.40216884745003,16.8757134206558,10.2334654530598
98.8698869886989,3.4040649672288,16.8765029718243,10.2324626482496
98.8798879887989,3.40616092791686,16.8734867736698,10.2327242584191
98.8898889888989,3.4061622915896,16.8733469943984,10.2326474356985
98.8998899889989,3.40789067352135,16.8735309278496,10.2324650949366
98.9098909890989,3.40631680737155,16.8722270337767,10.2290719159668
98.9198919891989,3.40305334325582,16.8705092890112,10.226538523489
98.9298929892989,3.4013195207549,16.8695638321192,10.2266942741332
98.9398939893989,3.40296443998253,16.8711760779138,10.2260547804251
98.9498949894989,3.40325792448341,16.8732186590661,10.2247765392165
98.959895989599,3.40463784922735,16.8712859053802,10.2263644754321
98.969896989699,3.40450754868626,16.8733043004371,10.2266869703386
98.979897989799,3.40242674614198,16.8723212415131,10.2261587452314
98.989898989899,3.40320165614405,16.87150637062,10.2225170091692
98.999899989999,3.40515953568865,16.8716456483822,10.2216466741291
99.009900990099,3.40381528276429,16.8747316927338,10.2208087650979
99.019901990199,3.40405174343906,16.8768199266426,10.2173372186845
99.029902990299,3.40321507295552,16.8790538431036,10.214272135561
99.039903990399,3.40072168187691,16.8804483792236,10.2147175226915
99.049904990499,3.40219749638544,16.8780248026109,10.2144548429307
99.0599059905991,3.40083919600813,16.8768600197233,10.2138604861864
99.0699069906991,3.39913578517198,16.8785918240697,10.2143323135955
99.0799079907991,3.3955464903043,16.8815743015394,10.2130519795893
99.0899089908991,3.396981480178,16.8804963269721,10.2153114073001
99.0999099909991,3.39828371438859,16.8804063260028,10.2155961282376
99.1099109910991,3.39422735197841,16.8844285355622,10.2177791747215
99.1199119911991,3.3939534563844,16.8866631392806,10.2190115750948
99.1299129912991,3.39657573751057,16.883991486914,10.2176275395296
99.1399139913991,3.39537361137983,16.8836252251144,10.2179235361696
99.1499149914991,3.39350521127622,16.883947075171,10.2192208058687
99.1599159915992,3.39380499059843,16.8854306926071,10.2190847326626
99.1699169916992,3.39409145196665,16.88466639733,10.2219540561396
99.1799179917992,3.39440986672132,16.8837168292401,10.2206557520334
99.1899189918992,3.395246180144,16.88449139962,10.218731043531
99.1999199919992,3.39941779416505,16.8814737729793,10.2137428050352
99.2099209920992,3.39728280846617,16.8804618469651,10.2126366832201
99.2199219921992,3.39756933673405,16.8781176866142,10.2159127115914
99.2299229922992,3.39612272010071,16.8782450267905,10.2185613301532
99.2399239923992,3.39482319770444,16.8780290290399,10.2164146722204
99.2499249924992,3.39211799200314,16.877125698594,10.2175570904339
99.2599259925993,3.39187775828547,16.8773257115057,10.214636659093
99.2699269926993,3.39464408323022,16.8783724040271,10.2139616206381
99.2799279927993,3.39485458460424,16.8794407576561,10.2133701695212
99.2899289928993,3.39683021724381,16.8791919882808,10.2124114210144
99.2999299929993,3.40014227278984,16.8809290678316,10.215312587431
99.3099309930993,3.40260795457708,16.8811581234524,10.2165805703446
99.3199319931993,3.40044293112708,16.8776870504376,10.2163246180935
99.3299329932993,3.39579037043024,16.878210006276,10.2192133654936
99.3399339933993,3.39600002938006,16.8793671127801,10.2214222598431
99.3499349934993,3.39491919103766,16.8778619826465,10.2246520324183
99.3599359935994,3.39397765174135,16.8758331820086,10.2247950109098
99.3699369936994,3.39050080353664,16.8772222204316,10.2248162775102
99.3799379937994,3.39130422387709,16.8761328020754,10.219641722455
99.3899389938994,3.39347731701405,16.8742788391717,10.2187457061937
99.3999399939994,3.39185576216448,16.880834436111,10.2193085913738
99.4099409940994,3.39137561584268,16.8795492095015,10.21679850586
99.4199419941994,3.38930678172137,16.8800063175623,10.2158626622281
99.4299429942994,3.38539439611821,16.881440794419,10.2145484320208
99.4399439943994,3.38539439547262,16.8847472112437,10.2156617568976
99.4499449944994,3.38567403109152,16.8830730193103,10.2161989224555
99.4599459945995,3.38737803883766,16.8810289222335,10.2163708734973
99.4699469946995,3.38637087004286,16.8814885639273,10.214952171138
99.4799479947995,3.38735078368982,16.8815428669495,10.2161656128355
99.4899489948995,3.38688550809051,16.8818246675991,10.2184704143174
99.4999499949995,3.38454848291575,16.8817743319432,10.2192506172008
99.5099509950995,3.38730773342623,16.885821765423,10.2185906579686
99.5199519951995,3.38514355930476,16.8866069374569,10.2184855654451
99.5299529952995,3.38425304370417,16.8848688241753,10.2197109529894
99.5399539953995,3.38181089252252,16.8835765786002,10.2198084517503
99.5499549954995,3.38255305313066,16.8821135284116,10.2203900910767
99.5599559955996,3.38287661996872,16.8802976914905,10.2209948773623
99.5699569956996,3.38015683721976,16.8776656956096,10.2211867413925
99.5799579957996,3.37538778915161,16.8789719738955,10.220265570248
99.5899589958996,3.37677525361242,16.8812565213734,10.219001513891
99.5999599959996,3.37478094856758,16.8808987704381,10.2148117053123
99.6099609960996,3.37291730390536,16.8829421680941,10.2144847915858
99.6199619961996,3.37431641304862,16.8822460200739,10.2150612805818
99.6299629962996,3.37653230618314,16.8847846359404,10.2156544370824
99.6399639963996,3.37276005896005,16.8817040353576,10.213775525064
99.6499649964996,3.37619381339372,16.8844462074402,10.2120277705248
99.6599659965997,3.37617055929078,16.8860681717391,10.2109462134846
99.6699669966997,3.37567356468561,16.8880626786249,10.2096942288749
99.6799679967997,3.37464111905004,16.8862735004252,10.2067839973895
99.6899689968997,3.37346915522341,16.8843056398515,10.2096133677316
99.6999699969997,3.37159855817347,16.8854828431163,10.211643182372
99.7099709970997,3.36999231822723,16.8885634193396,10.2115993519784
99.7199719971997,3.37204097050014,16.8873763764932,10.2109762896215
99.7299729972997,3.37189486160438,16.8869202335208,10.2110089968876
99.7399739973997,3.37216537049036,16.8885950847637,10.2102185379374
99.7499749974997,3.37024925337971,16.8885357590004,10.2086933139123
99.7599759975998,3.37108865737925,16.8872190450535,10.2073693482196
99.7699769976998,3.3708384257474,16.8866289991626,10.2070015854225
99.7799779977998,3.37159467048606,16.8839198591466,10.2032722416998
99.7899789978998,3.37226950133457,16.8851246197228,10.2039050842222
99.7999799979998,3.3711893983105,16.8849240364372,10.2043430611473
99.8099809980998,3.3714939314101,16.8856531796434,10.2023164293968
99.8199819981998,3.37385753482772,16.8855049806932,10.2010036228673
99.8299829982998,3.37276286681911,16.886127468252,10.2047152479009
99.8399839983998,3.37545293918635,16.8867749746614,10.2049083545691
99.8499849984998,3.37506471280922,16.8864717127043,10.2064398917081
99.8599859985999,3.37556539798708,16.8879071404326,10.2093468627583
99.8699869986999,3.37551832709779,16.8889648178422,10.2100309943277
99.8799879987999,3.37501379254214,16.8875435041012,10.2099966083496
99.8899889988999,3.37285427494792,16.8875002730852,10.2134160364217
99.8999899989999,3.37240092075509,16.8855349337477,10.2129004485374
99.9099909990999,3.37157841254839,16.885072093593,10.2133310080651
99.9199919991999,3.36913895766578,16.8846079249459,10.2131890979942
99.9299929992999,3.36492365050552,16.882215722532,10.2094975476483
99.9399939993999,3.36876331606658,16.879760238363,10.209436918526
99.9499949994999,3.36676708046057,16.8764916073275,10.2096275083563
99.9599959996,3.36662781086489,16.8761186261462,10.2139637237134
99.9699969997,3.36699236908953,16.8767324190708,10.2124481396531
99.9799979998,3.36772304868161,16.876658199281,10.2098545921066
99.9899989999,3.36739816428947,16.877650144106,10.2077482927285
100,3.3654121504377,16.8787825702025,10.2067222247865
