time,N,H,I,N_stoch,H_stoch,I_stoch
0.0,1.0,0.5,0.2,1.0,0.5,0.2
0.1,1.1000000000000008,0.547267440257108,0.21758253847367007,1.1019272000279585,0.545,0.21680000000000002
0.2,1.2000000000000006,0.5990396401263023,0.2368298800273472,1.1953497630157697,0.5946463600013979,0.23511298880000003
0.30000000000000004,1.3000000000000003,0.6552717809933439,0.25788755931613744,1.3000960331188607,0.6484673845521725,0.2550957577805436
0.4,1.4000000000000004,0.715919485887515,0.2808957604334784,1.4060446867000338,0.7069875123625937,0.27688264756773423
0.5,1.5000000000000002,0.7809388190015892,0.30598919290564125,1.4937052567174691,0.7702198715739694,0.30062558834610137
0.6000000000000001,1.6000000000000003,0.8502862823725355,0.33329697779029005,1.5854695503893097,0.8372029356941032,0.32647312066202644
0.7000000000000001,1.7000000000000002,0.9239188100643622,0.3629424611872678,1.6862780840913154,0.9081043838566276,0.35453121778728613
0.8,1.8000000000000003,1.0017937649308095,0.3950430739921115,1.784277990321392,0.9833372442226271,0.3849089629528133
0.9,1.9000000000000004,1.0838689341422718,0.4297101484424321,1.8841717304713104,1.0627177712964704,0.41772804372861916
1.0,2.0,1.1701025249000565,0.4670487099640934,1.978776606960694,1.1462991801070712,0.453098350331962
1.1,2.1,1.26045316022144,0.507157269304525,2.0843384081013063,1.2337750186540353,0.4911273517058977
1.2000000000000002,2.2,1.3548798748228221,0.5501276013406778,2.1892575962246386,1.3256541888725601,0.5319054117985025
1.3,2.3,1.4533421110412634,0.5960445074890378,2.289675211024205,1.4218605267950664,0.5755383813409247
1.4000000000000001,2.4,1.5557997147702032,0.6449855817266097,2.396804510397038,1.522125682078326,0.6221235045506308
1.5,2.5,1.6622129314245704,0.6970209685567246,2.499761299094885,1.6267446507773946,0.6717414909909326
1.6,2.5999999999999996,1.7725424019925888,0.75221312343759,2.594326656377032,1.7354652692243648,0.7244789715035708
1.7000000000000002,2.7,1.8867491591216157,0.810616559279675,2.6966588411103793,1.8478269493509727,0.7804060487992375
1.8,2.8,2.0047946231545297,0.872277646649202,2.790594335055728,1.964181621912982,0.8395678680362756
1.9000000000000001,2.9000000000000004,2.1266405983248964,0.9372343686507855,2.8961501425825125,2.0840695224466383,0.9020172438670558
2.0,3.0,2.2522492689106683,1.005516140730253,2.995834383396562,2.2080363343512976,0.967781590565748
2.1,3.1,2.38158319546742,1.0771436117428204,3.0946652111516717,2.335747690177613,1.036903314046124
2.2,3.2,2.5146053110783706,1.1521285221102335,3.1903586345788373,2.4671234738334205,1.1094038295291373
2.3000000000000003,3.3000000000000003,2.6512789176494382,1.230473566051845,3.2980906649066797,2.601970170824028,1.1852938267546675
2.4000000000000004,3.4000000000000004,2.7915676822384246,1.3121723054009748,3.397113334648713,2.740855002361122,1.264568618907595
2.5,3.5,2.935435633422007,1.3972091099770907,3.4944043516422028,2.8833021190699464,1.3472386207587967
2.6,3.6,3.082847157698547,1.485559143422642,3.5921772635219935,3.029189315461357,1.4332868667038923
2.7,3.7,3.2337669959254747,1.577188405057071,3.695543882413549,3.178506285482843,1.522683580110459
2.8000000000000003,3.8000000000000003,3.3881602397958592,1.6720537821140427,3.7978551536151084,3.3314984167486923,1.615390751402426
2.9000000000000004,3.9000000000000004,3.54599232834919,1.7701031614931382,3.9004655038496545,3.488076190261961,1.711372390402755
3.0,4.0,3.7072290445082188,1.871275676458407,4.0031902551163405,3.648218703551824,1.8105808748640277
3.1,4.1,3.871836511661507,1.9755019098976279,4.116735223844712,3.8118960292721225,1.9129598943610233
3.2,4.2,4.039781190275254,2.0827041874904144,4.214164829590572,3.979613830171637,2.0184442593293244
3.3000000000000003,4.300000000000001,4.2110298745421995,2.1927968545715713,4.310925122113118,4.150525933349449,2.1269815625061526
3.4000000000000004,4.4,4.385549689055995,2.3056867738373343,4.405778371475132,4.324566930121611,2.238477623566333
3.5,4.5,4.563308085524933,2.4212737451191284,4.5096741674094,4.501610179394151,2.3528292260616666
3.6,4.6000000000000005,4.744272839521243,2.5394509151629783,4.61681441512984,4.68207778597068,2.469922168011458
3.7,4.700000000000001,4.928412047256118,2.660105380190604,4.716093748130289,4.866097728867465,2.589653869349941
3.8000000000000003,4.800000000000001,5.115694122386929,2.78311879798975,4.810780132014,5.053241438985305,2.711921434649195
3.9000000000000004,4.900000000000001,5.306087792859535,2.9083680078975136,4.905565654954782,5.243248031196152,2.8365996813503207
4.0,5.000000000000001,5.499562097782647,3.035725633925623,5.009680365032391,5.436093833631929,2.9635491186167284
4.1000000000000005,5.100000000000001,5.6960863843318545,3.165060760170231,5.114381117155238,5.6322169135472295,3.092626518290485
4.2,5.200000000000001,5.89563030468331,3.2962396527591595,5.217816326372611,5.831613800269519,3.2237041031498492
4.3,5.300000000000001,6.098163812978425,3.429126467510762,5.313607273412642,6.034188478585454,3.3566517528900564
4.4,5.400000000000001,6.303657162319952,3.563583961169532,5.41507559054362,6.239526957470232,3.491333960789224
4.5,5.500000000000001,6.512080901797487,3.6994741848565917,5.515813576398629,6.447885467422711,3.627597965547394
4.6000000000000005,5.600000000000001,6.723405873542018,3.836659203885773,5.617196684526568,6.659197291568415,3.765302079762874
4.7,5.700000000000001,6.937603209810163,3.9750017761928325,5.722708084040434,6.873465152879059,3.904302941469834
4.800000000000001,5.800000000000002,7.154644330097376,4.114366015429961,5.82412222645804,7.09086590555229,4.044459096169099
4.9,5.900000000000001,7.374500938279871,4.2546180307939565,5.928416052845415,7.3111633578196695,4.185638599045729
5.0,6.000000000000001,7.5971450197850325,4.395626530628724,6.028843460408893,7.534472526883744,4.327702701963723
5.1000000000000005,6.100000000000001,7.822548838789858,4.537263380391977,6.13067201204009,7.760569974635351,4.4705210091266965
5.2,6.200000000000001,8.050684935447439,4.679404126874723,6.234664629347483,7.989497875491002,4.613958202509994
5.300000000000001,6.300000000000002,8.281526123140875,4.8219284609864586,6.325448766754455,8.221336128203466,4.757885693019438
5.4,6.400000000000001,8.515045485764686,4.964720660867645,6.423426988462284,8.455395205259155,4.90218347141309
5.5,6.500000000000001,8.75121637503308,5.107669935098403,6.520452090589035,8.692012602629678,5.046709513615281
5.6000000000000005,6.600000000000001,8.990012407814996,5.250670715735194,6.616411472294882,8.931115081132832,5.1913429904421635
5.7,6.700000000000001,9.231407463496105,5.393622999815253,6.714671319906036,9.172624503936248,5.335967238608779
5.800000000000001,6.800000000000002,9.475375681366536,5.5364325056578565,6.8241261589295945,9.416631824892187,5.480469978329566
5.9,6.900000000000001,9.721891458034596,5.679010781416379,6.918650162140323,9.663671814589746,5.624750445733452
6.0,7.000000000000001,9.970929444866764,5.821275398165883,7.024774092159421,9.912967604550865,5.768736973747147
6.1000000000000005,7.100000000000001,10.222464545452665,5.9631499620843185,7.1141306891919145,10.165076633113326,5.912332991961587
6.2,7.200000000000001,10.476471913095176,6.1045640596159645,7.212012690293816,10.41913240124179,6.055472655367509
6.300000000000001,7.300000000000002,10.732926948326105,6.245453305446107,7.313042031057627,10.675541711744062,6.19806211618715
6.4,7.400000000000001,10.991805296446103,6.385759240817195,7.416749626622325,10.934438396179502,6.340032982933534
6.5,7.500000000000001,11.253082845088942,6.525429149212294,7.521247818471519,11.195931493548823,6.481329932913285
6.6000000000000005,7.600000000000001,11.516735721810562,6.6644159751926,7.626265386948776,11.46003456953691,6.62190905516515
6.7,7.700000000000001,11.782740291701769,6.802678143118312,7.724059855937752,11.72674749318898,6.761733404444758
6.800000000000001,7.800000000000002,12.05107315502447,6.940179292814181,7.821135686447588,11.995683011053979,6.900772109941726
6.9,7.900000000000001,12.32171114487192,7.076888092190255,7.926562002372113,12.266782965265818,7.038984570168012
7.0,8.0,12.594631324852076,7.212777999367403,8.02535208758638,12.540443235731766,7.176334601330807
7.1000000000000005,8.100000000000001,12.869810986793626,7.347826968290641,8.117283938863032,12.816306407753768,7.312808420188826
7.2,8.2,13.147227648475367,7.482017197403366,8.210116401184237,13.094007540619382,7.448382715244222
7.300000000000001,8.3,13.426859051378107,7.615334861204179,8.304301274337009,13.3735732852724,7.583025250776589
7.4,8.4,13.70868315845842,7.747769818173184,8.407445594965877,13.655052616136526,7.716711443656259
7.5,8.5,13.992678151945144,7.879315331832892,8.508346374412694,13.938874369723456,7.849424699123599
7.6000000000000005,8.6,14.278822431157753,8.009967787270359,8.612713387232377,14.224902944746855,7.9811709628896255
7.7,8.7,14.567094610345888,8.13972643353048,8.710011204234862,14.513289584661006,8.111954066541793
7.800000000000001,8.799999999999999,14.857473516550964,8.268593105777175,8.811013897281546,14.80365724902614,8.241787345041686
7.9,8.899999999999999,15.149938187489036,8.396571945468914,8.914970478336063,15.096171371399956,8.37067153162266
8.0,8.999999999999998,15.444467869454206,8.523669186995452,9.013013999032447,15.390958181602759,8.498617604052729
8.1,9.099999999999998,15.741042015243366,8.649892905148434,9.115902899291338,15.687699299738354,8.625644161356474
8.200000000000001,9.2,16.039640282101697,8.775252760604728,9.211716512059096,15.986617451705538,8.751758784933946
8.3,9.299999999999999,16.340242529688005,8.89975982846244,9.309420357922233,16.287337102791437,8.876980692079815
8.4,9.399999999999999,16.64282881806079,9.023426384840507,9.407006035493772,16.589934749659633,9.001315534772486
8.5,9.499999999999998,16.94737940568453,9.146265683364554,9.499442881500991,16.894385703937726,9.124774784954601
8.6,9.599999999999998,17.253874747455054,9.268291827335682,9.602522765895202,17.2004139909734,9.247371016957075
8.700000000000001,9.7,17.562295492745193,9.38951959960059,9.699554004827094,17.508535989358425,9.369107657715366
8.8,9.799999999999999,17.87262248346988,9.509964283738004,9.799633024572167,17.818428329706194,9.49001159091467
8.9,9.899999999999999,18.18483675217015,9.629641555113988,9.902673533411484,18.13022569763774,9.610096950260724
9.0,9.999999999999998,18.498919520116278,9.748567359429865,10.00549764453654,18.444057117331937,9.72938470694527
9.1,10.099999999999998,18.814852195430205,9.866757811902902,10.109705909467566,18.759891428385444,9.847901587155667
9.200000000000001,10.2,19.13261637122602,9.984229086698159,10.209083032572536,19.077777809574968,9.965672892132234
9.3,10.299999999999999,19.452193823769214,10.100997315347803,10.306405858981007,19.397454183107847,10.082725730168354
9.4,10.399999999999999,19.77356651065537,10.217078531669282,10.40590167674609,19.718799934225817,10.199076220791149
9.5,10.499999999999998,20.09671656900357,10.332488600136283,10.495230036774613,20.041907018720863,10.314736296060778
9.600000000000001,10.6,20.421626313672952,10.447243162200362,10.586077693888024,20.366249450372386,10.429722608082333
9.700000000000001,10.7,20.748278235491597,10.56135758096483,10.6777122070175,20.691890840563065,10.544031178568275
9.8,10.799999999999999,21.076654999507422,10.674846908444326,10.771405064288304,21.01885754250831,10.657663377039174
9.9,10.899999999999999,21.406739443253937,10.78772584558782,10.873933458500861,21.34723922029764,10.770623784792509
10.0,10.999999999999998,21.738514575033506,10.900008710476882,10.96820670612383,21.67746350101971,10.882922313264837
10.100000000000001,11.1,22.07196357221948,11.011709426161651,11.065814996130728,22.009099201315703,10.994587028223865
10.200000000000001,11.2,22.407069779572918,11.122841500485938,11.174032037373822,22.342298959109083,11.105627471247193
10.3,11.299999999999999,22.743816707577036,11.233418019931564,11.271778826180201,22.677577571386685,11.216060209892246
10.4,11.399999999999999,23.08218803078974,11.34345163122908,11.37644328419258,23.014390736981827,11.32592237643969
10.5,11.499999999999998,23.42216758620877,11.452954553915168,11.470538567527313,23.353068993821637,11.435226581886681
10.600000000000001,11.6,23.763739371663092,11.561938573931231,11.569239266327704,23.693065232259787,11.543998908015809
10.700000000000001,11.7,24.106887544212924,11.670415031065396,11.663230799285882,24.034596543253574,11.652241979744613
10.8,11.799999999999999,24.451596418505716,11.778394836645944,11.761086565841925,24.377412117785333,11.759968496005973
10.9,11.899999999999999,24.797850465333052,11.8858884895942,11.866401141143402,24.721692324899575,11.867181158142031
11.0,11.999999999999998,25.145634309966947,11.99290607123488,11.955476607570974,25.06779545870775,11.973891190565078
11.100000000000001,12.1,25.494932730622548,12.099457256018363,12.058224143937041,25.41489133449922,12.080124289837453
11.200000000000001,12.2,25.845730657076995,12.20555134180185,12.159727715905605,25.76365362835108,12.185871064580256
11.3,12.299999999999999,26.19801316894881,12.311197237294694,12.255969981642226,26.11400347786285,12.291151875732725
11.4,12.399999999999999,26.551765494387865,12.416403488581606,12.346824308745738,26.46566194216633,12.395982664549607
11.5,12.499999999999998,26.90697300852045,12.5211782881029,12.447280495807503,26.818346538181956,12.500367471168945
11.600000000000001,12.6,27.263621231927658,12.625529484987194,12.543931689877313,27.17252709759051,12.604299886057396
11.700000000000001,12.7,27.621695829370694,12.72946460872589,12.645403263447752,27.52799841110847,12.707794593581824
11.8,12.799999999999999,27.98118260815309,12.832990874062464,12.745541468550984,27.884988590169772,12.810857393959099
11.9,12.899999999999999,28.342067516840487,12.93611519859028,12.85567200776009,28.243415777695624,12.91350374081472
12.0,12.999999999999998,28.704336643836232,13.038844217049224,12.954158189852903,28.603765220306673,13.015744921490146
12.100000000000001,13.1,29.067976215886485,13.141184293256938,13.04768502334059,28.96543547759625,13.117611277173578
12.200000000000001,13.2,29.432972596885943,13.243141531489607,13.148818862011458,29.328165373987318,13.219105899024667
12.3,13.299999999999999,29.79931228633593,13.344721791952121,13.250210243209528,29.692324663348018,13.320222121650646
12.4,13.399999999999999,30.166981918082065,13.445930701656907,13.35880650021985,30.057911928875015,13.420970189509251
12.5,13.499999999999998,30.53596825901672,13.546773665927129,13.464088207493273,30.42527313459726,13.521359909683133
12.600000000000001,13.6,30.906258207614282,13.6472558826686,13.56634525824909,30.79422481362595,13.621414567385845
12.700000000000001,13.7,31.277838792802463,13.747382348401475,13.675599998335016,31.164599828402142,13.721147667337139
12.8,13.799999999999999,31.650697172522488,13.847157873233176,13.76808160063518,31.536733830034873,13.82056497891881
12.9,13.899999999999999,32.024820632480015,13.946587089411905,13.864035456675033,31.909770571766284,13.919685775753837
13.0,13.999999999999998,32.40019658496329,14.045674457513075,13.95817527587512,32.283874638882374,14.018493051509562
13.100000000000001,14.1,32.77681256686684,14.144424285702947,14.055709902210651,32.658944656287304,14.116979904116103
13.200000000000001,14.2,33.15465624133994,14.242840712405748,14.14700297451169,33.035140704834966,14.215137383739764
13.3,14.299999999999999,33.533715391079454,14.340927757280678,14.25102002181158,33.4121394465122,14.312965296984087
13.4,14.399999999999999,33.91397792219969,14.438689291284247,14.349614562070345,33.79056905313766,14.41045151742646
13.5,14.499999999999998,34.295431860542735,14.536129058532417,14.440312366295263,34.1701440907098,14.507611942110076
13.600000000000001,14.6,34.67806535189605,14.633250681661927,14.53388928021399,34.55045826811746,14.604449505292543
13.700000000000001,14.7,35.06186665915501,14.73005767088425,14.63587211588588,34.931648149446985,14.700951366674655
13.8,14.799999999999999,35.446824161091854,14.826553428629191,14.74117289372997,35.31412527374681,14.797113166725747
13.9,14.899999999999999,35.8329263561364,14.922741235100082,14.853801328714301,35.698042665695844,14.892948689830291
14.0,14.999999999999998,36.22016185334622,15.018624293397279,14.972230213076417,36.083752305474604,14.988476562721083
14.100000000000001,15.1,36.60851937471573,15.114205717458338,15.07485116846244,36.47152629307368,15.083727358143054
14.200000000000001,15.2,36.99798775898566,15.209488511693321,15.168592779880715,36.86055358856606,15.17873834441989
14.3,15.299999999999999,37.388555950603056,15.304475620771115,15.255108535232711,37.25037769167444,15.27350892415442
14.4,15.399999999999999,37.7802130059423,15.399169902639247,15.356801691186194,37.64062934151933,15.368021023677958
14.5,15.499999999999998,38.17294809345956,15.493574126649468,15.451660200256727,38.032063132663446,15.462245531062523
14.600000000000001,15.6,38.56675048351615,15.587691009640114,15.549033250287017,38.42432551134965,15.556189189088808
14.700000000000001,15.7,38.96160955698354,15.68152318656602,15.645162010219963,38.817533918750506,15.649844261272845
14.8,15.799999999999999,39.357514802150355,15.775073221310663,15.744271570470223,39.211616680074,15.743209827093299
14.9,15.899999999999999,39.75445580678125,15.868343634614984,15.851013421410224,39.606714091796775,15.836283068590424
15.0,15.999999999999998,40.15242226599668,15.961336876131645,15.952006683763011,40.00319762194932,15.92906807909082
15.100000000000001,16.1,40.55140397562838,16.054055342382455,16.051003388960428,40.40076597991798,16.02158391344088
15.200000000000001,16.2,40.951390833560595,16.146501373872525,16.14445333950797,40.79930848956682,16.11383503845885
15.3,16.3,41.35237283986329,16.238677255156343,16.23386171458016,41.19853807164655,16.20582145423132
15.4,16.4,41.75434009075664,16.330585230295448,16.330786033306513,41.5982457766591,16.29753241025159
15.5,16.5,42.15728278445287,16.42222748764209,16.430445882588597,41.99880262055783,16.388951441848178
15.600000000000001,16.6,42.561191214269535,16.51360617620476,16.541627253129512,42.40033688848168,16.48008062822648
15.700000000000001,16.700000000000003,42.966055770818876,16.60472340062652,16.6424511815474,42.80341488225334,16.570927606778124
15.8,16.800000000000004,43.371866941698606,16.695581220647057,16.74866657195035,43.20750329250818,16.66152207922118
15.9,16.900000000000006,43.77861530620901,16.786181660691064,16.84550874931619,43.612861588180614,16.751867789751316
16.0,17.000000000000004,44.18629154068515,16.87652670080325,16.938014506913998,44.019008409764616,16.841978864205732
16.1,17.100000000000005,44.594886411678154,16.966618288289972,17.031910572560676,44.42571905101267,16.93184825732147
16.2,17.200000000000003,45.00439077863737,17.056458333133662,17.12732384019577,44.83305738913058,17.021461868457354
16.3,17.300000000000004,45.414795592946014,17.14604870930501,17.240785464766223,45.24109300724906,17.11081141529898
16.400000000000002,17.400000000000006,45.82609189341355,17.235391261910905,17.33559055927408,45.650721350414884,17.199893627909827
16.5,17.500000000000004,46.23827073634081,17.324487826113742,17.44089363062862,46.06099366487444,17.28874237345071
16.6,17.600000000000005,46.65132355705793,17.413340105281517,17.53518301774057,46.47242840975712,17.377347920166176
16.7,17.700000000000003,47.065241454038066,17.501949922664334,17.64107480279543,46.884463276546576,17.46572373406145
16.8,17.800000000000004,47.48001589693811,17.590318972857485,17.743509446476185,47.29767238392088,17.553858881339604
16.900000000000002,17.900000000000006,47.89563838556508,17.67844894588204,17.842518781427188,47.711871132405484,17.64176808534642
17.0,18.000000000000004,48.31210041531367,17.766341530493232,17.94226097657565,48.12687836015279,17.729456503476705
17.1,18.100000000000005,48.729393697862726,17.85399834984698,18.03811973557283,48.542722625380044,17.816921650787304
17.2,18.200000000000003,49.14750993697025,17.941421029499928,18.14094094388797,48.95920138590488,17.90416324548923
17.3,18.300000000000004,49.566440887495055,18.028611176830744,18.238063375696715,49.376656419240234,17.991173544637448
17.400000000000002,18.400000000000006,49.98617853911618,18.11557032134566,18.330311964242846,49.79479302383267,18.077960570671184
17.5,18.500000000000004,50.40671477604386,18.202300027899796,18.422229577358127,50.213360691806486,18.164519591090713
17.6,18.600000000000005,50.828041702907925,18.2888018026783,18.523321119191383,50.63233856375633,18.25083736502102
17.7,18.700000000000003,51.250151461868015,18.37507714180073,18.63330816919841,51.05218123407833,18.33690302447372
17.8,18.800000000000004,51.67303618118008,18.461127543937028,18.734320045009248,51.47332483019747,18.42272666582498
17.900000000000002,18.900000000000006,52.0966882151744,18.546954441969703,18.833569710352656,51.89530758414596,18.508334470027012
18.0,19.000000000000004,52.52109991814776,18.63255927663828,18.93537743358457,52.318032993822136,18.593729532070494
18.1,19.100000000000005,52.94626374559499,18.717943477132003,19.043637313848453,52.74162153556314,18.67891101928337
18.2,19.200000000000003,53.372172200754065,18.803108452275513,19.145024810614643,53.16638718589993,18.763883631085115
18.3,19.300000000000004,53.79881787904039,18.888055583328686,19.242425878610604,53.591974554571664,18.848664219450317
18.400000000000002,19.400000000000006,54.22619344908354,18.972786232940766,19.349422662757643,54.018176102956474,18.933252524053497
18.5,19.500000000000004,54.65429163659424,19.057301748739302,19.452134356571644,54.44546547506479,19.017640524613064
18.6,19.600000000000005,55.08310526721911,19.14160345691221,19.561847330301564,54.873617538142724,19.101841280129435
18.7,19.700000000000003,55.51262720320178,19.22569267540844,19.663006206636368,55.302973729276374,19.18585666099692
18.8,19.800000000000004,55.942850418656676,19.30957069717856,19.755261984507214,55.73309430231543,19.26970228117142
18.900000000000002,19.900000000000006,56.37376791438326,19.39323880914764,19.846608985964558,56.16352645851764,19.35337338902155
19.0,20.000000000000004,56.80537279914901,19.476698273933533,19.957050371001845,56.59422164323069,19.436848538852495
19.1,20.100000000000005,57.237658223752724,19.559950345248893,20.06795179020671,57.026131945348475,19.520109270887474
19.200000000000003,20.200000000000006,57.6706174181307,19.64299625961611,20.166816411011244,57.459268215405324,19.603179579901166
19.3,20.300000000000004,58.10424368949984,19.72583723789614,20.26439292160067,57.89301635380183,19.68607936660959
19.400000000000002,20.400000000000006,58.53853038131199,19.80847449339274,20.373635906874547,58.32730583634385,19.76880022612026
19.5,20.500000000000004,58.97347094126338,19.890909216980443,20.466634335216323,58.76271457332413,19.851333144280947
19.6,20.600000000000005,59.40905884192108,19.97314259437386,20.56097558468834,59.1984191443517,19.93369459202356
19.700000000000003,20.700000000000006,59.84528766580987,20.055175789427185,20.665044340590406,59.634483732142606,20.015865038476928
19.8,20.800000000000004,60.28215101033562,20.137009963122015,20.762548638661194,60.0713911118507,20.097832145992864
19.900000000000002,20.900000000000006,60.71964258830349,20.218646254080916,20.86251624513178,60.50880463266525,20.179606023434477
20.0,20.999999757207448,61.15775614353804,20.30008578897809,20.961482541478347,60.94684239859519,20.261181622084404
20.1,20.47787085705558,61.580918986902766,20.381132457278046,20.434773074142612,61.38544810168315,20.342560190081493
20.200000000000003,19.97117319723165,61.97428136219153,20.460895024810082,19.930631578812584,61.793332274373455,20.423740935862156
20.3,19.479450717874567,62.33889608019821,20.538519026399108,19.433285540703093,62.17193053057035,20.503472143723105
20.400000000000002,19.002260833482623,62.6757831347658,20.613359510878897,18.95435960100299,62.5218755022998,20.580835433047927
20.5,18.539174041425053,62.98593067300206,20.684941203614603,18.47276238610372,62.84437472732695,20.655143986033195
20.6,18.0897735324126,63.2702959604815,20.752924246545003,18.018271392292483,63.139569099358866,20.725916949916957
20.700000000000003,17.653654815821994,63.529806309465854,20.81707697781543,17.572390194031456,63.409086977979904,20.79279279256828
20.8,17.23042535477631,63.765359982806416,20.87725308338225,17.137510037584715,63.65361561790168,20.855563219225555
20.900000000000002,16.819704214768183,63.977827064092416,20.93337446070848,16.717830813232847,63.873954963601896,20.91410180969767
21.0,16.42112171897555,64.16805031112307,20.985415256130437,16.31418270665133,64.07110695462752,20.968350208564285
21.1,16.0343191161985,64.33684597792664,21.033390322659518,15.930549901748957,64.24610502041382,21.01831068127593
21.200000000000003,15.658948257970255,64.48500461392082,21.07734589787071,15.544244560576653,64.40017146529713,21.064033302400155
21.3,15.2946712851787,64.6132918393764,21.11735168852394,15.178110954328812,64.53338197867299,21.105612166652925
21.400000000000002,14.941160323958055,64.72244909778507,21.153494641491868,14.819705469333414,64.6469537066027,21.14312893865421
21.5,14.598097190581031,64.81319438580519,21.18587420474543,14.473041918641133,64.74146944300334,21.17670064625572
21.6,14.265173105049032,64.88622296153932,21.214598402398423,14.145192658420939,64.81770684450537,21.206445662976382
21.700000000000003,13.94208841327574,64.94220803140729,21.23978075389474,13.82424021951837,64.87678940898137,21.232490563528103
21.8,13.628552317180409,64.98180141731832,21.261537976359683,13.517971461248653,64.91923352586747,21.254981503782886
21.900000000000002,13.324282613260657,65.00563420272393,21.279988170685677,13.211455137695472,64.94593976367122,21.27405492863008
22.0,13.029005438273678,65.0143173609701,21.295249338955543,12.910709956017318,64.95705312291928,21.289854629715627
22.1,12.74245502283869,65.00844236392307,21.30743836904714,12.621972849865493,64.95301808949095,21.302499384414546
22.200000000000003,12.464373452022421,64.98858177320854,21.316670255953536,12.344847348740927,64.93458655108932,21.312100217113056
22.3,12.194510433532512,64.95528981250862,21.32305755292803,12.075618676252338,64.90248305301547,21.31877409757858
22.400000000000002,11.932623072087885,64.90910292447123,21.32670992510972,11.806491843613214,64.85723915629794,21.322641163117584
22.5,11.678475652601266,64.85054030573725,21.327733890005184,11.552869395934648,64.79899135691562,21.323815981067355
22.6,11.431839415199189,64.7801044619277,21.32623265673316,11.30772675675624,64.7286449131432,21.32239275565585
22.700000000000003,11.192492373211898,64.69828165663372,21.322305975755526,11.084416857871448,64.64674480184958,21.318480496714514
22.8,10.960219091257555,64.6055424584249,21.316050215315276,10.863754559707031,64.55449819672465,21.312185027893793
22.900000000000002,10.734810519426116,64.5023421496445,21.307558299649273,10.632445538143502,64.45214094274276,21.30363602702847
23.0,10.51606379015657,64.3891212270347,21.296919738495152,10.411654600030936,64.3392418102225,21.29294258447223
23.1,10.303781991836313,64.26630595940456,21.284220732829535,10.190049342131285,64.21643212212183,21.280171098585893
23.200000000000003,10.09777407485618,64.13430861891779,21.269544240490806,9.980611902679424,64.08377026800717,21.265397407066526
23.3,9.897854618376039,63.993528055457716,21.252970101730366,9.783189606903624,63.94196316046107,21.248681622278458
23.400000000000002,9.703843662645676,63.84435010921035,21.23457513987878,9.59732040663005,63.79170300920164,21.230097570937954
23.5,9.515566608638188,63.687147857613176,21.214433230150764,9.404789663366175,63.63365199944113,21.209729013384223
23.6,9.332853986158455,63.52228218584709,21.19261545873242,9.21850878811738,63.467554962615026,21.187666134055142
23.700000000000003,9.155541322015141,63.35010211083086,21.16919022752642,9.028372876216523,63.29380485239474,21.16396735950798
23.8,8.983469044871493,63.17094501509243,21.144223320998602,8.856492900316807,63.11228544768162,21.13869247123955
23.900000000000002,8.81648223541154,62.985137260731236,21.117778089068114,8.684078814586373,62.92398723822065,21.111881905110025
24.0,8.654430681612425,62.7929940537086,21.089915407293898,8.520207981201636,62.72895130656776,21.083605378185638
24.1,8.497168569905591,62.59482020187272,21.060693923230787,8.359055987265833,62.527672192562164,21.05391727106027
24.200000000000003,8.344554274639743,62.39091063281347,21.030170206542632,8.207688138908852,62.32034826999983,21.022878237413604
24.3,8.196450300515465,62.18155053475433,20.99839877803639,8.050340644292325,62.10752919424528,20.9905419477268
24.400000000000002,8.052723441315893,61.96701496434331,20.965431967977114,7.899552016151643,61.888970934517445,20.956970729984317
24.5,7.913244388225225,61.74756980996944,20.931320223297742,7.7760319968177845,61.665058825979855,20.922201895528154
24.6,7.777887575560785,61.523472170070775,20.89611222638548,7.6346086615773325,61.43720983756094,20.886278559348217
24.700000000000003,7.646531148173141,61.294970432279555,20.85985490943791,7.498633720664529,61.2045681722642,20.849289614166985
24.8,7.519056889727293,61.06230444809709,20.822593519015363,7.385292370273136,60.96745417657479,20.811268609767993
24.900000000000002,7.395350064040197,60.825705922425485,20.78437171274671,7.282106857186097,60.7270442533227,20.77225324194489
25.0,7.275299329490191,60.58539862232206,20.745231559744184,7.156234013515048,60.48387915364878,20.732318689711175
25.1,7.158796628793618,60.34159864705731,20.705213648752178,7.039217982210735,60.236852062788046,20.69154388425272
25.200000000000003,7.045737105128899,60.0945146326325,20.664357159565522,6.930201629721305,59.9864444412707,20.64994486693067
25.3,6.936018993455354,59.84434801786069,20.622699914910196,6.833228824713845,59.733090078344055,20.607552356541156
25.400000000000002,6.829543543507492,59.591293231841696,20.58027842492062,6.7219905277866445,59.47742061879631,20.564406603688877
25.5,6.726214916754199,59.33553794606189,20.537127954020182,6.618779538647531,59.21874593899768,20.520563234576183
25.6,6.62594011206501,59.077263255264555,20.493282533786722,6.525132466990485,58.957497456540075,20.47603704629625
25.700000000000003,6.528628876046727,58.81664389635093,20.448775026277616,6.432128195070139,58.694179105324196,20.430855923256924
25.8,6.434193621988003,58.553848445934996,20.403637194452262,6.33678532933646,58.42884372402446,20.385060879836626
25.900000000000002,6.342549351265854,58.28903951179039,20.357899724055144,6.245835398714154,58.161394553251036,20.338685180226825
26.0,6.253613577858204,58.022373916598625,20.311592262629986,6.1497647321529945,57.89207237765423,20.291750110351572
26.1,6.167306254144535,57.7540028785133,20.264743456907187,6.063765447168785,57.620639890485336,20.2442811410977
26.200000000000003,6.083549696898974,57.48407219124303,20.217380990998105,5.980167701336514,57.347621763938925,20.19628792500163
26.3,6.002268520321021,57.21272238669843,20.169531629688613,5.9022310416070765,57.07315393136636,20.14779824693633
26.400000000000002,5.9233895653705355,56.940088906798806,20.12122124746209,5.8216519126425545,56.79753394413305,20.098838559490687
26.5,5.846841835803445,56.6663022586789,20.072474856610842,5.7499846267347845,56.52064120032385,20.0494407816613
26.6,5.77255643374729,56.39148817104134,20.023316640608176,5.683890065146323,56.242934019657355,19.999624439662618
26.700000000000003,5.700466496778003,56.1157677467897,19.97376998327582,5.614356384573176,55.9646991827181,19.949422545216223
26.8,5.630507139751344,55.83925760389449,19.923857498560043,5.548150395900185,55.685770010119576,19.898871874908796
26.900000000000002,5.562615393904436,55.562070023017625,19.87360105769451,5.482042067959508,55.40631982981339,19.847994087719766
27.0,5.496730152626779,55.28431307863221,19.823021811562143,5.417581339669498,55.12635873491323,19.796812623065712
27.1,5.43279211918556,55.00609076531662,19.772140215633453,5.3504903657794385,54.845974214547574,19.745345832952385
27.200000000000003,5.370743746463218,54.72750314380105,19.72097605721794,5.291977340272577,54.56503899069107,19.693611203725553
27.3,5.3105291761349225,54.448646488400186,19.669548483445617,5.232602725590806,54.28398746779779,19.64161698407979
27.400000000000002,5.252094212540598,54.169613348645896,19.617876009503668,5.18886300258769,54.002777729399355,19.589386639284047
27.5,5.195386270665017,53.890492674950245,19.5659765416429,5.143147882629287,53.72219310223475,19.536936604353958
27.6,5.1403542995376235,53.611370005054006,19.513867414234863,5.091293754017213,53.442128565343864,19.48431081996531
27.700000000000003,5.086948761798758,53.332327511615034,19.461565393867865,5.033728943861401,53.162271967391284,19.431539459634497
27.8,5.035121603451522,53.05344407406761,19.40908668903735,4.975681567652022,52.88233569491044,19.378633617578966
27.900000000000002,4.98482616938539,52.77479548449741,19.356446992910584,4.9339445701237015,52.60229641634393,19.325590336689892
28.0,4.936017181922257,52.49645449779341,19.303661488382925,4.8875880050298095,52.32297068068668,19.27240612898549
28.1,4.888650724222048,52.21849086982421,19.2507448511408,4.84399705839536,52.0441203741313,19.219110674275388
28.200000000000003,4.842684158839829,51.94097155575326,19.197711288784767,4.787643416057797,51.76587902330976,19.165717753576278
28.3,4.7980761026973955,51.663960769056416,19.144574548938714,4.749879749558887,51.48760240387955,19.11224346315628
28.400000000000002,4.7547864183448585,51.387520000361015,19.09134791953322,4.710257363639843,51.2102203673187,19.058674656389318
28.5,4.712776140537053,51.111708195904534,19.03804426210961,4.661926662437669,50.9336310318275,19.005037952945745
28.6,4.67200744757567,50.83658182553825,18.98467602218404,4.619086677834911,50.65739105463111,18.951350286960118
28.700000000000003,4.632443653085895,50.56219490036289,18.931255228533093,4.58218197154774,50.38177147797655,18.897607286345643
28.8,4.59404914961886,50.28859910913703,18.877793518242417,4.545048341569993,50.10706286177417,18.8438162304248
28.900000000000002,4.5567893696973565,50.01584391168469,18.824302152510462,4.50684903849527,49.833244650234924,18.78999445080929
29.0,4.520630784455784,49.743976539685285,18.770792014043884,4.4709890500640235,49.56025465565734,18.736154862749327
29.1,4.485540852344958,49.47304212046676,18.71727362844479,4.43526573369416,49.28820156160397,18.682305230829755
29.200000000000003,4.451487984561923,49.20308375960283,18.66375717761492,4.403172651730936,49.017082832672635,18.628456071142022
29.3,4.418441521965605,48.93414259522632,18.610252507869998,4.380384004565635,48.747070636932456,18.574615665409457
29.400000000000002,4.386371719203098,48.666257834686554,18.556769137349054,4.332739511130587,48.478619130791415,18.52079752031724
29.5,4.355249712854463,48.399466830385066,18.50331626618851,4.301259353196142,48.21046991504003,18.467030618801193
29.6,4.325047498877742,48.13380513277979,18.449902784254437,4.273337935173954,47.943428183549436,18.413287856742073
29.700000000000003,4.2957379101799615,47.86930654312586,18.396537279426166,4.247009827480999,47.67766079847264,18.359579817756693
29.8,4.267294553387878,47.60600326691845,18.343228064727573,4.2172473383125615,47.41323468186196,18.305921697006355
29.900000000000002,4.23969182192562,47.34392587897768,18.289983169355086,4.179619434067458,47.149964701958964,18.252328412941097
30.0,4.212904874340951,47.08310337432945,18.236810346124848,4.1563052766270046,46.88744602664275,18.198804612356053
30.1,4.186909606343644,46.823563234621155,18.18371708202326,4.142540840315271,46.62638683020767,18.14533793764286
30.200000000000003,4.161682615346261,46.56533151307807,18.13071061341399,4.108563623796692,46.367250003921356,18.09194689743022
30.3,4.1372011934351836,46.308432849245094,18.07779792561381,4.090770043142682,46.10900568507198,18.038664981428447
30.400000000000002,4.1134433064460945,46.052890518064075,18.024985760211802,4.065969165900635,45.85245413037839,17.985478062548836
30.5,4.0903875723544205,45.79872648066352,17.972280623936108,4.043602241705938,45.59722804736964,17.93240695113361
30.6,4.068013237474681,45.54596144062379,17.919688805473463,4.015635059577113,45.34343587898124,17.879453873456068
30.700000000000003,4.046300163053812,45.294614874473844,17.86721637290634,3.9930507212255066,45.09078327317028,17.82662514644826
30.8,4.025228806918359,45.0447050744802,17.81486918211364,3.98148140354682,44.83952797649985,17.77391427961844
30.900000000000002,4.004780205120411,44.79624919146317,17.76265288319988,3.965721996751051,44.590206766912196,17.721326540388038
31.0,3.9849359507667885,44.54926328464,17.710572918681553,3.957706437428996,44.342590799080625,17.668887841203397
31.1,3.965678182309676,44.303762347973816,17.658634537154196,3.9464218509327877,44.09705021296127,17.616610167823445
31.200000000000003,3.946989566901275,44.059760348815004,17.60684279680613,3.9308062233961167,43.8534008033783,17.564518254799243
31.3,3.9288532831894214,43.817270267905684,17.555202570375418,3.923911647080027,43.61140710651432,17.512625005496506
31.400000000000002,3.9112530091122606,43.57630412722805,17.503718548466445,3.9089707341853157,43.37148861780318,17.460931741758923
31.5,3.8941729003504135,43.336873040498915,17.452395247419204,3.8969382691884937,43.133222268334414,17.409456623892844
31.6,3.8775975850289144,43.098987224086585,17.401237008720596,3.878154441710804,42.8967369591105,17.358197765571795
31.700000000000003,3.861512145526101,42.862656039430306,17.35024800984514,3.8622306811532185,42.66167731160493,17.30715912910913
31.8,3.8459021030897165,42.62788802868994,17.299432291469987,3.8419528651664385,42.428172072546545,17.256330049035164
31.900000000000002,3.8307534067988525,42.394690939611586,17.248793748635098,3.832952957549907,42.1959879950794,17.20570734739533
32.0,3.8160524219905136,42.163071751762295,17.198336107660804,3.810512122374867,41.965675763006104,17.155279430366505
32.1,3.8017859169924937,41.9330367069236,17.148062937389152,3.8011447767241258,41.736544611494786,17.10505920776147
32.2,3.787941051143364,41.70459133639363,17.097977667774632,3.78590465026233,41.50923640421605,17.055029851599713
32.300000000000004,3.7745053632796317,41.477740487134234,17.04808359708765,3.779735127790878,41.283439272687005,17.00520364379957
32.4,3.7614667595211193,41.252488349563066,16.998383887302005,3.771091986414708,41.05959163634968,16.955578405214588
32.5,3.7488135051053835,41.02883847556971,16.9488815780401,3.7694740041650627,40.83755031930692,16.90617019931346
32.6,3.7365342105602632,40.806793810266264,16.8995795873063,3.7610116090009194,40.617648516322106,16.856986705055263
32.7,3.72461782418239,40.58635670844992,16.85048070075703,3.7382388051682165,40.39952261160893,16.80804784126027
32.800000000000004,3.7130536157494847,40.36752897150733,16.801587582375067,3.725668191967303,40.182439325751254,16.759355666935253
32.9,3.7018311897737988,40.15031181746963,16.75290277575702,3.7064857218828857,39.96689834209211,16.7108828931071
33.0,3.6909404329557116,39.93470599885286,16.704428725494495,3.692013260691938,39.75255364476533,16.66262754805848
33.1,3.6803715456137356,39.720711732143606,16.65616776022435,3.6908107106991044,39.53962877135227,16.61457449660163
33.2,3.670115014554193,39.50832875818411,16.608122106019945,3.684118507233739,39.3287730191737,16.56672060149107
33.300000000000004,3.660161610068435,39.297556349341235,16.560293885957012,3.669174527856114,39.11969121434365,16.51908955579631
33.4,3.6505023675650112,39.088393349522185,16.512685121846385,3.652687980457192,38.911953028593025,16.471689262271017
33.5,3.6411286002070646,38.8808381465265,16.465297733232873,3.6433146732033888,38.70546789732995,16.4245093087166
33.6,3.632031870476146,38.67488873480063,16.418133548495298,3.626321031042009,38.500578952016824,16.37753785481846
33.7,3.623203986448953,38.470542723616134,16.37119430570227,3.613286736298648,38.296889214048754,16.330779214146798
33.800000000000004,3.614637011248273,38.26779731605558,16.32448164891871,3.6068614553729836,38.0945846587232,16.2842213457905
33.9,3.6063232233567257,38.066649396165715,16.277997143023967,3.6059624465964015,37.89398188490462,16.237862087759076
34.0,3.598255151126021,37.867095453243856,16.231742260831304,3.6016337188064824,37.695340188385394,16.191712605933457
34.1,3.5904255206678988,37.66913169549874,16.185718401070822,3.579093319990252,37.498468472441864,16.145792738814148
34.2,3.582827293160779,37.4727539687827,16.139926875757002,3.5736455046059663,37.30243845371696,16.100111470805892
34.300000000000004,3.5754536267014316,37.27795783920653,16.094368923921415,3.5668917197866183,37.108096344410086,16.054639390030605
34.4,3.5682978790651934,37.084738587151456,16.04904571063573,3.5625026401994093,36.915359966955315,16.00938642323694
34.5,3.5613536176772977,36.8930911858668,16.003958323118354,3.5658493685342942,36.72433149929573,15.964357757323981
34.6,3.554614600331647,36.70301034304594,15.959107777492363,3.5458248228575773,36.535380652729486,15.9195620579168
34.7,3.54807476541763,36.51449052043118,15.914495020905497,3.5357116118591883,36.34731808734507,15.875021572577905
34.800000000000004,3.541728222300938,36.32752595609216,15.87012093594824,3.533377483231056,36.16063048706458,15.83070742283397
34.9,3.5355692416211637,36.14211068525952,15.825986343830047,3.517373277460443,35.97569305635549,15.786615543437192
35.0,3.5295922683174843,35.958238510763024,15.782092001651472,3.5211868005410425,35.79180478966496,15.74275788095839
35.1,3.5237919425217363,35.77590295622408,15.738438597786763,3.5178808882994486,35.609946081795364,15.699116575838225
35.2,3.51816304304379,35.59509739069629,15.695026767227613,3.5176987289022428,35.42974066539238,15.655716364163673
35.300000000000004,3.512700500234359,35.41581499962292,15.651857088973244,3.5085568022630853,35.25132819518357,15.612562970941202
35.4,3.507399399366275,35.23804877611111,15.60893008380209,3.5084467916700652,35.07424275334488,15.569667041576405
35.5,3.5022549711899336,35.06179154162943,15.566246218416813,3.509950995384022,34.898922665394934,15.527019087158802
35.6,3.4972625841912133,34.887035962794464,15.52380590872671,3.5061253154437497,34.72543098851018,15.484629098802248
35.7,3.4924177430267864,34.71377455388437,15.481609518825726,3.5024240373934465,34.55348294439727,15.442508210223256
35.800000000000004,3.4877160896664616,34.54199967286013,15.4396573546542,3.4990611170439596,34.38306931682297,15.400654605731734
35.9,3.4831533921752533,34.37170354650471,15.39794967434299,3.488629008645246,34.21419167950694,15.359066747893447
36.0,3.478725541817858,34.2028782759565,15.356486687325,3.483037085086372,34.04648121314413,15.317743757024092
36.1,3.4744285530069403,34.035515835528514,15.315268560123688,3.4775813353396883,33.88016825526701,15.276670480165242
36.2,3.470258560386903,33.86960807828489,15.274295419471681,3.475678690984079,33.715245639481324,15.235843848375684
36.300000000000004,3.466211810052858,33.705146755455864,15.233567347797441,3.477731774014755,33.55187711763571,15.195261327368865
36.4,3.4622846580487106,33.542123518688285,15.19308438737775,3.4667050507852673,33.39024493516009,15.154927658128601
36.5,3.4584735712018735,33.3805299169195,15.15284653757332,3.4619132727339115,33.22967773834775,15.11485437904752
36.6,3.4547751198723247,33.22035741207866,15.112853759833248,3.4674254221176835,33.07047662460097,15.075024558396658
36.7,3.4511859741159534,33.06159738683768,15.073105979418813,3.4586997945654767,32.91314312946085,15.035436427823434
36.800000000000004,3.447702902439392,32.904241146330335,15.033603083262529,3.4497384350070117,32.75694668789451,14.996108863708917
36.9,3.4443227718618656,32.748279916830725,14.99434491483128,3.4475257786586844,32.60186414276592,14.957028693008018
37.0,3.441042539782003,32.593704863502445,14.95533128394234,3.449440366147821,32.44822179027119,14.91818429170621
37.1,3.4378592523913354,32.44050709291354,14.916561964771475,3.4460294198838732,32.29621159067587,14.879579286134915
37.2,3.4347700450232757,32.28867765109646,14.878036702655594,3.4510536220601233,32.145550945763304,14.841224661808049
37.300000000000004,3.4317721382905337,32.13820753134907,14.839755213600343,3.452940854339193,31.99664811740868,14.803118582400163
37.4,3.4288628332388322,31.989087684310483,14.80171718198069,3.454676766291833,31.84932867895155,14.765276129537503
37.5,3.426039510112721,31.841309019692,14.763922263349158,3.454541003769614,31.703569230476628,14.727703238845052
37.6,3.423299629164071,31.694862403330827,14.726370082336706,3.4656261444562175,31.559260588360342,14.690404246024006
37.7,3.420640724501082,31.549738670233733,14.689060237158646,3.4603598036716843,31.41694928969955,14.653378721310059
37.800000000000004,3.4180604020271925,31.405928628223833,14.651992300238962,3.4438776219898313,31.275797786986136,14.616648472327677
37.9,3.4155563389053514,31.26342305810697,14.615165815452894,3.450707488787443,31.135233690215767,14.580198593904212
38.0,3.4131262826566884,31.12221271467765,14.578580295743546,3.4442915187526464,30.99641672775298,14.543994007415847
38.1,3.41076804572707,30.982288338072646,14.542235230264218,3.441645069028297,30.858667136413082,14.508051957975988
38.2,3.4084794973776247,30.84364066760245,14.506130086286023,3.446678042708634,30.722162718500368,14.472360005986218
38.300000000000004,3.4062585986850826,30.706260378390585,14.470264298241931,3.4331441223224104,30.587274993450794,14.436915093922092
38.400000000000006,3.4041033333702924,30.57013820491817,14.434637298255282,3.4222336866055785,30.453059449632406,14.401729780105715
38.5,3.402011764734412,30.435264840361732,14.399248485475704,3.409439305110868,30.31964053946636,14.366777108093506
38.6,3.399982010326533,30.301630980899127,14.364097240166,3.402133567059389,30.186916099327238,14.33203965068256
38.7,3.398012243671718,30.16922732148309,14.329182921860296,3.402850066083207,30.055153616686937,14.297498897151726
38.800000000000004,3.3961006920089933,30.038044561373678,14.294504871775041,3.404079819110828,29.92474458382423,14.263150184791654
38.900000000000006,3.3942456353823394,29.908073404979376,14.26006241158096,3.4037047358682475,29.795701128941527,14.229005449403138
39.0,3.39244540119524,29.7793045699245,14.22585484086062,3.3926584778048383,29.667929354445523,14.19507543242403
39.1,3.390698371182787,29.651728776599473,14.191881440172024,3.3762683464900096,29.54088298479131,14.161365642454449
39.2,3.389002976911884,29.525336755195884,14.15814147219883,3.3753240583529696,29.4142875722679,14.127859092912837
39.300000000000004,3.3873576868640862,29.40011926631288,14.124634189480586,3.371080562978826,29.28891089946287,14.094530696663861
39.400000000000006,3.385761021623321,29.276067076687095,14.091358824877494,3.3728535568160583,29.164575818617184,14.061390194396418
39.5,3.3842115481905064,29.153170968156317,14.058314594637324,3.3761074946529237,29.041572738271814,14.028438903229821
39.6,3.38270786668188,29.03142175832784,14.025500704317725,3.3756985853979535,28.91996238562174,13.995689738903987
39.7,3.3812486247627245,28.910810278197026,13.992916342549545,3.379235131585293,28.79954769103542,13.963156231906986
39.800000000000004,3.3798325138473424,28.791327377971534,13.96056068253966,3.3793077376533756,28.680513970704332,13.930842136286584
39.900000000000006,3.37845825180412,28.672963952919883,13.928432887566283,3.381280929077709,28.56267421787996,13.89875824993977
40.0,3.3771246052117787,28.55571091018225,13.896532104059004,3.3753857561715948,28.446111522155046,13.866906440454526
40.1,3.3758303763538713,28.439559188011252,13.864857466008354,3.372988221163506,28.330419694742076,13.835291833592315
40.2,3.3745743951955025,28.324499766871647,13.83340809952352,3.3730430958376276,28.21576490885283,13.803902743274783
40.300000000000004,3.373355531722463,28.21052365210227,13.802183116461475,3.377041280697188,28.102259414556183,13.772736143750828
40.400000000000006,3.3721726913708787,28.097621880472666,13.771181616465471,3.3732398044506438,27.99008888444548,13.741794173749911
40.5,3.371024812084103,27.985785524440207,13.74040268819429,3.3753387614571504,27.878849985823557,13.711086280952946
40.6,3.3699108627596486,27.87500569357465,13.709845410429082,3.3723972864676757,27.76882842403818,13.680604551152914
40.7,3.3688298418195,27.765273535149845,13.679508853550375,3.370481965933906,27.659760004121182,13.650353915422018
40.800000000000004,3.3677807749761524,27.65658024016472,13.649392078602412,3.3746138460264428,27.551686502376665,13.62032819677415
40.900000000000006,3.3667627137271037,27.54891704444678,13.619494138542702,3.360770210072147,27.44490032965422,13.590524032978399
41.0,3.365774733668897,27.4422752309738,13.589814078950244,3.3517474928097877,27.338489836861285,13.560950468215074
41.1,3.3648159456618525,27.336646111332225,13.560350934437414,3.3418209044843716,27.23269231313316,13.531578916659386
41.2,3.363885494817089,27.232021027007377,13.531103729093498,3.3268071931034306,27.127456435226048,13.502394785545919
41.300000000000004,3.3629825435034104,27.128391376697554,13.5020714822187,3.322713256336749,27.02252223052896,13.473383796448084
41.400000000000006,3.3621062782812907,27.02574860466235,13.473253206136697,3.3277716948044103,26.918432671040506,13.444523574090573
41.5,3.3612559090679395,26.924084201697546,13.444647906570308,3.326136778922559,26.815636929070322,13.415816956649449
41.6,3.3604306717191657,26.823389699758582,13.416254581609424,3.3276036098699375,26.713787398725746,13.387284456390907
41.7,3.359629824589346,26.723656677777807,13.388072223159954,3.3346643178876656,26.613029705231984,13.358929759912446
41.800000000000004,3.3588526467098174,26.624876764473285,13.360099817725985,3.3430214127426066,26.51363262407405,13.330761980071667
41.900000000000006,3.3580984379669396,26.52704163744056,13.332336346368065,3.342293503667419,26.415647368470438,13.302799780486932
42.0,3.357366518643261,26.43014302338113,13.304780784792529,3.3505855273968055,26.318605569969105,13.27506126851983
42.1,3.35665623123457,26.3341726937828,13.277432101619306,3.3506506217226453,26.222948790639254,13.247543313876019
42.2,3.3559669367270284,26.23912247167095,13.250289261083603,3.3448349316792174,26.128251833818993,13.220261096528343
42.300000000000004,3.355298014317426,26.14498423147905,13.223351222981902,3.3407305658189324,26.034211062064763,13.193210736131274
42.400000000000006,3.3546488610778584,26.051749899030312,13.196616942662407,3.3311449137668685,25.94090547973506,13.166376969932047
42.5,3.3540188866056093,25.959411455059545,13.170085374644023,3.3255935146640603,25.848053670626054,13.139750122000684
42.6,3.353407540424663,25.867960910387545,13.143755459525694,3.323561412874808,25.755852809652996,13.113310850652631
42.7,3.352814259781992,25.777390352794402,13.117626149265146,3.3289368883982178,25.664472352200207,13.087050692949742
42.800000000000004,3.352238512453238,25.687691910607402,13.091696384828538,3.339951885737047,25.574274473098114,13.060969347444322
42.900000000000006,3.3516797804472573,25.59885776591076,13.065965105221666,3.3310116457081866,25.485529322653985,13.03508118468218
43.0,3.3511375607055904,25.510880153185816,13.040431247357283,3.3335657553912985,25.397224611712854,13.00940943236183
43.1,3.3506113658976817,25.423751357764974,13.01509374590426,3.3269778050231165,25.309930653365292,12.983933606450792
43.2,3.350100722780462,25.337463718547824,12.98995153256699,3.3301707188688114,25.223180237082794,12.958659169005031
43.300000000000004,3.349605171327424,25.252009628608253,12.965003533882145,3.3294365325287147,25.137456970655407,12.933572253661076
43.400000000000006,3.3491242657348033,25.16738153381825,12.940248674486826,3.3179737713709536,25.05255422757529,12.908680492479018
43.5,3.348657572845666,25.083571933189464,12.915685880417792,3.324305623906702,24.967927373868083,12.883982293910302
43.6,3.348204673003276,25.000573378977503,12.891314075624768,3.320750094712499,24.884463381324736,12.8594546557074
43.7,3.347765158225789,24.91837847723784,12.867132182544026,3.3177509102779896,24.801656252247113,12.835113500913806
43.800000000000004,3.3473386332121424,24.836979887452266,12.843139122281327,3.311452674665385,24.71952723523854,12.810952355583284
43.900000000000006,3.34692471381635,24.756370322856974,12.819333814859592,3.307971043646842,24.637904596619425,12.786966658373952
44.0,3.346523027647533,24.676542550321386,12.795715179137453,3.311438129100655,24.556924102835573,12.763145760751284
44.1,3.3461332125626164,24.59748939046199,12.772282133994576,3.310898098924322,24.47692676826225,12.73948608990252
44.2,3.34575491765788,24.519203717571113,12.749033597535407,3.3136497969717205,24.39770240552584,12.715998340110374
44.300000000000004,3.3453878036861924,24.441678459576607,12.725968486785595,3.3165292978493803,24.319407871319168,12.692683392301303
44.400000000000006,3.345031539775831,24.36490659813653,12.703085719617157,3.3253860166137343,24.242040257498445,12.669548397783544
44.5,3.3446858044706382,24.28888116861724,12.680384214155051,3.323456466141135,24.165889155754147,12.64659949909783
44.6,3.344350287542361,24.213595260055246,12.657862887743232,3.314412303193989,24.090403087503663,12.62385367838862
44.7,3.3440246870173618,24.139042014851753,12.635520658474569,3.321729641310882,24.015219671788326,12.601303588246108
44.800000000000004,3.343708708843761,24.065214628719172,12.613356445353388,3.319981236789089,23.941153957135988,12.578928560678229
44.900000000000006,3.343402069387153,23.99210635108236,12.59136916707678,3.3274311012607756,23.86774147940408,12.556743571880263
45.0,3.3431044930342946,23.91971048446559,12.56955774324742,3.330032857983826,23.79543561967308,12.534743031828441
45.1,3.342815710828995,23.848020384041714,12.54792109508303,3.329302485679968,23.72398290637554,12.512940396768078
45.2,3.342535463429052,23.777029458609373,12.526458143878488,3.3316292635458646,23.65320820159578,12.491337220206226
45.300000000000004,3.3422634993567355,23.70673116989586,12.505167811942412,3.3440196725066795,23.583257582757117,12.469927962222418
45.400000000000006,3.3419995722526923,23.637119031175438,12.484049024131643,3.3568350605867416,23.51462599055488,12.448713829184284
45.5,3.3417434453984125,23.56818660955133,12.463100705322676,3.3565688135964744,23.447321483678667,12.427715781364094
45.6,3.341494888613055,23.499927524174144,12.442321782077236,3.3568848834578113,23.380676709521705,12.40695230627895
45.7,3.341253676326422,23.432335444513267,12.421711183476287,3.362985077367941,23.314714186599378,12.386412762414231
45.800000000000004,3.341019591576943,23.365404093644585,12.401267839293611,3.3567470950629126,23.249716298601783,12.366089032837502
45.900000000000006,3.3407924244012284,23.2991272470288,12.380990680764569,3.3581512042082147,23.18505649036891,12.34598555944869
46.0,3.34057197127115,23.23349873213201,12.360878640870126,3.3572430970693423,23.121113485675632,12.32608123850114
46.1,3.3403580347922692,23.168512428256385,12.340930654499951,3.3585111340061333,23.057764505672342,12.306373165859998
46.2,3.3401504233680672,23.104162266168302,12.321145658691348,3.3524851128704793,22.995112417315926,12.286854046111998
46.300000000000004,3.339948950345777,23.040442224654306,12.301522594017644,3.3418572519375234,22.932785548786292,12.267521820360662
46.400000000000006,3.339753434318428,22.977346333928924,12.28206040341286,3.328490835960329,22.870550555895306,12.248359956941579
46.5,3.339563698828093,22.914868675493896,12.262758032324127,3.321569153244851,22.80826959213437,12.229344971649217
46.6,3.339379571918528,22.853003381104966,12.243614429198038,3.319021161433835,22.74626535387527,12.210451188581844
46.7,3.339200885823033,22.791744632539974,12.22462854566719,3.3175962201816027,22.68475375840821,12.191669443764429
46.800000000000004,3.339027476654972,22.731086661366803,12.205799336734778,3.33032045923122,22.62378603183321,12.173000533314195
46.900000000000006,3.3388591895132267,22.671023748460357,12.187125757021073,3.337405761706188,22.564064194476437,12.154447256667472
47.0,3.338695876345393,22.611550223855208,12.16860676227699,3.331198790366495,22.505293840616982,12.13604017502096
47.1,3.33853739014206,22.552660466768266,12.150241313565926,3.333461927998375,22.446800841729136,12.11779397037171
47.2,3.3383835880940276,22.494348905206103,12.132028374927152,3.330883481332921,22.389005929711765,12.099694440943416
47.300000000000004,3.338234331417315,22.436610015726632,12.113966913462587,3.329158502068146,22.331660044481293,12.081746233696752
47.400000000000006,3.3380894851781746,22.379438323200834,12.096055899423593,3.3304558493281067,22.274801369139887,12.063943481693324
47.5,3.3379489188007843,22.32282840015071,12.078294305478561,3.3344581558303292,22.21857614791489,12.046282722586065
47.6,3.337812507020318,22.26677486581071,12.060681105446038,3.3322787521062014,22.16311329422726,12.028766890501492
47.7,3.3376801271922396,22.21127238745115,12.043215277400343,3.3390387774144186,22.108096098890297,12.011403754382936
47.800000000000004,3.3375516601432484,22.15631567950304,12.025895802527236,3.331645362608341,22.053967076772114,11.994187441268782
47.900000000000006,3.337426990103367,22.101899503253353,12.00872166508224,3.33173609348068,22.00000967413481,11.977130650839186
48.0,3.3373060045661234,22.048018666584895,11.991691852435205,3.3482131418643,21.946596382067494,11.960215784905634
48.1,3.3371885942965753,21.994668023603733,11.974805355698395,3.3491776277814513,21.894541075340033,11.94344259530722
48.2,3.3370746543031373,21.94184247353347,11.958061174158612,3.3577667433809477,21.843054545975704,11.926843494254218
48.300000000000004,3.3369640822066744,21.88953696158937,11.941458309436584,3.357612565509303,21.792512337684993,11.910415044997261
48.400000000000006,3.3368567783845857,21.837746478502314,11.924995766652078,3.3605573454122215,21.742467842583608,11.894169380109217
48.5,3.3367526460362438,21.786466060102516,11.90867255527859,3.359381496595653,21.69307103142838,11.878099226897284
48.6,3.336651591064854,21.73569078704293,11.892487689273471,3.3575222995237057,21.64410939594388,11.86220437353087
48.7,3.336553515264889,21.685415762713696,11.87644019028439,3.351866750998676,21.595544416960625,11.846476220768588
48.800000000000004,3.336458348214222,21.635636211714196,11.860529069192799,3.3540322132178586,21.54718231034095,11.830905859889306
48.900000000000006,3.3363659919325532,21.586347304342137,11.84475335489374,3.3480256527609935,21.499412097898436,11.81547789707679
49.0,3.3362763642949425,21.537544299661583,11.829112075492471,3.3517944138256275,21.4518192595575,11.800194622855024
49.1,3.3361893851926694,21.489222498624823,11.813604263407576,3.3581045391089197,21.404890787653205,11.785041508208215
49.2,3.336104976533238,21.441377244072395,11.798228955370977,3.359679551097365,21.358747106732118,11.770025500340267
49.300000000000004,3.3360230622403724,21.394003920733077,11.78298519242792,3.3570787686136945,21.313143613219665,11.755157500711148
49.400000000000006,3.33594356850111,21.3470979551274,11.76787201611647,3.3592375359751503,21.267866115518153,11.74043724339664
49.5,3.335866424126761,21.30065481542667,11.752888462886347,3.3565081900801954,21.22314933116173,11.725855996035742
49.6,3.3357915599498376,21.25467001155509,11.73803357511088,3.361729863927576,21.17874324735412,11.711415635142838
49.7,3.335718908400974,21.209139094660394,11.723306416414035,3.349295138916129,21.135042308076958,11.69710784961452
49.800000000000004,3.3356484040074967,21.16405765744337,11.708706055665228,3.346693717383066,21.091156641941996,11.682941263965812
49.900000000000006,3.335579983276255,21.119421332513994,11.69423155759002,3.333701905266022,21.04757976139173,11.66888782779763
50.0,3.3355135846853257,21.075225793094297,11.679881988995646,3.324235253180001,21.003789059041114,11.654942985147716
50.1,3.335449148490675,21.03146675244503,11.665656422335623,3.3331340177063766,20.959962931109704,11.641081922796925
50.2,3.3353866166503656,20.988139963322883,11.65155393436746,3.3388016441155997,20.917020002683927,11.627290269533013
50.300000000000004,3.3353259325741536,20.945241209986445,11.637573605002007,3.3340872022548336,20.874789884862867,11.613592320537489
50.400000000000006,3.3352670426676325,20.902766348683418,11.623714524569916,3.324561919960461,20.83274634612698,11.600002398185705
50.5,3.3352098930386354,20.860711228600728,11.609975781818779,3.3060757357279837,20.790646978663734,11.586511937868428
50.6,3.335154433364042,20.81907178746051,11.59635647548336,3.3034560962498696,20.748044295663497,11.573103843515113
50.7,3.3351006130921412,20.777843955788388,11.582855703653697,3.3196604620055057,20.705736657519356,11.559745394825006
50.800000000000004,3.3350483826177104,20.7370236884812,11.569472567315877,3.3228210977781565,20.66466231404444,11.546440112237516
50.900000000000006,3.334997696982559,20.696607062389404,11.556206181578853,3.3195974189659645,20.624156745792902,11.533228606788294
51.0,3.3349485093543927,20.656590105180697,11.54305565585596,3.322950921910364,20.58389504928327,11.520119637035986
51.1,3.3349007742245127,20.616968880913443,11.530020103778527,3.3133900267967977,20.544203644885958,11.507107862193667
51.2,3.334854450991058,20.57773958725218,11.517098654461188,3.312107887937484,20.504431109776938,11.494201733295403
51.300000000000004,3.334809496617018,20.538898355555848,11.504290429334576,3.313373802080575,20.464992193076043,11.481382584258595
51.400000000000006,3.3347658708788237,20.500441399467633,11.49159456059704,3.3134280396825986,20.42601096124931,11.468650802987176
51.5,3.3347235337173418,20.462364937416034,11.479010181068292,3.3190266955564103,20.387422253620947,11.456011723188048
51.6,3.334682448193396,20.424665278623,11.466536435357272,3.321635622488938,20.34949936586256,11.443467414475956
51.7,3.3346425757596383,20.38733869121013,11.454172463336832,3.3262134186878143,20.31208615332838,11.431030645562453
51.800000000000004,3.3346038812270353,20.350381547635475,11.441917419123902,3.3220733675472247,20.275275962729488,11.418706323913211
51.900000000000006,3.33456632954926,20.313790221077237,11.429770456567105,3.3280894497387514,20.238626871479553,11.406502497004814
52.0,3.334529887367298,20.27756113520553,11.417730736217749,3.3385490680851775,20.202645075251695,11.394408538338038
52.1,3.3344945229951874,20.241690763947524,11.405797425279168,3.3322568317365886,20.167546077903438,11.38243548358028
52.2,3.334460203836157,20.20617557382582,11.393969687508653,3.3266748465023013,20.132483458711235,11.370601606753377
52.300000000000004,3.3344268980223433,20.1710120605505,11.382246689625685,3.3353228430383286,20.097492366449238,11.358889016503014
52.400000000000006,3.3343945760660962,20.136196785869735,11.370627607765455,3.334052992118112,20.063283584936663,11.347283577467273
52.5,3.334363209722704,20.101726352190312,11.359111623034245,3.342909948408566,20.029353398693203,11.335801444265439
52.6,3.334332771857612,20.067597399756256,11.347697921704784,3.3398238083652223,19.996205362126698,11.324436586630133
52.7,3.3343032340058243,20.033806554789976,11.336385698807097,3.348831610355001,19.963234498923693,11.313203932292714
52.800000000000004,3.334274568948464,20.000350484240066,11.325174154337624,3.349198251366577,19.931043734452206,11.302092337197054
52.900000000000006,3.33424675095247,19.967225900874507,11.314062492906547,3.350355486303989,19.899193209676014,11.291116245524545
53.0,3.3342197551556807,19.934429550214663,11.303049924642515,3.3597409674036487,19.867719051894454,11.280270699878976
53.1,3.334193557465475,19.901958209261707,11.292135664227057,3.356660700983679,19.83702890974569,11.26955286614383
53.2,3.3341681338919624,19.869808678118492,11.281318924542267,3.3500087011953,19.806491655697418,11.258976620527447
53.300000000000004,3.334143461480823,19.83797779171026,11.270598925557442,3.346671471011043,19.77592717420021,11.248528864739514
53.400000000000006,3.334119518143037,19.806462417645275,11.259974892707021,3.3491321379748205,19.74550147600876,11.23819101063204
53.5,3.334096282555925,19.775259454971426,11.249446055947832,3.3387554439652507,19.715503068147413,11.227953518555655
53.6,3.334073733960074,19.744365831637356,11.239011648884768,3.3426245006352153,19.6852858096642,11.217819637428985
53.7,3.3340518516261897,19.71377849782698,11.228670906475337,3.3389382766128746,19.65556417659932,11.207766388164682
53.800000000000004,3.3340306158539024,19.683494438446697,11.218423069329988,3.3460295329846805,19.62595544866397,11.197802322347815
53.900000000000006,3.3340100076475965,19.653510669072578,11.208267382316407,3.330506015245511,19.596997370826564,11.187919621207266
54.0,3.333990008672177,19.623824235397358,11.198203094369067,3.325616156030416,19.567552697880576,11.178132994469246
54.1,3.333970600991317,19.59443220959429,11.188229461741495,3.3151815102310374,19.53815797870329,11.168409821257221
54.2,3.333951766834044,19.565331687074746,11.178345750906397,3.310500530956795,19.50853547442781,11.158743103408721
54.300000000000004,3.3339334892578285,19.536519795699387,11.16855123031688,3.312751891720616,19.47897514623137,11.149115637595344
54.400000000000006,3.3339157518822957,19.507993692079122,11.158845173715008,3.312235806261463,19.449822989355088,11.139524011378303
54.5,3.333898538797435,19.47975056001172,11.149226859096853,3.3112662316218753,19.42093654977461,11.129979094781463
54.6,3.3338818343520136,19.451787606820137,11.139695565888937,3.3109214711480153,19.392290495857957,11.120484697099364
54.7,3.33386562352851,19.424102069841066,11.130250579951593,3.3128801671928816,19.363913664456778,11.111043146985086
54.800000000000004,3.3338498918249266,19.39669121437958,11.120891192001775,3.3071152201872724,19.335918536171853,11.101657647287759
54.900000000000006,3.333834625185703,19.36955233251685,11.111616697089776,3.3123722732386804,19.307915111819497,11.092335511437403
55.0,3.333819809700904,19.342682737922534,11.102426392780707,3.317192172630128,19.280454574363237,11.083067547747145
55.1,3.3338054320182047,19.316079772959608,11.093319581645098,3.3201116011883585,19.25350963725111,11.073867786165838
55.2,3.3337914792607672,19.289740807268128,11.084295570762416,3.324028079699006,19.226980120938016,11.064747416135987
55.300000000000004,3.3337779389700484,19.263663236732636,11.075353671701516,3.3261819493520934,19.200911723713585,11.055712232817028
55.400000000000006,3.333764798838043,19.23784447828719,11.066493202974604,3.3392674245555933,19.175211703944054,11.046769153399016
55.5,3.3337520469964286,19.212281975525308,11.057713487387247,3.3385385699160253,19.150422958132392,11.037920540613353
55.6,3.333739672016396,19.186973198696744,11.049013852039893,3.3364402480162405,19.12584565704687,11.029190201524978
55.7,3.333727659357408,19.161915391939424,11.040393582034723,3.3315813137083836,19.101409212877215,11.020570992276905
55.800000000000004,3.3337160075291337,19.137106748391474,11.031852138742291,3.325105271931944,19.076974186433862,11.012053870928764
55.900000000000006,3.3337046985545613,19.112544274394207,11.023388763095982,3.317481383108704,19.052459708166122,11.003625378041
56.0,3.333693723133045,19.088225597742785,11.015002811458864,3.3123356938393473,19.027809180239895,10.995270528395691
56.1,3.333683071963929,19.06414834624475,11.006693640196126,3.3125186010403462,19.003147873129464,10.986973967716317
56.2,3.333672735741925,19.04031015577664,10.998460607051854,3.3152573110426387,18.978742324450188,10.97872728828937
56.300000000000004,3.3336627051592327,19.016708666578925,10.990303070515886,3.3161230424898687,18.954717766757817,10.97053380758989
56.400000000000006,3.3336529709145832,18.99334151494233,10.98222038841282,3.3117976810033993,18.93097674121473,10.96240145102899
56.5,3.333643524397599,18.970206397039707,10.974211930457919,3.3181370176469547,18.907256857852754,10.954333271044533
56.6,3.3336343572606677,18.94730103181866,10.966277070888768,3.3232693634680714,18.884091140156574,10.94632145922741
56.7,3.3336254608541505,18.924623112080752,10.958415178745573,3.322561578011941,18.861413696928413,10.93838051550155
56.800000000000004,3.3336168273702618,18.902170406097827,10.950625637607986,3.3187553263951095,18.838927638859726,10.930520514136642
56.900000000000006,3.3336084492107703,18.87994070092803,10.942907834674871,3.3226612293277618,18.816476128790885,10.922738418429171
57.0,3.3336003190267416,18.857931809375202,10.935261162632298,3.3241702418007466,18.794444428969364,10.915025314517226
57.1,3.333592428142612,18.836141417476338,10.927684988528016,3.315286373583666,18.772708496769706,10.907388823875483
57.2,3.3335847709723856,18.81456750649403,10.920178739118505,3.3153978374864925,18.750745730481192,10.899830676612119
57.300000000000004,3.333577339996048,18.793207873149413,10.912741803872326,3.3175931623512716,18.729008165050704,10.892331501788112
57.400000000000006,3.333570128540706,18.77206040285805,10.905373591225219,3.3123751980321727,18.70759774151776,10.88489242813909
57.5,3.333563130133397,18.751122999797882,10.89807351336215,3.3142046171314083,18.68614052400419,10.877518535516915
57.6,3.333556338385278,18.73039357439576,10.890840983494247,3.3055773733281835,18.66498934962072,10.870199330991758
57.7,3.3335497471935103,18.709870065141242,10.88367542060572,3.3148608350361304,18.64361832479092,10.862939747534242
57.800000000000004,3.3335433507412517,18.689550438586625,10.876576249453853,3.3233077387025682,18.622925183294818,10.855723084520069
57.900000000000006,3.333537143497663,18.66943268934692,10.869542900569014,3.322011446691348,18.602861318396997,10.84857062714515
58.0,3.3335311197667963,18.64951481063232,10.862574802529645,3.3246497903566876,18.582933277547593,10.84149909721307
58.1,3.333525273741014,18.629794797737546,10.855671382877006,3.309668611855591,18.56333643428995,10.834503428482419
58.2,3.3335196002340433,18.610270695926843,10.848832080668371,3.303065168753033,18.543186500539832,10.827587011717794
58.300000000000004,3.333514094280618,18.59094057428176,10.842056339621145,3.302115192657991,18.522907893972086,10.820717464082021
58.400000000000006,3.3335087511352164,18.571802525618477,10.835343608091183,3.296270972273477,18.502784574665263,10.813883385692225
58.5,3.333503566272059,18.552854666487796,10.828693339072803,3.3019010831803244,18.482570277532286,10.807086148496701
58.6,3.333498535157051,18.534095122070063,10.822104989765124,3.315476063084747,18.46283962891598,10.800317112265395
58.7,3.333493652724408,18.51552199151015,10.815578020576872,3.3085702163084516,18.443985035781058,10.79359169211059
58.800000000000004,3.333488914524996,18.497133423976297,10.809111897309954,3.3040165261913037,18.42497369623867,10.78693911008018
58.900000000000006,3.3334843163089327,18.478927591013953,10.802706090365758,3.306385136636024,18.40592478558585,10.780343694455636
59.0,3.333479853974671,18.46090268317379,10.796360074648357,3.317383175745617,18.387184794561794,10.773796479609288
59.1,3.3334755235690046,18.443056910011727,10.7900733295645,3.310130706511431,18.369182105403457,10.767303471277414
59.2,3.333471321264472,18.425388499017977,10.78384533860906,3.3124018280483805,18.350996819674993,10.760887083211477
59.300000000000004,3.333467243123427,18.40789568443274,10.777675585035734,3.324548678543762,18.33310694288066,10.754530195662166
59.400000000000006,3.333463285422967,18.390576722649495,10.771563557819455,3.314365576078917,18.31600330737904,10.748236921795414
59.5,3.33345944461809,18.37342989046823,10.76550875098026,3.3068324157286733,18.2985615531092,10.742030515628413
59.6,3.333455717289446,18.356453482618804,10.759510662624598,3.304948319840191,18.28091755836454,10.735886422024894
59.7,3.3334521001433384,18.339645811760956,10.753568794945341,3.302507380028755,18.263355798772903,10.72978854169601
59.800000000000004,3.333448590010451,18.32300520842204,10.747682654179988,3.3085715004256673,18.245847609786612,10.723734134773931
59.900000000000006,3.33344518364946,18.30653001139823,10.741851744168068,3.3108427456796012,18.22881770871003,10.71771965817721
60.0,3.333441877892156,18.290218574847575,10.736075571111911,3.3002916175715074,18.21207166890691,10.711758998296562
60.1,3.3334386697756986,18.274069274754343,10.730353647915445,3.3045426106501856,18.194965533096415,10.705856575890452
60.2,3.333435556441099,18.258080503967,10.724685490853753,3.3017536556879534,18.17824300829796,10.699990523458268
60.300000000000004,3.3334325351332192,18.24225067219822,10.719070619573072,3.3107613579437087,18.16154826099938,10.694171399927829
60.400000000000006,3.333429603200769,18.226578206024886,10.713508557090787,3.3074693051128485,18.14547084628657,10.688394249713715
60.5,3.333426758017326,18.21106154467368,10.707998832430007,3.304218917383711,18.129389603079346,10.682678311632905
60.6,3.333423996909209,18.195699136173026,10.702540983025147,3.3085147666703154,18.11330665291774,10.677015641532424
60.7,3.3334213173858998,18.180489449647233,10.697134547036383,3.314084494413096,18.09759932472208,10.671399357978508
60.800000000000004,3.333418717042086,18.165430970090167,10.691779066616839,3.3174959887969253,18.082327556195512,10.665838519310393
60.900000000000006,3.3334161935540214,18.150522198170744,10.68647408803417,3.307310455651406,18.067379080073405,10.66034348716853
61.0,3.3334137446672973,18.135761649330195,10.681219161402064,3.3114939705614366,18.05207081205524,10.654918881741857
61.1,3.333411368132852,18.121147849056268,10.676013839274662,3.305607612953509,18.03712480246276,10.649541449115443
61.2,3.3334090618065604,18.106679340237804,10.670857678834002,3.307927401348197,18.02203393508581,10.644219654095082
61.300000000000004,3.3334068236257943,18.092354681433854,10.66575024137522,3.2996850921096015,18.00720996580236,10.638940656463967
61.400000000000006,3.3334046516005795,18.078172446220456,10.660691092112243,3.303517328459141,17.992122120749816,10.633709653790293
61.5,3.3334025438107986,18.06413122299907,10.655679799987446,3.299310429213752,17.977376765965275,10.628509988807867
61.6,3.333400498320791,18.050229609141166,10.650715931852908,3.2922190225359858,17.96256851976631,10.623351286703418
61.7,3.3333985132623662,18.036466216679795,10.645799058126329,3.2979670468018596,17.947553785695447,10.618225795390003
61.800000000000004,3.333396586856101,18.022839673769994,10.640928754242289,3.3005563295430047,17.932976600178584,10.613120964677544
61.900000000000006,3.333394717383817,18.009348622801525,10.636104598776821,3.297656509410902,17.918674650653948,10.608051531160134
62.0,3.333392903188577,17.995991720398898,10.631326173447404,3.307904875038911,17.904370729617952,10.603023957780145
62.1,3.3333911426314136,17.982767633972465,10.626593064618126,3.3058807981704854,17.890722266073716,10.598032842351863
62.2,3.333389434087976,17.969675041451595,10.621904863416132,3.3069074409856074,17.877109083321503,10.59309973972169
62.300000000000004,3.3333877760242103,17.956712637315686,10.617261163099583,3.309400975732265,17.863683364537568,10.588218796480266
62.400000000000006,3.3333861669584786,17.94387912957544,10.612661560375077,3.3061998349797723,17.850516579678807,10.583390962703875
62.5,3.3333846054613656,17.931173239757413,10.608105655404392,3.3099935674814054,17.83732140563101,10.578619940103259
62.6,3.3333830892671674,17.918593450738488,10.603592983239604,3.3073199115765566,17.82444786994877,10.5738974980412
62.7,3.333381619258289,17.90613916087985,10.599123331567116,3.305496884888433,17.81156938682811,10.569230408873123
62.800000000000004,3.3333801923941584,17.893808634615656,10.594696176291047,3.3149500870990662,17.79872853720425,10.56461157103391
62.900000000000006,3.333378807538727,17.881600682914996,10.590311142934342,3.308920340431409,17.78648875618716,10.560036450722453
63.0,3.3333774635559466,17.869514116746966,10.585967857019947,3.294392967539683,17.77406988564686,10.555523605006169
63.1,3.333376159308261,17.857547747358215,10.581665943959973,3.305749638656022,17.761048835167376,10.551058153477738
63.2,3.333374893636778,17.845700389928556,10.577405027596033,3.322700515162285,17.748725828748505,10.546610093791921
63.300000000000004,3.3333736653858583,17.833970859037613,10.573184732009391,3.3204563518184496,17.737373596219133,10.542205053182615
63.400000000000006,3.333372473410554,17.822357970723584,10.569004682187607,3.308593021929461,17.726022677847865,10.537876484316895
63.5,3.3333713166809713,17.810860581179792,10.56486451372499,3.307371558188048,17.71419210216586,10.53361504017246
63.6,3.3333701941561995,17.799477542754854,10.560763861200295,3.3063401785621895,17.702418759053604,10.529393269583771
63.7,3.3333691047745098,17.788207700648705,10.556702357339974,3.3059487893661275,17.690711580391177,10.525208507774378
63.800000000000004,3.333368047597775,17.777049945921146,10.552679647820852,3.2997286414210074,17.67910190405557,10.52105877271278
63.900000000000006,3.3333670216838494,17.766003168140436,10.548695377898564,3.3044022486854874,17.667297317086067,10.516943578789927
64.0,3.333366026062152,17.755066246406976,10.544749189858079,3.3085874571358445,17.65584445634948,10.512850806594267
64.10000000000001,3.333365059871239,17.744238102890282,10.540840737686368,3.2998783824082,17.64471538464278,10.508791662340784
64.2,3.3333641222538715,17.733517661417856,10.53696967582088,3.305304139345357,17.63326214991676,10.504774891778967
64.3,3.3333632123230443,17.72290383412915,10.533135655525474,3.3191273348885377,17.62219473538486,10.500782276764204
64.4,3.3333623292919015,17.71239557522036,10.52933833958382,3.3206410874772834,17.61192915477544,10.49682618990811
64.5,3.333361472382073,17.70199184245205,10.525577391755903,3.318888423204521,17.601841917601547,10.4929341629448
64.60000000000001,3.3333606407807315,17.691691579113648,10.521852471837903,3.3184236633231996,17.591767919585756,10.48910549046522
64.7,3.3333598337379944,17.68149375651975,10.518163247337142,3.322762178882408,17.58177142355606,10.485332954941134
64.8,3.3333590505737782,17.67139737706081,10.514509394311474,3.3121335852055696,17.57209181826462,10.481612781679386
64.9,3.333358290552474,17.661401418406165,10.51089058201673,3.313809275744531,17.561977579342255,10.477951230159457
65.0,3.333357552965078,17.651504870921805,10.507306483255471,3.3119254866232204,17.55204826733606,10.474323754972755
65.10000000000001,3.333356837199265,17.641706771066428,10.503756783703267,3.324254393541266,17.54212405899386,10.470733538721673
65.2,3.3333561425940474,17.632006132099416,10.50024116255647,3.3234251966447843,17.532915538080985,10.467176193806047
65.3,3.3333554685450992,17.62240199633206,10.496759307214717,3.3342710882100706,17.523757642532413,10.463676285061295
65.4,3.333354814331207,17.612893346564437,10.493310888290898,3.327262286461339,17.51523362051759,10.460228839493901
65.5,3.333354179499357,17.60347930214926,10.489895614916259,3.331158570955318,17.506444398635484,10.456852814849297
65.60000000000001,3.3333535634187186,17.594158891945803,10.486513170699528,3.3332438784643363,17.497937883196894,10.453528944614868
65.7,3.3333529655329017,17.584931186968507,10.48316325149979,3.327750224715299,17.489620698288142,10.450262188794017
65.8,3.333352385311743,17.575795272134396,10.47984555714421,3.329039669514474,17.481112002541025,10.447053184820943
65.9,3.333351822221322,17.566750228694954,10.476559786277901,3.3368371218895314,17.47275286599134,10.443887265917883
66.0,3.3333512757513235,17.557795150268984,10.47330564106398,3.334684169686819,17.464867193425903,10.44076516545276
66.10000000000001,3.333350745415036,17.548929142842603,10.47008282718357,3.323942733221597,17.456952729975985,10.437700489507346
66.2,3.333350230749356,17.54015132476925,10.466891053835806,3.324113374157311,17.448580339337305,10.434685133820466
66.3,3.333349731314782,17.531460826769678,10.463730033737825,3.318682548147227,17.4403002046518,10.431694801176782
66.4,3.3333492466537837,17.522856777868835,10.460599478662639,3.3169569174978144,17.431831330012642,10.428730105220708
66.5,3.3333487762798204,17.514338301688934,10.457499098262947,3.3169322036100435,17.423360862587405,10.425780348805219
66.60000000000001,3.333348319774781,17.50590454935817,10.454428610512855,3.306636745704297,17.414973864142034,10.422843598668972
66.7,3.3333478767393854,17.49755468276039,10.4513877363931,3.297219322787371,17.406155962785828,10.419921555843045
66.8,3.333347446792325,17.489287874243217,10.448376199798455,3.3013516014731312,17.396955369297338,10.41699514486722
66.9,3.33334702957026,17.48110330661808,10.445393727537715,3.2990050901180377,17.38805339567802,10.41404949322517
67.0,3.3333466247278194,17.473000173160205,10.442440049333715,3.2838140699421317,17.37912311622714,10.411098752417196
67.10000000000001,3.333346231914917,17.464977669742165,10.439514896473577,3.290263437371232,17.369522588561978,10.408142309617109
67.2,3.3333458507127087,17.45703497262598,10.436617997998209,3.2932781518349135,17.36034053454492,10.405153946829122
67.3,3.333345480769509,17.44917128559494,10.433749088789316,3.2899648664634515,17.351401036791216,10.402154115722414
67.4,3.333345121753012,17.44138582338516,10.430907906726553,3.2829375549522193,17.342385269746476,10.399153794222023
67.5,3.333344773342603,17.433677809019194,10.428094192230006,3.289735541581067,17.333108294796624,10.396149899919141
67.60000000000001,3.333344435229357,17.426046473806014,10.425307688260194,3.2932529626722125,17.32426398892771,10.393132319504275
67.7,3.3333441071160395,17.418491057341026,10.422548140318069,3.309524273735242,17.315683997172044,10.390119897215198
67.8,3.3333437887146498,17.411010806827584,10.419815296214464,3.3128960515607955,17.308003370887086,10.387122501251316
67.9,3.3333434797196424,17.403604969680902,10.417108903556842,3.3159612199787514,17.300568139756255,10.384174229288023
68.0,3.3333431798462003,17.39627280409913,10.414428713341433,3.315426638450908,17.29336051935763,10.381278969317906
68.10000000000001,3.3333428888256442,17.38901357779469,10.411774479522132,3.3211295834538084,17.2861982460866,10.37843944035843
68.2,3.3333426063989857,17.38182656621479,10.409145958405814,3.3254490818854117,17.27939274279842,10.37565075251058
68.3,3.3333423323169313,17.37471105254145,10.406542908652339,3.3336022134913685,17.27287126946471,10.372921058244492
68.4,3.33334206633988,17.367666327691456,10.403965091274554,3.3302970114479464,17.26682266744463,10.370254636746553
68.5,3.3333418082376993,17.360691690252676,10.401412269597067,3.327634342454986,17.26066929134258,10.367662817738323
68.60000000000001,3.3333415577667855,17.353786439957055,10.398884205035824,3.324775197672755,17.254444315551904,10.365132485614382
68.7,3.3333413146901076,17.346949883383363,10.396380660785562,3.3300334109755867,17.24813863228002,10.362653413730548
68.8,3.33334107878995,17.340181337582692,10.393901404164138,3.3396089606845547,17.242158916506,10.360216228950284
68.9,3.333340849856383,17.333480126798943,10.391446204491945,3.3365187297818846,17.23671777537517,10.357828940623245
69.0,3.3333406276872672,17.32684558246884,10.3890148330919,3.333736662948375,17.23117653411051,10.355507115712841
69.10000000000001,3.3333404120882504,17.320277043221925,10.386607063289459,3.335710961837146,17.225551601916823,10.353238932223672
69.2,3.333340202872769,17.31377385488054,10.384222670412601,3.334085300779591,17.220081633989512,10.35101463037843
69.3,3.3333399998509208,17.307335366996906,10.381861432451993,3.3400840577534154,17.214585082688597,10.348835156890793
69.4,3.3333398028258627,17.30096093173182,10.379523130274729,3.325640045977215,17.20944343474938,10.346694087322481
69.5,3.3333396116200693,17.294649912027005,10.377207546066426,3.320642302795071,17.20363100270075,10.344601020719448
69.60000000000001,3.3333394260622997,17.288401677549157,10.374914464104423,3.316074598323545,17.197626807813496,10.342523394127337
69.7,3.33333924598736,17.282215604616226,10.372643670771822,3.3019171404106267,17.191454269651537,10.34045166473761
69.8,3.3333390712361064,17.27609107619744,10.370394954557497,3.2967650415480945,17.184635583975552,10.338378357398733
69.9,3.3333389016553125,17.27002748185938,10.368168106055252,3.29207413482024,17.1776274802132,10.336277770093123
70.0,3.3333387370871597,17.264024213411556,10.365962917896294,3.2920400132629513,17.17045491215208,10.334145512047648
70.10000000000001,3.333338577378509,17.258080668746974,10.363779184808783,3.300317827216516,17.163352363693708,10.331978708532144
70.2,3.333338422386191,17.252196254035113,10.361616703651864,3.299758392754727,17.156734731417597,10.329784202284102
70.3,3.3333382719721025,17.24637038168966,10.35947527338413,3.294246202573268,17.15015530374116,10.327584620177754
70.4,3.3333381260032056,17.2406024703685,10.35735469506363,3.2950586043494208,17.14336606083241,10.325382042590073
70.5,3.333337984351529,17.234891944973747,10.355254771847873,3.3028424028283823,17.136685330441555,10.323168382757311
70.60000000000001,3.3333378468929604,17.229238236132648,10.353175308500353,3.2975846252206416,17.13046059727856,10.320949242939813
70.7,3.333337713496166,17.22364077542508,10.35111610685323,3.292898105237352,17.124035222566807,10.318743461810158
70.8,3.3333375840387305,17.21809900233531,10.349076972416492,3.2976437358722777,17.117439775603007,10.316541385632428
70.9,3.333337458404735,17.212612363206716,10.347057713384165,3.2973133063767173,17.11114756464059,10.314335725064728
71.0,3.3333373364823733,17.207180310217232,10.345058139660283,3.3024889599308787,17.10490175431302,10.312138984527648
71.10000000000001,3.333337218163955,17.201802301379377,10.343078062858893,3.303327981243298,17.098977184766433,10.30995191775118
71.2,3.3333371033459036,17.196477800540247,10.34111729630406,3.308665852364611,17.093153811980933,10.307786183643863
71.3,3.333336991925971,17.191206275990545,10.339175654895124,3.3028594680005527,17.087655566479356,10.305643263329845
71.4,3.3333368837971284,17.1859871974113,10.33725295481097,3.303697253918099,17.08192198421459,10.303533421683992
71.5,3.333336778861539,17.180820042856006,10.33534901418631,3.303253815649274,17.076287627068346,10.301443294868522
71.60000000000001,3.3333366770253385,17.175704296140424,10.333463652858873,3.2964662317668036,17.070687441580127,10.29937448074127
71.7,3.333336578198017,17.170639446536203,10.33159669233972,3.2876839420403776,17.064803878752667,10.297325787720633
71.8,3.3333364822924225,17.16562498877086,10.32974795581324,3.2933904814886286,17.058540037067157,10.295283464162647
71.9,3.3333363892247574,17.160660423027764,10.327917268137154,3.292369149287828,17.052624160770918,10.29323150564559
72.0,3.333336298780228,17.155745011362267,10.32610437230164,3.2871326066150255,17.0467163766276,10.291184925347668
72.10000000000001,3.333336211201518,17.150878869519342,10.32430931172055,3.287910339409352,17.040605843192075,10.289143370694042
72.2,3.333336126179296,17.146061083084312,10.32253176726535,3.29640724689276,17.034595301730622,10.287098097347828
72.3,3.333336043649446,17.141291192767135,10.320771579216743,3.2830903768117365,17.029069711057954,10.285053501634549
72.4,3.3333359635478526,17.136568739277756,10.319028587855437,3.2751320913185347,17.02293353278796,10.283028859894923
72.5,3.333335885810401,17.131893263326145,10.317302633462136,3.271041282222823,17.016460802026007,10.280997355640858
72.60000000000001,3.3333358103728927,17.127264305625783,10.315593556293143,3.282151350331618,17.00984825811689,10.278946294253814
72.7,3.3333357371677916,17.12268140703216,10.313901195623837,3.2854740468279497,17.003857343052303,10.27687234556391
72.8,3.333335666127289,17.118144108412388,10.312225390649362,3.2917627657586563,16.998092471963176,10.274803028067463
72.9,3.3333355971846834,17.11365195063431,10.310565980893358,3.2857988719787965,16.992699685531477,10.272746795197056
73.0,3.3333355302792724,17.10920448756759,10.30892280835206,3.2801443392431824,16.9870626322751,10.270716947099203
73.10000000000001,3.333335465352863,17.10480127852204,10.307295716056268,3.2845722316905053,16.98119922291451,10.268700565146565
73.2,3.3333354023442636,17.10044187630965,10.305684545801078,3.2864036239695467,16.97561584226989,10.26668696910274
73.3,3.33333534119679,17.096125845230183,10.304089144109877,3.2912820442667825,16.97017986504567,10.264686991649274
73.4,3.333335281858265,17.091852761069823,10.302509362233792,3.29135664737463,16.96504216860855,10.262704886193692
73.5,3.3333352242729104,17.087622190437873,10.300945047646799,3.294375083338358,16.959959579291198,10.26075044173961
73.60000000000001,3.3333351683879764,17.08343370804608,10.29939605059424,3.2965438637378908,16.955078737665204,10.258822570146865
73.7,3.333335114156361,17.079286903717875,10.297862226494729,3.3025665807043754,16.950355143475445,10.256926178472497
73.8,3.3333350615273862,17.075181357705077,10.296343427490172,3.308593551806372,16.94597992107591,10.255063818381256
73.9,3.333335010452777,17.071116657201195,10.294839507962125,3.299090775211786,16.941949799455468,10.253245388353212
74.0,3.3333349608914395,17.067092410044463,10.293350328971972,3.285905077657526,16.937484840221504,10.2514794945372
74.10000000000001,3.333334912797361,17.06310820993097,10.291875747005248,3.2936635195121395,16.932405245702167,10.24974253659342
74.2,3.3333348661240785,17.059163649260828,10.290415618128167,3.3023654469844628,16.927764369220753,10.248006498040343
74.3,3.3333348208254567,17.055258321430994,10.288969798735016,3.2968394968268075,16.923604997877767,10.246288789419182
74.4,3.333334776865787,17.051391851495815,10.287538155639304,3.2861716800065848,16.91921092274033,10.244606487712119
74.5,3.3333347342082185,17.047563861044235,10.28612055451398,3.288212880810487,16.914327397513254,10.242946016865684
74.60000000000001,3.3333346928122816,17.043773960675498,10.284716857415026,3.29545363224301,16.909594767578646,10.241285206991106
74.7,3.333334652637507,17.04002176098885,10.283326926398422,3.3079590092763898,16.90527150151501,10.239630106134712
74.8,3.3333346136469535,17.036306884402833,10.281950627483864,3.3119855915546093,16.90161673696368,10.23799639105099
74.9,3.3333345758114272,17.03262897928527,10.280587835393385,3.310275080996922,16.89819984917177,10.236408264147906
75.0,3.333334539095886,17.028987674413496,10.279238418279162,3.305318174542514,16.8947316047299,10.23486986340098
75.10000000000001,3.3333345034649393,17.025382597401187,10.277902243903126,3.306231053633899,16.891050197409726,10.233373274035394
75.2,3.333334468896357,17.021813424166815,10.276579196341638,3.3051514058497355,16.887451248117323,10.231905039992542
75.3,3.333334435329189,17.018279688500407,10.275269111668699,3.2995770105505633,16.883834305928637,10.230465110580223
75.4,3.33333440276115,17.01478113953456,10.273971898687952,3.313547168685784,16.879974813396878,10.22904942426467
75.5,3.333334371158612,17.011317411353435,10.272687427346668,3.3254311499402327,16.876852423697198,10.227645414816328
75.60000000000001,3.3333343404889395,17.007888141680862,10.271415568821372,3.332853218187768,16.874355456957236,10.226281176885903
75.7,3.3333343107228917,17.00449298233029,10.270156199087928,3.327043652359437,16.87225456329705,10.22497704396725
75.8,3.3333342818359974,17.001131605184312,10.268909200964355,3.332639959805129,16.86988420028205,10.223741793091337
75.9,3.3333342538013757,16.997803670975753,10.267674453445327,3.336706113622193,16.867817356269487,10.222556552947237
76.0,3.3333342265932804,16.99450884469948,10.266451836967406,3.3394038344955783,16.865974488387902,10.221427586512785
76.10000000000001,3.3333342001872217,16.991246796141585,10.265241233589824,3.3471252965740326,16.864284935228802,10.220357242718986
76.2,3.333334174559966,16.988017199879366,10.264042526994478,3.350729977618783,16.862998350705215,10.219344770643362
76.3,3.333334149689536,16.98481973528134,10.262855602485937,3.354888339265563,16.8619048660791,10.21839949540554
76.4,3.3333341255552114,16.981654086507234,10.261680346991431,3.358269838110654,16.861030234381587,10.2175212563791
76.5,3.3333341021375,16.978519942440347,10.260516649036537,3.3596770970799392,16.860333423943302,10.216710943785884
76.60000000000001,3.333334079412267,16.975416981899023,10.259364393426013,3.3476062369076955,16.859713944557868,10.215967704042457
76.7,3.333334057355662,16.97234488605026,10.258223465708745,3.3477069159304937,16.858497116957675,10.215286765613943
76.80000000000001,3.3333340359482544,16.96930334881586,10.257093755920646,3.343758041640111,16.857297491584625,10.214636930289403
76.9,3.3333340151715087,16.966292067996648,10.255975155392184,3.3353508754530807,16.855912418750783,10.214015237910287
77.0,3.3333339950077825,16.963310745272437,10.2548675567484,3.345927091436918,16.85412083833593,10.213410969690345
77.10000000000001,3.333333975440328,16.960359086202065,10.253770853908893,3.356484405375847,16.852875984524417,10.212805820499472
77.2,3.3333339564532904,16.957436800223363,10.25268494208783,3.364386339093683,16.852171444947963,10.212221758936817
77.30000000000001,3.3333339380317097,16.954543600653174,10.251609717793944,3.3650688602942695,16.851869047453167,10.21167792408217
77.4,3.3333339201609524,16.951679203276477,10.25054507844186,3.372658897779943,16.85160379999335,10.21118568699313
77.5,3.3333339028199003,16.948843309419782,10.249490917689167,3.3715553618540475,16.851720706882414,10.2107404880167
77.60000000000001,3.333333885990974,16.946035630862124,10.248447132298889,3.3716913035949796,16.851781267906293,10.210352102403629
77.7,3.3333338696589587,16.943255886915647,10.247413621335243,3.363624844313439,16.85184802040698,10.210011621308535
77.80000000000001,3.3333338538091715,16.940503799871298,10.246390284909026,3.3652268924510316,16.851510782418583,10.209713681268909
77.9,3.333333838427461,16.9377790949988,10.245377024177607,3.3646519998223905,16.85125701921695,10.20943714007917
78.0,3.3333338235002077,16.935081500546687,10.244373741344925,3.3554737444516456,16.8509770490159,10.209182830160522
78.10000000000001,3.333333809014324,16.932410747742267,10.243380339661494,3.3544857331521705,16.850240965748323,10.208947099370528
78.2,3.333333794957254,16.92976657079166,10.242396723424406,3.3533469071203266,16.849462842748448,10.208709527121174
78.30000000000001,3.3333337813164725,16.92714870567754,10.241422797581992,3.3641152749468497,16.84863555967698,10.208468646878622
78.4,3.333333768078122,16.92455688689504,10.240458466660504,3.3688473183628096,16.84835496782755,10.208222878991002
78.5,3.333333755230098,16.921990854842786,10.23950363719449,3.367854286124625,16.848313784067415,10.207994662783463
78.60000000000001,3.3333337427609084,16.919450353091527,10.23855821682864,3.3683921266447205,16.848223360532973,10.20779151902733
78.7,3.3333337306594935,16.9169351279556,10.237622114176881,3.3676199864765426,16.848160733259878,10.207608542183607
78.80000000000001,3.3333337189152283,16.91444492849295,10.236695238822378,3.365308046160137,16.848060125251106,10.207444482628949
78.9,3.333333707517922,16.911979506505123,10.235777501317527,3.3575029340852134,16.847844926306603,10.207295606069799
79.0,3.333333696457816,16.909538616537255,10.23486881318396,3.355822510106491,16.8472416237478,10.207155551082558
79.10000000000001,3.333333685725587,16.907122015878084,10.233969086912545,3.350429095104691,16.846560333015645,10.207007760546254
79.2,3.3333336753112386,16.904729462037,10.233078234367989,3.3420085324577538,16.845616184440722,10.206850020339429
79.30000000000001,3.3333336652040297,16.90236071257118,10.232196166679529,3.3449815271310896,16.844260449219203,10.206672980723452
79.4,3.3333336553948927,16.90001553061519,10.231322797737588,3.3471066563037972,16.843066921083565,10.206462437304218
79.5,3.33333364587511,16.89769368185648,10.230458042281237,3.3353933261177744,16.841991584687918,10.206228800167487
79.60000000000001,3.3333336366362967,16.895394934494345,10.229601815872217,3.3345556005574477,16.840341335146928,10.20597949994565
79.7,3.3333336276703998,16.89311905923988,10.228754034894937,3.3408163010383842,16.83866570182333,10.205693373085788
79.80000000000001,3.3333336189696983,16.890865829316013,10.22791461655648,3.347290931140497,16.83731985985702,10.205373714435199
79.9,3.333333610526804,16.8886350204575,10.227083478886598,3.3533601650687492,16.836311207815474,10.205037639856528
80.0,3.3333336023346405,16.88642641086257,10.226260540731797,3.353005468846427,16.835616103990755,10.204700557416857
80.10000000000001,3.3333335943852003,16.884239778145133,10.225445721382385,3.3470707688561014,16.83491021639317,10.204375125882514
80.2,3.3333335866707072,16.882074902187295,10.224638940921533,3.3398047326062086,16.833914652672043,10.204059549101354
80.30000000000001,3.3333335791841567,16.879931566456506,10.223840120386445,3.3417900634117754,16.832565742775632,10.203741085563683
80.4,3.3333335719187644,16.877809556658683,10.22304918160354,3.343935139068664,16.831329588518464,10.203405938285151
80.5,3.3333335648679663,16.875708660738194,10.222266047188464,3.351758881727541,16.830213049586714,10.20306056904445
80.60000000000001,3.3333335580254193,16.873628668877874,10.221490640546076,3.358162997425548,16.829498863177225,10.202710957614304
80.7,3.333333551384989,16.87156937340949,10.220722885922642,3.3565818200496165,16.82911202441673,10.202373693354064
80.80000000000001,3.3333335449405865,16.869530567604542,10.219962709110563,3.348015316537384,16.828649995175045,10.202060424036206
80.9,3.3333335386863863,16.867512047282506,10.219210036511083,3.345556649715383,16.827764261050163,10.201765333004236
81.0,3.333333532616811,16.86551361071437,10.218464795190483,3.3465638409328036,16.82676445092543,10.201469343902744
81.10000000000001,3.3333335267264914,16.86353505830949,10.217726913062606,3.344888839040041,16.825824998462817,10.201167997908282
81.2,3.333333521010265,16.861576192615605,10.216996318888839,3.3408872506130063,16.82481119043019,10.20086433527043
81.30000000000001,3.3333335154631754,16.859636818318823,10.21627294227813,3.3422600170965664,16.823607441056538,10.200555651925619
81.4,3.333333510080373,16.85771674191073,10.215556713264714,3.3388049079690063,16.822484367500802,10.200234936748839
81.5,3.333333504856611,16.855815770042334,10.214847560220202,3.3346685220385877,16.821199769224243,10.19990682357328
81.60000000000001,3.333333499787116,16.853933712375174,10.21414541347002,3.3365982670576577,16.819721197633932,10.199565715940766
81.7,3.333333494867353,16.85207038081507,10.2134502043215,3.333957894734536,16.818353899010475,10.19920537413804
81.80000000000001,3.33333349009295,16.850225589255206,10.212761864737965,3.3354830096045305,16.816868254757097,10.198832498167157
81.9,3.3333334854596943,16.84839915357611,10.212080327338727,3.337146413272661,16.815473722689752,10.19844381925658
82.0,3.3333334809635353,16.84659089164566,10.21140552539909,3.3298256391234817,16.814176306126488,10.198044829202658
82.10000000000001,3.3333334766004574,16.844800622776397,10.210737392613748,3.3268872338394693,16.812525825021396,10.197640617317543
82.2,3.3333334723662573,16.843028166753285,10.210075862672921,3.3361739166190914,16.810744928463155,10.197217670258812
82.30000000000001,3.3333334682571043,16.84127334626894,10.209420870324053,3.3287390629556004,16.809446175009477,10.196772961270263
82.4,3.333333464269319,16.83953598596186,10.208772350952485,3.3154899929103814,16.807788666407163,10.196328319733126
82.5,3.333333460399354,16.837815912327112,10.20813024054254,3.304249950453487,16.80548527938861,10.195869385574458
82.60000000000001,3.3333334566437913,16.83611295371635,10.20749447567752,3.3053065594073785,16.802642924117396,10.195371993327914
82.7,3.3333334529993452,16.8344269403378,10.206864993539698,3.3063429006604292,16.79988182284659,10.194819079981015
82.80000000000001,3.3333334494571067,16.832757613516076,10.206241696895686,3.306408777279208,16.797200149651147,10.194220386327439
82.9,3.333333446027823,16.83110503206555,10.20562461525071,3.31489572470328,16.794548587018596,10.193584440093504
83.0,3.333333442698566,16.829468872629924,10.205013625690055,3.2985443637279213,16.792347887383574,10.192916798286264
83.10000000000001,3.3333334394668412,16.827848979420207,10.2044086716504,3.3020921385081166,16.789351626696135,10.192239197523381
83.2,3.3333334363301557,16.8262451966474,10.203809696568426,3.312904776639467,16.78656271735458,10.191520975330716
83.30000000000001,3.3333334332860147,16.824657368522516,10.203216643880808,3.3063849215035135,16.784342329013008,10.19077517044191
83.4,3.3333334303319244,16.823085339257002,10.202629457023951,3.304791266563569,16.781818151798053,10.190027743173324
83.5,3.333333427465277,16.82152895322008,10.202048079336127,3.3008858219859145,16.77923953360825,10.189266726064437
83.60000000000001,3.3333334246834196,16.81998805484379,10.201472454116526,3.2962029062823954,16.776491429371465,10.18849152444338
83.7,3.333333421983761,16.818462488475177,10.200902524717204,3.2952533569942317,16.77353666039187,10.187697011033315
83.80000000000001,3.3333334193637882,16.81695210001359,10.200338234693563,3.305423965930034,16.770563961637663,10.186877170340404
83.9,3.3333334168213327,16.815456742064452,10.199779528479453,3.3178819006261033,16.76812952031779,10.186034238832791
84.0,3.3333334143540587,16.81397626399176,10.199226350084125,3.3162207773942827,16.766342320145917,10.185192438489642
84.10000000000001,3.3333334119596074,16.81251051468508,10.198678643484522,3.3287828127848775,16.764489935814172,10.1843775196728
84.2,3.3333334096359186,16.811059349737857,10.198136355730803,3.3291443337981232,16.763284177095276,10.183583726994192
84.30000000000001,3.3333334073809833,16.809622625830087,10.197599434371229,3.3403613196973283,16.76210855201423,10.182834450549585
84.4,3.333333405192668,16.808200196903677,10.197067825698849,3.339560407635362,16.761505532478953,10.182125688635413
84.5,3.3333334030689348,16.806791919156538,10.196541476875655,3.3402024778772934,16.76086849753593,10.181475606909194
84.60000000000001,3.3333334010080446,16.805397655839865,10.19602033778029,3.342307867061375,16.760269936454435,10.180875985036558
84.7,3.333333399008091,16.80401726627094,10.195504356776215,3.36214346699995,16.75978263044296,10.180322463605716
84.80000000000001,3.333333397067159,16.802650609562527,10.194993482138871,3.366663165701462,16.760291977488528,10.179814104554373
84.9,3.3333333951835944,16.801297551440264,10.194487664392692,3.361190137084628,16.761022215998715,10.179385496069177
85.0,3.3333333933557476,16.799957957693806,10.193986854083878,3.3664829136079377,16.76147150069296,10.17903615688017
85.10000000000001,3.3333333915818857,16.798631692071925,10.193491001064539,3.3631999963022117,16.762180931366427,10.178745589139316
85.2,3.3333333898604116,16.797318621954258,10.193000056499873,3.3592065442882415,16.76271912186787,10.178517333714769
85.30000000000001,3.333333388189874,16.796018618705315,10.192513972996176,3.364176847524365,16.763052257863606,10.178337263020103
85.4,3.3333333865687034,16.79473155048046,10.19203270199918,3.363448144618158,16.76363057766119,10.178191547190428
85.5,3.333333384995382,16.79345728693257,10.191556195500114,3.3643065690618563,16.764166679115487,10.178085981232526
85.60000000000001,3.333333383468607,16.792195703916374,10.191084407749127,3.3634658222993545,16.764740340777426,10.178014187471847
85.7,3.333333381986973,16.790946674322146,10.19061729191661,3.364690586234482,16.76526622848462,10.177973724288975
85.80000000000001,3.333333380549204,16.78971007508041,10.190154802627127,3.366437588975039,16.765848095511497,10.177959021902442
85.9,3.3333333791537076,16.78848577337795,10.189696890993853,3.3531940067862296,16.766511494005133,10.177969311136739
86.0,3.3333333777995677,16.787273657214982,10.189243515630587,3.356813962300288,16.766506079404394,10.178004934737686
86.10000000000001,3.333333376485436,16.78607360128754,10.188794630356647,3.349898707284918,16.766681716725365,10.178036181635074
86.2,3.333333375210122,16.784885486120977,10.188350191116267,3.340279845395051,16.766509834922356,10.178070805006199
86.30000000000001,3.333333373972515,16.783709194859906,10.187910154804802,3.3397020248900855,16.765858728842886,10.178094509769402
86.4,3.3333333727714543,16.782544608533634,10.187474477537501,3.340042106644703,16.76518524279896,10.178089402027586
86.5,3.333333371605826,16.781391609635236,10.18704311595821,3.33545472534253,16.764535495703207,10.1780579513308
86.60000000000001,3.3333333704745636,16.78025008212154,10.186616027239383,3.3406469905390375,16.763662877013303,10.178004183585726
86.7,3.3333333693766445,16.77911991141313,10.186193169082083,3.331938919733571,16.763058597770122,10.17792179010703
86.80000000000001,3.333333368311094,16.77800098439435,10.185774499715974,3.3294070138901866,16.7620249577791,10.177824847338552
86.9,3.3333333672769823,16.7768931894133,10.185359977899324,3.325825734651663,16.76087505889582,10.177697879824128
87.0,3.3333333662734264,16.775796416281842,10.184949562919009,3.3257563188436285,16.759557595039446,10.177539743317716
87.10000000000001,3.333333365299588,16.774710556275593,10.184543214590507,3.3277473218734372,16.758249835031233,10.17734737483547
87.2,3.333333364354666,16.77363550195849,10.184140893193725,3.3215404275003624,16.757054702774592,10.177125159673835
87.30000000000001,3.3333333634376054,16.772571142352717,10.183742557706061,3.326474980536485,16.755561177121866,10.176881087811381
87.4,3.3333333625474713,16.771517369197827,10.18334816809212,3.3270791930842356,16.754329314377472,10.17660577520182
87.5,3.3333333616834793,16.77047407742642,10.182957685477716,3.3153010985495333,16.75313998088791,10.176313335629535
87.60000000000001,3.3333333608448794,16.769441163259234,10.182571071453012,3.3034548456783184,16.751373636006505,10.17600746930605
87.7,3.333333360030959,16.768418524205124,10.182188288072538,3.30427328625833,16.749032641930356,10.175666662629856
87.80000000000001,3.3333333592410392,16.767406059061074,10.181809297855173,3.303747567645254,16.74675597982397,10.175272008222839
87.9,3.3333333584744778,16.766403667912193,10.181434063784154,3.3039810543863584,16.744475798407993,10.17483236508584
88.0,3.3333333577306674,16.765411252131734,10.181062549307075,3.3046846461604433,16.74223009314323,10.17435284325788
88.10000000000001,3.3333333570090367,16.764428714381054,10.180694718335886,3.3069706724586583,16.74004202451982,10.173839475439193
88.2,3.3333333563090495,16.763455958609658,10.18033053524689,3.3137550146666794,16.737990137897555,10.173298515928373
88.30000000000001,3.3333333556301503,16.762492889012112,10.179969964527414,3.3073151198141284,16.736297987251913,10.172738630234397
88.4,3.333333354971379,16.761539402792913,10.179612968324886,3.3006834670465404,16.7343007633701,10.172176414075642
88.5,3.333333354332051,16.76059540293087,10.179259510770791,3.294748175812891,16.731991929088725,10.171599933403927
88.60000000000001,3.3333333537115863,16.75966079503672,10.178909556916185,3.29773299998298,16.72940941858848,10.170998385540303
88.7,3.333333353109427,16.75873548573494,10.178563072183533,3.3066747485506482,16.727001974401745,10.17036374570742
88.80000000000001,3.3333333525250364,16.757819382663776,10.17822002236671,3.30474647595514,16.72506569208526,10.169706874897878
88.9,3.333333351957898,16.756912394475208,10.177880373631009,3.2897819426172203,16.723052358962164,10.169049209851094
89.0,3.333333351407517,16.756014430834988,10.177544092513127,3.280311487213665,16.720310932503402,10.168387756899948
89.10000000000001,3.3333333508734193,16.755125402422617,10.177211145921175,3.27663355576006,16.71712339753905,10.16769382997322
89.2,3.3333333503551517,16.754245220931345,10.176881501134678,3.274807161884545,16.713783841351663,10.166953369324807
89.30000000000001,3.3333333498522815,16.753373799068182,10.176555125804573,3.2739800705627395,16.710386361032374,10.166165718368877
89.4,3.3333333493643558,16.752511049705078,10.176231987672809,3.276004676892471,16.706981500950185,10.165334059967945
89.5,3.3333333488908075,16.75165688407345,10.175912053975942,3.2757528796704984,16.703711919785306,10.164463226352712
89.60000000000001,3.3333333484311956,16.75081121649369,10.17559529300746,3.284116899697086,16.700462444570977,10.16356319134945
89.7,3.3333333479851075,16.749973962438432,10.175281673478008,3.281317883858887,16.69766366511012,10.16263815753928
89.80000000000001,3.333333347552146,16.749145038294387,10.174971164436723,3.277424569704697,16.694752922651965,10.161709060175228
89.9,3.3333333471319295,16.74832436136233,10.174663735271212,3.282130507448485,16.69167662191068,10.160771886060441
90.0,3.333333346724093,16.747511849857087,10.174359355707569,3.273954339001546,16.688866381064,10.159820946043181
90.10000000000001,3.333333346328288,16.746707422907562,10.174057995810365,3.2782003355796725,16.685675434203436,10.158868478816805
90.2,3.3333333459441805,16.74591100055672,10.173759625982653,3.280502928796036,16.682728696640385,10.157899425153202
90.30000000000001,3.3333333455714533,16.74512250376159,10.173464216965964,3.2811553327480993,16.679926556113784,10.156925477983881
90.4,3.3333333452098057,16.74434185439326,10.173171739840312,3.292765812869291,16.67718505719005,10.155952982232083
90.5,3.3333333448588873,16.743568973811048,10.172882165349476,3.2900476530747205,16.675051497261617,10.15498418489966
90.60000000000001,3.333333344518293,16.74280378264565,10.172595463798405,3.304376693238347,16.672803364942737,10.154042963038819
90.7,3.333333344187716,16.742046204335438,10.172311606726579,3.30381963876961,16.671294165955228,10.153121510714755
90.80000000000001,3.3333333438668644,16.741296163178223,10.172030565986109,3.296628488455328,16.669772206234157,10.152247072635548
90.9,3.333333343555457,16.74055358429234,10.171752313723328,3.2981718440596444,16.66790590859458,10.151413651676195
91.0,3.333333343253225,16.739818393616623,10.171476822378777,3.2924199164301924,16.666135441711617,10.150602687607647
91.10000000000001,3.3333333429599117,16.739090517910444,10.17120406468721,3.2888927974904036,16.66409508311601,10.149815390353659
91.2,3.333333342675272,16.73836988475367,10.170934013677595,3.292737072635655,16.66189877215937,10.149038200531695
91.30000000000001,3.3333333423990714,16.737656422546696,10.170666642673112,3.2974687701112417,16.659916638069557,10.148263696430837
91.4,3.333333342131089,16.736950060510427,10.170401925291152,3.2946097729691197,16.658190910194424,10.147500126245676
91.5,3.333333341871114,16.736250728679487,10.170139835440885,3.302016378243477,16.656339489740937,10.146756466698989
91.60000000000001,3.3333333416188555,16.73555835575849,10.169880346553944,3.3102766087454962,16.6548769137557,10.146025365315653
91.7,3.3333333413740225,16.734872871036128,10.169623432271328,3.3200522803992127,16.653841975055418,10.145320907818004
91.80000000000001,3.333333341136396,16.734194205970876,10.169369067012456,3.323799016367931,16.653306169324825,10.144657091589904
91.9,3.3333333409057637,16.733522292761837,10.169117225462282,3.3327081261918146,16.652963058449973,10.144049144459322
92.0,3.3333333406819228,16.732857064348742,10.168867882571314,3.320831668701936,16.653068834175066,10.143498264404402
92.10000000000001,3.3333333404646783,16.732198454411957,10.1686210135556,3.31919610108738,16.652579729268414,10.143015758605463
92.2,3.3333333402538434,16.731546397372473,10.16837659389673,3.3141367953481184,16.6520137370301,10.142569868000523
92.30000000000001,3.33333334004924,16.73090082839191,10.168134599341846,3.31546674204199,16.651200439427203,10.14215325182536
92.4,3.333333339850698,16.730261683372518,10.167895005903627,3.312388577581157,16.65046177213503,10.141752607707508
92.5,3.333333339658056,16.729628898957177,10.167657789860304,3.3119660457904034,16.64957658329274,10.141369059697587
92.60000000000001,3.33333333947116,16.729002412529393,10.167422927755647,3.3245109835690903,16.648679119749332,10.140994755108874
92.7,3.3333333392898488,16.72838216163567,10.167190396307175,3.3237022518206008,16.648417877730292,10.140628125456486
92.80000000000001,3.3333333391138877,16.727768081876402,10.16696017207099,3.3266082366671825,16.64811881154402,10.140293724789855
92.9,3.333333338943107,16.727160111459654,10.166732232165437,3.3253409893408437,16.64796803526194,10.139986287254706
93.0,3.3333333387773525,16.726558189608912,10.166506554018076,3.326059612538786,16.647755404376362,10.139708604827796
93.10000000000001,3.3333333386164767,16.725962256205516,10.166283115308858,3.326315876990885,16.647580830959537,10.139454738976339
93.2,3.333333338460338,16.72537225178866,10.166061893970125,3.3293618510378438,16.647420816499487,10.139223439111326
93.30000000000001,3.3333333383088,16.7247881175554,10.16584286818661,3.336851047480482,16.647414700886383,10.139012660443512
93.4,3.333333338161733,16.724209795360643,10.165626016395436,3.3471645505283005,16.647783106251545,10.138826169929146
93.5,3.3333333380190124,16.723637227717166,10.165411317286114,3.3487078233487733,16.648663502715443,10.13867612111007
93.60000000000001,3.3333333378805197,16.72307035779559,10.165198749800554,3.3519752105429745,16.64961225885573,10.1385787519582
93.7,3.3333333377461423,16.722509129424395,10.16498829313305,3.344137247972129,16.65071489679432,10.138530665484764
93.80000000000001,3.3333333376157737,16.72195348708788,10.16477992672955,3.343257349214187,16.651414610224982,10.13853228109939
93.9,3.333333337489271,16.721403374096965,10.164573629627084,3.3489065414755474,16.65206333158344,10.138561697217426
94.0,3.333333337366489,16.72085873405917,10.164369380984619,3.3539162117906267,16.652988025341383,10.13861363858108
94.10000000000001,3.3333333372473177,16.720319512507476,10.164167160671274,3.3546370628982918,16.6541539556775,10.138696522453909
94.2,3.3333333371316507,16.719785655561683,10.163966948782907,3.359603998644243,16.65534426926564,10.138816396972105
94.30000000000001,3.3333333370193863,16.719257109928407,10.163768725642111,3.361919759885327,16.656771026505197,10.138969932130598
94.4,3.333333336910427,16.71873382290109,10.163572471798219,3.368653570420475,16.65829930423441,10.139162667785605
94.5,3.3333333368046794,16.71821574236,10.1633781680273,3.369424031303482,16.66014898971309,10.13939410191911
94.60000000000001,3.3333333367020543,16.717702816772224,10.163185795332165,3.3660916766901976,16.662018701381133,10.139672586208688
94.7,3.333333336602467,16.717194995191665,10.16299533494236,3.367232972997816,16.663703098201832,10.139993444693243
94.80000000000001,3.3333333365058357,16.71669222725906,10.162806768314173,3.347681277556333,16.665427715869704,10.140344331658808
94.9,3.3333333364120854,16.71619446320196,10.162620077130624,3.3496724212507782,16.666157502588824,10.14072335949569
95.0,3.333333336321135,16.71570165343136,10.162435242966199,3.326107659868758,16.666979548625473,10.141087457937699
95.10000000000001,3.333333336232867,16.71521374684248,10.162252245874493,3.3154242904099833,16.666615136132656,10.141442053865946
95.2,3.333333336147196,16.714730694316323,10.162071067298621,3.318818797206326,16.66572019929183,10.14174079384366
95.30000000000001,3.333333336064045,16.714252447564252,10.16189168911086,3.322274394000764,16.665003937159227,10.141968958260115
95.4,3.333333335983341,16.713778958820665,10.161714093357203,3.315254317054795,16.664467617487674,10.142141909621024
95.5,3.3333333359050124,16.71331018084299,10.161538262257357,3.311292958785563,16.663585657165537,10.14227327310176
95.60000000000001,3.3333333358289914,16.712846066911673,10.161364178204748,3.320622232323275,16.66251444853316,10.142354064560482
95.7,3.333333335755214,16.71238657083021,10.16119182376652,3.3179422900097357,16.661920415663992,10.142382601678868
95.80000000000001,3.3333333356836183,16.71193164692511,10.161021181683529,3.3325894949043433,16.66119832600784,10.142384055086053
95.9,3.3333333356141446,16.71148125004593,10.160852234870353,3.332599667839592,16.661215817492977,10.142356455695756
96.0,3.333333335546738,16.711035335565253,10.160684966415284,3.3352023251777885,16.661233642710027,10.142332769188073
96.10000000000001,3.333333335479822,16.710593519379152,10.160519245734353,3.345372267001795,16.661381422541815,10.142312553353921
96.2,3.3333333354168357,16.710156540196166,10.160355318241242,3.345839787236571,16.662036221666487,10.142300602305683
96.30000000000001,3.333333335355602,16.709723883710517,10.160193009797238,3.3391252136635883,16.66270784881165,10.142316234600106
96.4,3.333333335296085,16.70929551130801,10.160032305516891,3.3382574799152804,16.663037031006713,10.142356912020405
96.5,3.3333333352382515,16.708871384374472,10.159873190514748,3.3378845334467897,16.66331953469241,10.142406020926327
96.60000000000001,3.333333335182066,16.70845146429571,10.159715649905358,3.3291166133660695,16.663580566017824,10.142460712533515
96.7,3.3333333351274943,16.70803571245754,10.159559668803269,3.327625090877176,16.66340059102595,10.142519477959796
96.80000000000001,3.3333333350745016,16.70762409024578,10.15940523232303,3.323102303194057,16.66314783965955,10.142564202627469
96.9,3.333333335023054,16.70721655904624,10.159252325579189,3.3292553858693497,16.66267147642266,10.142593610152337
97.0,3.3333333349731156,16.706813080244743,10.159100933686295,3.329596629006294,16.6625075309519,10.142600539353444
97.10000000000001,3.3333333349246534,16.706413615227092,10.158951041758897,3.3279201727762655,16.662362287092694,10.142600103996754
97.2,3.3333333348776315,16.706018125379114,10.158802634911542,3.327411014098735,16.66213467286058,10.142593909572536
97.30000000000001,3.333333334832014,16.70562657203244,10.158655698721898,3.3289998312243685,16.661883876836914,10.142579331770882
97.4,3.333333334787749,16.705238916196315,10.158510221523557,3.3330309118159445,16.661715029629764,10.142556419361465
97.5,3.333333334744794,16.704855119078214,10.158366189955613,3.3267172491668293,16.661749424924263,10.142529420656581
97.60000000000001,3.3333333347031093,16.704475141935553,10.15822359023016,3.3203281530883326,16.66146779313336,10.142506941099281
97.7,3.3333333346626537,16.704098946025756,10.158082408559281,3.3277049133047223,16.660869522856444,10.14247581345689
97.80000000000001,3.3333333346233873,16.703726492606247,10.157942631155068,3.325265918546707,16.660646073293115,10.142424379036505
97.9,3.33333333458527,16.7033577429345,10.157804244229613,3.3165470447954952,16.66030290848752,10.142369994860312
98.0,3.3333333345482736,16.7029926619463,10.157667234369148,3.319857551483992,16.659527231642418,10.142308215713694
98.10000000000001,3.3333333345123752,16.702631215884256,10.157531588292828,3.3231924329114997,16.658924836900194,10.142222602031017
98.2,3.3333333344775413,16.70227336804399,10.157397292420056,3.3138155665999514,16.658495210176767,10.142122859930815
98.30000000000001,3.3333333344437386,16.70191908172112,10.157264333170232,3.315852469406408,16.657601036404998,10.142017544909267
98.4,3.3333333344109333,16.701568320211262,10.157132696962762,3.321029131284983,16.656817649511268,10.141888723785591
98.5,3.333333334379093,16.70122104681004,10.157002370217045,3.323766085171435,16.656300929580404,10.141743564481011
98.60000000000001,3.333333334348186,16.700877225841424,10.156873339509136,3.328050104471769,16.655926224543173,10.141594635558553
98.7,3.333333334318196,16.70053682739537,10.156745592293445,3.3193272237421017,16.655769467521328,10.14144805624695
98.80000000000001,3.3333333342890965,16.70019981792922,10.15661911547101,3.321841088803365,16.65517813403322,10.141312270716325
98.9,3.33333333426086,16.699866163047574,10.156493895812964,3.3202719207294664,16.654718407133057,10.141168639156001
99.0,3.333333334233459,16.699535828355028,10.156369920090448,3.3176103300406146,16.654184819098198,10.141023339014978
99.10000000000001,3.3333333342068654,16.699208779456185,10.156247175074597,3.3235878972506008,16.653523487409245,10.14087360988145
99.2,3.3333333341810514,16.698884981956684,10.156125647537102,3.333236013809806,16.653167647397684,10.140714857371647
99.30000000000001,3.3333333341559985,16.698564405467536,10.156005326373563,3.3445875260709874,16.6532977716142,10.140560351314388
99.4,3.33333333413169,16.69824702080156,10.155886201116859,3.352565475407811,16.653994170201607,10.140429035715993
99.5,3.333333334108103,16.697932795724682,10.155768259684205,3.351294491243325,16.65508250226998,10.140340861846358
99.60000000000001,3.333333334085215,16.697621698002834,10.155651489992819,3.3529864546896833,16.656096401809446,10.140306485037307
99.7,3.3333333340630027,16.69731369540194,10.155535879959915,3.3572466747224916,16.657184760525837,10.140316665781677
99.80000000000001,3.333333334041443,16.697008755687932,10.15542141750271,3.357295671124766,16.658475246656703,10.140369195804338
99.9,3.333333334020515,16.696706847380792,10.155308090927607,3.357403826331389,16.659755277746374,10.140467230597453
100.0,3.3333333340002054,16.69640794322632,10.155195890722055,3.3618915837942986,16.66102791628548,10.140605054974243
