t,N_pred,H_pred,I_pred
0.0,2.7638648,11.161637,8.193216
0.010001,2.7698317,11.179334,8.1986
0.020002,2.7757978,11.197031,8.2039795
0.030003,2.7817621,11.214733,8.20936
0.040004,2.7877283,11.232431,8.214742
0.050005,2.7936947,11.250131,8.220122
0.060006,2.799661,11.267832,8.225501
0.070007004,2.8056273,11.285529,8.230882
0.080008,2.8115933,11.30323,8.236262
0.090009004,2.8175569,11.320928,8.241643
0.10001,2.823525,11.338625,8.247023
0.110011004,2.8294895,11.356327,8.252401
0.120012,2.8354545,11.374024,8.25778
0.130013,2.8414202,11.391725,8.26316
0.14001401,2.8473856,11.409427,8.268539
0.150015,2.8533514,11.427126,8.273917
0.160016,2.8593168,11.444827,8.279297
0.170017,2.8652818,11.462524,8.284675
0.18001801,2.8712468,11.480227,8.290053
0.190019,2.877212,11.497928,8.295431
0.20002,2.8831756,11.515627,8.300809
0.210021,2.8891397,11.533327,8.306189
0.22002201,2.895106,11.55103,8.311566
0.230023,2.9010706,11.568731,8.316943
0.240024,2.9070358,11.586435,8.322321
0.250025,2.9129999,11.6041355,8.327699
0.260026,2.9189634,11.621833,8.333075
0.270027,2.9249296,11.639541,8.338451
0.28002802,2.930893,11.65724,8.343831
0.290029,2.936856,11.674943,8.349205
0.30003,2.9428203,11.69264,8.354582
0.310031,2.948785,11.710348,8.35996
0.320032,2.9547477,11.728051,8.365335
0.330033,2.9607105,11.7457485,8.37071
0.340034,2.9666748,11.763452,8.376086
0.350035,2.9726398,11.781157,8.381462
0.36003602,2.9786024,11.7988615,8.386839
0.370037,2.9845648,11.816559,8.392213
0.380038,2.9905286,11.834266,8.397588
0.390039,2.9964926,11.851971,8.402964
0.40004,3.0024571,11.869678,8.408338
0.410041,3.00842,11.887381,8.4137125
0.420042,3.0143805,11.90508,8.4190855
0.430043,3.0203433,11.922784,8.424461
0.44004402,3.026306,11.940486,8.429834
0.45004502,3.0322695,11.958193,8.435209
0.460046,3.038231,11.975899,8.440582
0.470047,3.0441928,11.993603,8.445955
0.480048,3.0501568,12.011309,8.451329
0.490049,3.0561192,12.029014,8.456702
0.50005,3.06208,12.046721,8.462076
0.510051,3.0680425,12.064425,8.467448
0.520052,3.0740047,12.082131,8.472821
0.530053,3.0799665,12.099838,8.478192
0.540054,3.0859284,12.117542,8.483564
0.550055,3.091889,12.135249,8.488937
0.56005603,3.09785,12.152956,8.4943075
0.57005703,3.103812,12.170661,8.499682
0.580058,3.1097715,12.188369,8.505053
0.590059,3.115735,12.206079,8.510424
0.60006,3.1216948,12.223784,8.515796
0.610061,3.1276555,12.24149,8.521166
0.620062,3.1336155,12.259198,8.526537
0.630063,3.139576,12.276907,8.531906
0.640064,3.1455376,12.294615,8.537277
0.650065,3.151497,12.312321,8.542648
0.660066,3.1574554,12.3300295,8.548016
0.670067,3.1634164,12.347736,8.553387
0.680068,3.1693761,12.365446,8.558756
0.690069,3.1753335,12.383158,8.564126
0.70007,3.1812952,12.400869,8.569496
0.710071,3.187253,12.418576,8.574863
0.72007203,3.1932154,12.436286,8.580233
0.73007303,3.199173,12.453996,8.585601
0.740074,3.2051318,12.471707,8.59097
0.750075,3.2110915,12.489417,8.596337
0.760076,3.21705,12.507128,8.601706
0.770077,3.2230093,12.524839,8.607074
0.780078,3.2289653,12.542545,8.61244
0.790079,3.2349255,12.560261,8.617808
0.80008,3.2408829,12.577968,8.623175
0.810081,3.24684,12.595683,8.628542
0.820082,3.2527986,12.613394,8.633908
0.830083,3.2587569,12.631107,8.639276
0.840084,3.2647133,12.648821,8.644643
0.850085,3.2706702,12.6665325,8.650009
0.860086,3.2766273,12.684242,8.655375
0.870087,3.2825851,12.701954,8.660739
0.88008803,3.2885435,12.71967,8.666105
0.89008904,3.2944994,12.737385,8.671471
0.90009004,3.300455,12.755099,8.676836
0.910091,3.3064122,12.772812,8.6822
0.920092,3.3123686,12.790526,8.687564
0.930093,3.3183243,12.808242,8.692929
0.940094,3.324281,12.8259535,8.698294
0.950095,3.3302357,12.843671,8.703658
0.960096,3.3361928,12.861386,8.709021
0.970097,3.342149,12.8791,8.714384
0.980098,3.3481016,12.896813,8.719747
0.990099,3.354059,12.914536,8.725112
1.0001,3.3600128,12.932252,8.730474
1.010101,3.365968,12.949963,8.735836
1.020102,3.3719213,12.967679,8.7411995
1.030103,3.377877,12.9854,8.746562
1.040104,3.383833,13.003119,8.751925
1.050105,3.3897846,13.020837,8.757286
1.060106,3.3957398,13.038552,8.762648
1.070107,3.4016938,13.056269,8.768008
1.080108,3.407647,13.073989,8.77337
1.090109,3.413599,13.091706,8.77873
1.10011,3.419552,13.109429,8.784091
1.110111,3.425507,13.127147,8.789452
1.1201121,3.4314597,13.144865,8.794812
1.130113,3.4374113,13.162584,8.800172
1.1401141,3.4433644,13.180303,8.805532
1.150115,3.4493172,13.198026,8.81089
1.160116,3.4552698,13.21575,8.816251
1.170117,3.461221,13.233467,8.82161
1.180118,3.4671726,13.251188,8.826968
1.190119,3.4731243,13.268907,8.832328
1.20012,3.4790752,13.286632,8.837685
1.210121,3.4850261,13.30435,8.843044
1.220122,3.4909766,13.322075,8.848402
1.230123,3.49693,13.339799,8.85376
1.240124,3.50288,13.35752,8.8591175
1.250125,3.5088296,13.375246,8.864475
1.260126,3.5147798,13.392968,8.869832
1.270127,3.52073,13.410691,8.875189
1.280128,3.5266814,13.428419,8.880545
1.2901291,3.5326307,13.44614,8.8859005
1.30013,3.5385807,13.463862,8.891256
1.310131,3.5445287,13.48159,8.896611
1.320132,3.5504785,13.499315,8.901968
1.330133,3.5564272,13.517039,8.907323
1.340134,3.5623758,13.534765,8.912679
1.350135,3.5683234,13.552493,8.918035
1.360136,3.5742726,13.570219,8.9233885
1.370137,3.5802207,13.587944,8.928743
1.380138,3.5861685,13.605676,8.934097
1.390139,3.5921154,13.623399,8.939449
1.40014,3.5980637,13.641129,8.944804
1.410141,3.604011,13.658857,8.950158
1.420142,3.609958,13.676586,8.955511
1.430143,3.615904,13.694317,8.960863
1.4401441,3.6218529,13.712048,8.966218
1.450145,3.627799,13.729776,8.971568
1.4601461,3.6337433,13.7475,8.97692
1.470147,3.6396904,13.765234,8.982274
1.480148,3.6456366,13.782964,8.987624
1.490149,3.6515813,13.8006935,8.992976
1.50015,3.657527,13.818427,8.998327
1.510151,3.6634707,13.836154,9.003679
1.520152,3.6694164,13.853889,9.009028
1.530153,3.6753623,13.871622,9.0143795
1.540154,3.6813056,13.889354,9.019729
1.550155,3.6872504,13.907086,9.02508
1.560156,3.693194,13.924819,9.030428
1.570157,3.6991377,13.94255,9.035778
1.580158,3.7050807,13.960286,9.041128
1.590159,3.7110243,13.97802,9.046476
1.60016,3.716968,13.995757,9.051826
1.6101611,3.7229102,14.013489,9.057173
1.620162,3.728853,14.031224,9.062521
1.6301631,3.7347946,14.048962,9.067869
1.640164,3.7407374,14.066697,9.073217
1.650165,3.7466795,14.084431,9.078565
1.660166,3.75262,14.10217,9.083912
1.670167,3.7585635,14.11991,9.089257
1.680168,3.764503,14.137642,9.0946045
1.690169,3.7704434,14.155381,9.099952
1.70017,3.776385,14.1731205,9.105296
1.710171,3.782325,14.190858,9.110642
1.720172,3.788267,14.208597,9.115988
1.730173,3.7942061,14.2263365,9.121333
1.740174,3.800145,14.244077,9.1266775
1.750175,3.8060849,14.261815,9.132022
1.7601761,3.812023,14.279558,9.137367
1.770177,3.8179617,14.297298,9.142712
1.7801781,3.8239005,14.315038,9.148055
1.790179,3.8298392,14.33278,9.1533985
1.8001801,3.8357801,14.350522,9.158743
1.810181,3.841716,14.368261,9.164084
1.820182,3.8476534,14.386005,9.169427
1.830183,3.8535917,14.403748,9.17477
1.840184,3.859528,14.421494,9.180112
1.850185,3.8654654,14.439235,9.185453
1.860186,3.8714025,14.456983,9.190797
1.870187,3.8773398,14.474726,9.196137
1.880188,3.8832746,14.492468,9.201478
1.890189,3.8892126,14.510218,9.20682
1.90019,3.895146,14.527961,9.21216
1.910191,3.9010828,14.545708,9.217501
1.920192,3.907016,14.563453,9.222839
1.9301931,3.9129543,14.581203,9.22818
1.940194,3.9188876,14.598948,9.233519
1.9501951,3.924819,14.616694,9.238859
1.960196,3.9307542,14.634443,9.244198
1.970197,3.9366887,14.652193,9.2495365
1.980198,3.942622,14.669941,9.254874
1.990199,3.9485548,14.687695,9.260213
2.0002,3.9544873,14.705438,9.265549
2.010201,3.9604225,14.723193,9.270888
2.020202,3.9663522,14.740939,9.276226
2.030203,3.9722843,14.758691,9.281562
2.040204,3.9782183,14.776445,9.286899
2.050205,3.9841504,14.794196,9.292234
2.060206,3.99008,14.811945,9.297569
2.070207,3.9960117,14.8297,9.302905
2.080208,4.0019426,14.847456,9.308241
2.090209,4.007874,14.865208,9.313576
2.10021,4.013802,14.882963,9.318911
2.1102111,4.0197315,14.900717,9.324246
2.120212,4.0256643,14.918474,9.329581
2.130213,4.0315905,14.936225,9.334914
2.140214,4.0375214,14.953985,9.340248
2.150215,4.0434504,14.971738,9.34558
2.160216,4.049379,14.989494,9.350914
2.170217,4.0553064,15.00725,9.356247
2.180218,4.0612335,15.02501,9.36158
2.190219,4.067162,15.042766,9.366912
2.20022,4.07309,15.060525,9.372244
2.210221,4.0790153,15.078284,9.377575
2.220222,4.084943,15.096042,9.382906
2.230223,4.0908694,15.113801,9.388237
2.2402241,4.0967956,15.131563,9.393568
2.250225,4.1027217,15.149324,9.398899
2.260226,4.108648,15.167088,9.404229
2.270227,4.1145735,15.184845,9.409558
2.2802281,4.1204967,15.202605,9.414888
2.290229,4.1264215,15.220371,9.420218
2.30023,4.1323457,15.238132,9.425546
2.310231,4.138271,15.255899,9.430875
2.320232,4.144195,15.2736635,9.436204
2.330233,4.1501164,15.291423,9.441531
2.340234,4.1560407,15.309188,9.446857
2.350235,4.1619635,15.326953,9.452186
2.360236,4.1678834,15.344718,9.457512
2.370237,4.173809,15.362486,9.46284
2.380238,4.1797304,15.380253,9.468166
2.390239,4.185651,15.398021,9.473493
2.40024,4.191571,15.415786,9.478818
2.4102411,4.197494,15.4335575,9.484142
2.420242,4.203415,15.451324,9.489468
2.430243,4.2093363,15.469096,9.494793
2.440244,4.215254,15.486866,9.500119
2.4502451,4.2211733,15.504633,9.505442
2.460246,4.2270947,15.522401,9.510766
2.470247,4.2330117,15.540171,9.516089
2.480248,4.238931,15.557946,9.521412
2.490249,4.2448506,15.575717,9.526735
2.50025,4.250768,15.593489,9.532058
2.510251,4.2566853,15.6112585,9.537382
2.520252,4.2626038,15.629036,9.542703
2.530253,4.268522,15.6468115,9.548024
2.540254,4.274436,15.66458,9.553345
2.550255,4.280354,15.682358,9.558666
2.560256,4.2862673,15.700131,9.563988
2.570257,4.2921834,15.717905,9.569307
2.5802581,4.2981,15.735686,9.574629
2.590259,4.3040166,15.753462,9.579947
2.60026,4.3099294,15.771239,9.585267
2.610261,4.315844,15.789013,9.590587
2.620262,4.3217583,15.806796,9.595905
2.630263,4.327673,15.8245735,9.601224
2.640264,4.3335867,15.842349,9.606541
2.650265,4.339499,15.860133,9.611859
2.660266,4.345411,15.877911,9.617177
2.670267,4.351324,15.89569,9.622494
2.680268,4.3572364,15.913477,9.6278105
2.690269,4.363147,15.931254,9.633126
2.70027,4.3690586,15.9490385,9.638443
2.7102711,4.3749685,15.966818,9.643758
2.720272,4.380881,15.984605,9.649074
2.730273,4.3867917,16.00239,9.654388
2.740274,4.392701,16.020174,9.659704
2.7502751,4.398611,16.037962,9.66502
2.760276,4.4045196,16.055742,9.670331
2.770277,4.4104295,16.073528,9.675646
2.780278,4.416337,16.09131,9.680959
2.790279,4.422246,16.109104,9.686274
2.80028,4.4281535,16.12689,9.6915865
2.810281,4.4340606,16.144676,9.696898
2.820282,4.4399676,16.162464,9.70221
2.830283,4.445875,16.180254,9.707522
2.840284,4.451782,16.198044,9.712833
2.850285,4.457688,16.215836,9.718145
2.860286,4.463593,16.233624,9.723455
2.870287,4.4694986,16.251421,9.728766
2.8802881,4.475403,16.269207,9.734076
2.890289,4.4813094,16.287004,9.739386
2.90029,4.4872127,16.304794,9.744696
2.910291,4.4931164,16.322588,9.750004
2.9202921,4.49902,16.340384,9.755312
2.930293,4.5049233,16.35818,9.76062
2.940294,4.5108256,16.375975,9.765929
2.950295,4.51673,16.393766,9.771237
2.960296,4.522631,16.411566,9.776544
2.970297,4.528534,16.429358,9.781851
2.980298,4.5344343,16.447157,9.787157
2.990299,4.5403337,16.464954,9.792463
3.0003,4.546234,16.482752,9.797769
3.010301,4.5521355,16.500553,9.803077
3.020302,4.5580363,16.51835,9.80838
3.030303,4.5639367,16.536152,9.813685
3.040304,4.5698333,16.55395,9.818989
3.0503051,4.575733,16.571754,9.824294
3.060306,4.581631,16.589556,9.829598
3.070307,4.5875273,16.607355,9.834901
3.080308,4.5934267,16.625158,9.840204
3.0903091,4.5993237,16.642967,9.845508
3.10031,4.605221,16.660767,9.850809
3.110311,4.611116,16.678574,9.856112
3.120312,4.617014,16.696379,9.861413
3.130313,4.6229076,16.714182,9.866713
3.140314,4.6288037,16.731995,9.872016
3.150315,4.634699,16.7498,9.877317
3.160316,4.640595,16.767605,9.882616
3.170317,4.6464863,16.785414,9.887917
3.180318,4.6523805,16.803223,9.893215
3.190319,4.658274,16.82103,9.898514
3.20032,4.664168,16.838842,9.903813
3.210321,4.6700587,16.856653,9.909111
3.2203221,4.6759515,16.87446,9.91441
3.230323,4.6818438,16.892273,9.919707
3.240324,4.6877346,16.910088,9.925005
3.250325,4.6936264,16.927896,9.930302
3.2603261,4.6995173,16.945713,9.935598
3.270327,4.7054067,16.963524,9.940895
3.280328,4.711296,16.981344,9.94619
3.290329,4.7171855,16.999155,9.951486
3.30033,4.7230763,17.016975,9.95678
3.310331,4.728963,17.03479,9.962075
3.320332,4.734851,17.052607,9.967371
3.330333,4.7407384,17.070425,9.972665
3.340334,4.746625,17.08824,9.977957
3.3503351,4.752513,17.10606,9.983251
3.360336,4.7584,17.12388,9.9885435
3.370337,4.764287,17.141699,9.993836
3.380338,4.770172,17.159523,9.999127
3.3903391,4.776057,17.177343,10.00442
3.40034,4.781942,17.195164,10.00971
3.410341,4.787828,17.212988,10.015003
3.420342,4.793711,17.230812,10.020294
3.4303432,4.799595,17.24863,10.025584
3.440344,4.8054776,17.266462,10.030873
3.450345,4.811359,17.284285,10.036163
3.460346,4.817243,17.30211,10.041451
3.470347,4.8231244,17.319935,10.0467415
3.480348,4.8290057,17.337765,10.052029
3.490349,4.8348866,17.355593,10.057318
3.50035,4.840767,17.373419,10.062606
3.510351,4.846647,17.391245,10.067892
3.5203521,4.852526,17.409077,10.073178
3.530353,4.858407,17.426908,10.078465
3.540354,4.864286,17.444736,10.083751
3.550355,4.8701653,17.462568,10.089036
3.5603561,4.8760433,17.480404,10.094322
3.570357,4.88192,17.498232,10.099606
3.580358,4.887798,17.516071,10.104891
3.590359,4.893676,17.5339,10.110176
3.6003602,4.8995514,17.551737,10.115459
3.610361,4.905427,17.569569,10.120742
3.620362,4.9113016,17.587404,10.126025
3.630363,4.9171777,17.60524,10.131309
3.640364,4.9230514,17.623081,10.13659
3.650365,4.928928,17.640919,10.141872
3.660366,4.9347997,17.658754,10.147155
3.670367,4.9406734,17.676592,10.152435
3.680368,4.946547,17.694437,10.157716
3.6903691,4.9524198,17.712276,10.162994
3.70037,4.958289,17.730116,10.168275
3.710371,4.9641623,17.747957,10.173555
3.720372,4.9700327,17.7658,10.178834
3.7303731,4.975906,17.783644,10.184113
3.740374,4.9817724,17.801485,10.189391
3.750375,4.987644,17.81933,10.194669
3.760376,4.993514,17.837177,10.199945
3.770377,4.999383,17.85502,10.205222
3.780378,5.0052514,17.872868,10.210501
3.790379,5.0111194,17.890713,10.2157755
3.80038,5.0169873,17.908564,10.221051
3.810381,5.022853,17.92641,10.226327
3.820382,5.0287185,17.944262,10.231603
3.830383,5.034587,17.962109,10.2368765
3.840384,5.0404525,17.979958,10.242151
3.850385,5.046317,17.997808,10.247424
3.8603861,5.0521827,18.015665,10.252698
3.870387,5.058048,18.033518,10.257973
3.880388,5.063912,18.05137,10.263244
3.890389,5.0697722,18.069221,10.268517
3.9003901,5.075638,18.087078,10.273788
3.910391,5.0815,18.104933,10.279058
3.920392,5.087362,18.12279,10.28433
3.930393,5.093223,18.140646,10.289603
3.940394,5.0990844,18.1585,10.294869
3.950395,5.104946,18.176363,10.300141
3.960396,5.1108065,18.194214,10.30541
3.970397,5.1166654,18.212078,10.31068
3.980398,5.1225247,18.229939,10.3159485
3.9903991,5.128384,18.247797,10.321217
4.0004,5.1342416,18.26566,10.326483
4.0104012,5.1400995,18.28352,10.331751
4.020402,5.1459575,18.301384,10.337018
4.030403,5.151813,18.319246,10.342284
4.040404,5.1576695,18.33711,10.347549
4.050405,5.163526,18.354977,10.352817
4.060406,5.1693816,18.37284,10.358081
4.070407,5.1752367,18.390705,10.363345
4.080408,5.1810923,18.408575,10.368611
4.0904093,5.1869454,18.426441,10.373876
4.10041,5.192799,18.444311,10.379137
4.110411,5.1986527,18.462181,10.384401
4.120412,5.2045045,18.48005,10.389664
4.130413,5.2103577,18.497917,10.394927
4.140414,5.216208,18.515793,10.400189
4.150415,5.2220607,18.533665,10.40545
4.160416,5.22791,18.551537,10.410711
4.170417,5.2337613,18.56941,10.415973
4.180418,5.2396083,18.587278,10.42123
4.190419,5.2454605,18.60516,10.426492
4.20042,5.2513084,18.623034,10.431751
4.210421,5.2571573,18.640915,10.437009
4.2204223,5.263004,18.658787,10.442268
4.230423,5.268853,18.676666,10.447527
4.240424,5.2746983,18.694546,10.4527855
4.250425,5.2805448,18.712423,10.458041
4.260426,5.2863913,18.730297,10.463297
4.270427,5.2922373,18.748182,10.468555
4.280428,5.298082,18.766064,10.47381
4.290429,5.303925,18.783949,10.479067
4.30043,5.3097696,18.801832,10.484322
4.310431,5.315613,18.819714,10.489576
4.320432,5.3214555,18.837599,10.494829
4.330433,5.3272977,18.855486,10.500084
4.340434,5.333142,18.873373,10.505337
4.3504353,5.33898,18.891254,10.51059
4.360436,5.3448215,18.909143,10.5158415
4.370437,5.3506618,18.927032,10.521094
4.380438,5.356503,18.94492,10.526347
4.390439,5.3623424,18.962809,10.531596
4.40044,5.3681808,18.9807,10.536849
4.410441,5.374018,18.99859,10.542097
4.420442,5.379856,19.01648,10.547348
4.430443,5.385693,19.034374,10.552599
4.440444,5.3915315,19.05227,10.557845
4.450445,5.3973684,19.070166,10.563096
4.460446,5.4032035,19.088055,10.568344
4.470447,5.409039,19.105953,10.57359
4.4804482,5.4148726,19.123846,10.578838
4.490449,5.4207063,19.141747,10.584084
4.50045,5.426542,19.159647,10.589329
4.510451,5.4323745,19.177542,10.594578
4.520452,5.438208,19.195446,10.599824
4.530453,5.44404,19.213345,10.605068
4.540454,5.44987,19.231247,10.6103115
4.550455,5.4557023,19.249146,10.615557
4.5604563,5.4615326,19.26705,10.620801
4.570457,5.4673615,19.28495,10.626043
4.580458,5.473192,19.302856,10.631287
4.590459,5.479022,19.320766,10.636529
4.60046,5.4848495,19.338663,10.641771
4.610461,5.4906774,19.356575,10.647014
4.620462,5.4965057,19.374477,10.652255
4.630463,5.5023317,19.392385,10.6574955
4.640464,5.508158,19.4103,10.662733
4.650465,5.513984,19.428204,10.667973
4.660466,5.519811,19.446117,10.673215
4.670467,5.5256352,19.464025,10.678452
4.680468,5.5314593,19.48194,10.683691
4.6904693,5.537282,19.499853,10.688929
4.70047,5.543106,19.517761,10.694165
4.710471,5.5489287,19.535679,10.699403
4.720472,5.554751,19.553595,10.704638
4.730473,5.560574,19.571512,10.709875
4.740474,5.5663934,19.58943,10.715111
4.750475,5.572215,19.607344,10.720345
4.760476,5.578035,19.625263,10.725579
4.770477,5.583854,19.64318,10.730815
4.780478,5.5896735,19.6611,10.736048
4.790479,5.595492,19.679022,10.741283
4.80048,5.6013083,19.696943,10.746515
4.810481,5.6071286,19.714867,10.751748
4.8204823,5.612944,19.732784,10.756979
4.830483,5.6187587,19.75071,10.762209
4.840484,5.624576,19.768635,10.767443
4.850485,5.630391,19.78656,10.772671
4.860486,5.636205,19.80449,10.777903
4.870487,5.64202,19.822414,10.783133
4.880488,5.647834,19.840343,10.7883625
4.890489,5.6536455,19.858269,10.793589
4.9004903,5.6594586,19.876198,10.798817
4.910491,5.66527,19.894127,10.804046
4.920492,5.671081,19.912058,10.809272
4.930493,5.6768923,19.929993,10.8145
4.940494,5.6827025,19.947922,10.819726
4.9504952,5.6885114,19.965858,10.82495
4.960496,5.6943216,19.983791,10.830178
4.970497,5.700129,20.001728,10.835403
4.980498,5.705937,20.019663,10.840628
4.990499,5.711746,20.037601,10.845851
5.0005,5.7175527,20.055534,10.851074
5.010501,5.7233577,20.073475,10.856297
5.020502,5.729163,20.091413,10.861521
5.0305033,5.7349687,20.109352,10.866742
5.040504,5.7407727,20.127298,10.871964
5.050505,5.7465787,20.145237,10.877185
5.060506,5.7523828,20.163181,10.882406
5.070507,5.7581844,20.181122,10.887625
5.080508,5.7639875,20.199066,10.892846
5.090509,5.7697887,20.217016,10.898065
5.10051,5.7755914,20.234964,10.903285
5.110511,5.781389,20.252907,10.908504
5.120512,5.7871923,20.270853,10.913721
5.130513,5.79299,20.288803,10.918939
5.140514,5.7987895,20.30675,10.924155
5.150515,5.804588,20.324701,10.929372
5.1605163,5.810386,20.342651,10.934588
5.170517,5.816184,20.360605,10.939802
5.180518,5.821981,20.378555,10.945017
5.190519,5.8277764,20.396511,10.9502325
5.20052,5.833571,20.414463,10.955446
5.210521,5.8393664,20.432419,10.96066
5.220522,5.84516,20.450373,10.965873
5.230523,5.8509555,20.468334,10.9710865
5.240524,5.856749,20.48629,10.976298
5.250525,5.862542,20.504244,10.981508
5.260526,5.868333,20.522205,10.98672
5.270527,5.8741255,20.540169,10.991931
5.280528,5.8799167,20.558126,10.99714
5.2905293,5.885706,20.576092,11.002352
5.30053,5.8914948,20.594051,11.007561
5.310531,5.897285,20.612013,11.01277
5.320532,5.9030743,20.629978,11.017978
5.330533,5.908862,20.64795,11.023187
5.340534,5.914648,20.665915,11.028392
5.350535,5.9204364,20.68388,11.033599
5.360536,5.9262214,20.701847,11.038804
5.3705373,5.9320073,20.719814,11.044011
5.380538,5.9377933,20.737787,11.049216
5.390539,5.943577,20.755754,11.054421
5.40054,5.949359,20.773727,11.059626
5.410541,5.9551435,20.791702,11.06483
5.4205422,5.960926,20.809673,11.070032
5.430543,5.9667096,20.827648,11.075234
5.440544,5.972491,20.845623,11.080438
5.450545,5.978272,20.863602,11.08564
5.460546,5.9840536,20.881577,11.090842
5.470547,5.9898305,20.899551,11.096043
5.480548,5.99561,20.917528,11.101242
5.490549,6.001389,20.935509,11.106442
5.5005503,6.0071683,20.953493,11.111641
5.510551,6.0129433,20.97147,11.116839
5.520552,6.0187216,20.989454,11.122038
5.530553,6.024498,21.007437,11.127236
5.540554,6.0302734,21.025421,11.132436
5.550555,6.0360475,21.043402,11.1376295
5.560556,6.0418215,21.06139,11.142827
5.570557,6.0475945,21.079374,11.148023
5.580558,6.053369,21.097363,11.153218
5.590559,6.059141,21.115353,11.158412
5.60056,6.064914,21.13334,11.163607
5.610561,6.0706854,21.151327,11.168802
5.620562,6.076455,21.16932,11.173995
5.6305633,6.0822263,21.187313,11.179188
5.640564,6.087996,21.205305,11.18438
5.650565,6.093764,21.2233,11.189571
5.660566,6.099533,21.241295,11.194763
5.670567,6.1052995,21.259287,11.199953
5.680568,6.1110682,21.277283,11.205145
5.690569,6.116832,21.295284,11.210335
5.70057,6.1226006,21.313282,11.215525
5.7105713,6.1283646,21.331284,11.220715
5.720572,6.134129,21.34928,11.225901
5.730573,6.139892,21.367283,11.231088
5.740574,6.145655,21.385284,11.236276
5.750575,6.1514196,21.403286,11.241463
5.7605762,6.1571813,21.421291,11.246651
5.770577,6.162943,21.439293,11.251835
5.780578,6.168703,21.4573,11.257021
5.790579,6.174463,21.475304,11.262203
5.80058,6.180223,21.493305,11.267386
5.810581,6.1859827,21.511318,11.272573
5.820582,6.19174,21.529324,11.277757
5.830583,6.1974993,21.547338,11.282938
5.8405843,6.2032566,21.565353,11.288123
5.850585,6.2090125,21.583363,11.293303
5.860586,6.214768,21.601376,11.298484
5.870587,6.220524,21.619387,11.303664
5.880588,6.2262774,21.6374,11.308843
5.890589,6.232033,21.655418,11.314025
5.90059,6.2377853,21.673433,11.319204
5.910591,6.2435374,21.691448,11.324381
5.920592,6.24929,21.70947,11.32956
5.930593,6.2550426,21.727488,11.334737
5.940594,6.260792,21.745504,11.339914
5.950595,6.266542,21.763529,11.345091
5.960596,6.272292,21.781551,11.350268
5.9705973,6.2780414,21.79957,11.355442
5.980598,6.283788,21.817595,11.360616
5.990599,6.2895384,21.835619,11.365791
6.0006,6.2952847,21.853647,11.370965
6.010601,6.3010297,21.871675,11.376138
6.020602,6.3067765,21.889702,11.381312
6.030603,6.312522,21.907726,11.386482
6.040604,6.318266,21.925758,11.391654
6.0506053,6.3240104,21.943794,11.396826
6.060606,6.329754,21.961824,11.401997
6.070607,6.335495,21.979853,11.4071665
6.080608,6.341237,21.997889,11.412337
6.090609,6.3469777,22.01592,11.417506
6.1006103,6.3527193,22.033955,11.422673
6.110611,6.358459,22.051994,11.427843
6.120612,6.364199,22.07003,11.43301
6.130613,6.369937,22.088068,11.438177
6.140614,6.3756747,22.10611,11.443344
6.150615,6.3814106,22.12415,11.448509
6.160616,6.387149,22.142187,11.453673
6.170617,6.3928857,22.160227,11.458839
6.1806183,6.3986216,22.17827,11.464005
6.190619,6.404355,22.196316,11.469167
6.20062,6.4100885,22.214357,11.474332
6.210621,6.4158216,22.232403,11.479494
6.220622,6.421555,22.25045,11.484656
6.2306232,6.4272876,22.268497,11.489819
6.240624,6.4330187,22.286547,11.494979
6.250625,6.4387484,22.304596,11.50014
6.260626,6.44448,22.322645,11.5053
6.270627,6.4502096,22.340698,11.510459
6.280628,6.455939,22.358755,11.515617
6.290629,6.4616685,22.376804,11.520776
6.30063,6.467395,22.39486,11.525934
6.3106313,6.47312,22.412916,11.531093
6.320632,6.478849,22.430973,11.536249
6.330633,6.484573,22.449026,11.541405
6.340634,6.490297,22.467087,11.546559
6.350635,6.496021,22.485146,11.551717
6.360636,6.5017447,22.503206,11.5568695
6.370637,6.507468,22.521265,11.562024
6.380638,6.513191,22.539326,11.567178
6.390639,6.5189114,22.557386,11.572331
6.40064,6.5246315,22.575455,11.577484
6.410641,6.530354,22.593517,11.582636
6.420642,6.5360727,22.611582,11.587788
6.430643,6.5417924,22.629648,11.592937
6.4406443,6.54751,22.647718,11.598088
6.450645,6.5532284,22.665789,11.603237
6.460646,6.5589447,22.683855,11.608387
6.470647,6.5646586,22.701925,11.613537
6.480648,6.570376,22.719997,11.618684
6.490649,6.576091,22.738075,11.623834
6.50065,6.5818033,22.75615,11.628979
6.510651,6.5875177,22.77422,11.634127
6.5206523,6.593232,22.7923,11.639271
6.530653,6.5989437,22.810373,11.644416
6.540654,6.604656,22.828453,11.649563
6.550655,6.6103663,22.84653,11.654706
6.560656,6.6160755,22.86461,11.65985
6.5706573,6.6217847,22.88269,11.664994
6.580658,6.6274953,22.900772,11.6701355
6.590659,6.6332016,22.918856,11.675278
6.60066,6.6389093,22.936941,11.680419
6.610661,6.6446166,22.95502,11.685559
6.620662,6.6503215,22.973103,11.690698
6.630663,6.6560287,22.991198,11.69584
6.640664,6.661732,23.009283,11.70098
6.6506653,6.6674376,23.027372,11.70612
6.660666,6.6731386,23.045464,11.711257
6.670667,6.678841,23.063553,11.716395
6.680668,6.6845446,23.081642,11.721533
6.690669,6.690245,23.099737,11.726668
6.7006702,6.6959457,23.11783,11.731805
6.710671,6.701645,23.135925,11.736938
6.720672,6.707345,23.154018,11.742074
6.730673,6.7130437,23.172115,11.747209
6.740674,6.718742,23.190216,11.752342
6.750675,6.7244377,23.208313,11.757475
6.760676,6.730136,23.226416,11.762608
6.770677,6.73583,23.244516,11.76774
6.7806783,6.741524,23.262619,11.772871
6.790679,6.7472205,23.28072,11.778003
6.80068,6.752914,23.298822,11.783133
6.810681,6.758605,23.316925,11.788263
6.820682,6.764297,23.335035,11.793393
6.830683,6.7699914,23.353144,11.798521
6.840684,6.775681,23.37125,11.803651
6.850685,6.7813725,23.389359,11.808776
6.8606863,6.7870603,23.407467,11.813905
6.870687,6.7927485,23.425581,11.81903
6.880688,6.798437,23.44369,11.824157
6.890689,6.804124,23.461798,11.82928
6.90069,6.8098106,23.479916,11.834405
6.9106913,6.815498,23.498032,11.839532
6.920692,6.8211827,23.516151,11.844654
6.930693,6.826868,23.534266,11.849777
6.940694,6.832551,23.552385,11.854899
6.950695,6.838234,23.570503,11.860023
6.960696,6.843916,23.588625,11.865146
6.970697,6.8495984,23.606743,11.870263
6.980698,6.855279,23.624865,11.875383
6.9906993,6.8609605,23.642992,11.880505
7.0007,6.8666368,23.661108,11.885621
7.010701,6.8723183,23.67924,11.890741
7.020702,6.877995,23.697361,11.895859
7.030703,6.8836727,23.715492,11.900977
7.0407043,6.8893495,23.733622,11.906095
7.050705,6.8950267,23.751753,11.91121
7.060706,6.900701,23.76988,11.916326
7.070707,6.906376,23.788013,11.921439
7.080708,6.91205,23.806143,11.926554
7.090709,6.9177217,23.824278,11.931667
7.10071,6.9233947,23.842407,11.936782
7.110711,6.929066,23.860544,11.941895
7.1207123,6.934738,23.878683,11.947007
7.130713,6.9404078,23.896822,11.952118
7.140714,6.946079,23.914959,11.957228
7.150715,6.9517446,23.9331,11.96234
7.160716,6.9574137,23.951242,11.967448
7.1707172,6.9630823,23.969385,11.972559
7.180718,6.9687476,23.987526,11.977667
7.190719,6.974415,24.00567,11.982778
7.2007203,6.9800806,24.023815,11.987883
7.210721,6.9857445,24.041962,11.9929905
7.220722,6.991409,24.06011,11.998096
7.230723,6.997072,24.078257,12.003202
7.240724,7.0027337,24.096405,12.0083065
7.2507253,7.0083966,24.114557,12.013412
7.260726,7.0140567,24.132706,12.018516
7.270727,7.019718,24.150862,12.02362
7.280728,7.025376,24.169012,12.028724
7.290729,7.031035,24.187172,12.033824
7.30073,7.0366936,24.205326,12.038925
7.310731,7.0423493,24.223478,12.044027
7.320732,7.0480075,24.24164,12.0491295
7.3307333,7.053664,24.259798,12.054229
7.340734,7.059318,24.277958,12.059327
7.350735,7.0649724,24.296114,12.064426
7.360736,7.0706263,24.314283,12.069524
7.370737,7.0762787,24.332443,12.074622
7.3807383,7.081929,24.350605,12.079718
7.390739,7.0875835,24.368773,12.084814
7.40074,7.093232,24.38694,12.089912
7.410741,7.098884,24.405104,12.095007
7.420742,7.1045294,24.423273,12.1001
7.430743,7.1101813,24.441446,12.105195
7.440744,7.115829,24.459614,12.110288
7.450745,7.1214757,24.477787,12.115382
7.4607463,7.127121,24.49596,12.120474
7.470747,7.1327662,24.514132,12.125565
7.480748,7.1384115,24.532305,12.130656
7.490749,7.144055,24.55048,12.135746
7.50075,7.1496983,24.56866,12.140836
7.5107512,7.155343,24.586843,12.1459255
7.520752,7.1609826,24.605015,12.151015
7.530753,7.1666255,24.623201,12.156103
7.540754,7.1722655,24.641378,12.161191
7.550755,7.177905,24.659561,12.166277
7.560756,7.183544,24.677748,12.171364
7.570757,7.18918,24.695929,12.176449
7.580758,7.1948185,24.714115,12.181534
7.5907593,7.200455,24.732304,12.18662
7.60076,7.2060933,24.75049,12.191703
7.610761,7.211726,24.768679,12.196787
7.620762,7.2173605,24.786867,12.20187
7.630763,7.2229934,24.80506,12.20695
7.640764,7.228627,24.823254,12.212031
7.650765,7.2342606,24.841442,12.217114
7.660766,7.239892,24.859636,12.222196
7.6707673,7.245522,24.877838,12.227274
7.680768,7.251152,24.89603,12.232352
7.690769,7.25678,24.914228,12.237432
7.70077,7.2624083,24.932425,12.24251
7.710771,7.2680373,24.950624,12.247587
7.7207723,7.2736635,24.96883,12.252664
7.730773,7.2792897,24.987032,12.257741
7.740774,7.2849174,25.005232,12.262815
7.750775,7.290541,25.023438,12.26789
7.760776,7.296163,25.041641,12.2729645
7.770777,7.3017864,25.059849,12.27804
7.780778,7.3074107,25.078058,12.283112
7.790779,7.313032,25.096262,12.288184
7.8007803,7.3186545,25.114475,12.293255
7.810781,7.3242707,25.132685,12.298326
7.820782,7.329891,25.150898,12.303399
7.830783,7.335511,25.16911,12.308468
7.840784,7.341127,25.187323,12.313536
7.8507853,7.3467464,25.205538,12.318604
7.860786,7.3523602,25.223755,12.323675
7.870787,7.3579764,25.24197,12.328744
7.880788,7.3635893,25.260187,12.333809
7.890789,7.3692055,25.278406,12.338876
7.90079,7.374819,25.296629,12.343942
7.910791,7.3804297,25.314854,12.349007
7.920792,7.3860416,25.33307,12.354072
7.9307933,7.391655,25.3513,12.359136
7.940794,7.397265,25.369528,12.3642
7.950795,7.4028726,25.387749,12.369262
7.960796,7.4084797,25.405975,12.374323
7.970797,7.4140887,25.424204,12.379384
7.9807982,7.4196987,25.442434,12.384446
7.990799,7.425302,25.460665,12.389504
8.0008,7.4309087,25.478895,12.394566
8.010801,7.436513,25.49713,12.399623
8.0208025,7.442117,25.515364,12.404684
8.030803,7.4477205,25.533598,12.40974
8.040804,7.453324,25.551834,12.414799
8.050805,7.458925,25.57007,12.419855
8.060806,7.464525,25.588312,12.4249115
8.070807,7.4701247,25.606552,12.429968
8.080808,7.475725,25.624788,12.435021
8.090809,7.481324,25.643032,12.440075
8.10081,7.4869223,25.661276,12.445128
8.110811,7.4925194,25.679518,12.450182
8.120812,7.498115,25.697765,12.455234
8.130813,7.503712,25.716011,12.460286
8.140814,7.5093045,25.734257,12.465336
8.150815,7.5148993,25.752504,12.4703865
8.160816,7.520493,25.77076,12.475435
8.170817,7.526084,25.789003,12.480486
8.180819,7.5316763,25.80726,12.485536
8.190819,7.5372667,25.825512,12.490584
8.20082,7.5428567,25.843767,12.495629
8.210821,7.5484467,25.862024,12.500677
8.220822,7.5540357,25.88028,12.505723
8.2308235,7.5596213,25.898537,12.510767
8.240824,7.5652084,25.916792,12.515813
8.250825,7.5707974,25.935053,12.520858
8.260826,7.5763817,25.953314,12.525901
8.270827,7.5819654,25.971579,12.530942
8.280828,7.5875506,25.989843,12.535986
8.290829,7.593132,26.0081,12.541027
8.30083,7.5987153,26.026375,12.546068
8.310831,7.6042953,26.044638,12.551107
8.320832,7.609876,26.062904,12.556148
8.330833,7.615456,26.081175,12.561188
8.340834,7.621036,26.099442,12.566229
8.350835,7.6266146,26.117714,12.571265
8.360836,7.6321907,26.135984,12.576301
8.370837,7.637769,26.154263,12.581338
8.380838,7.643346,26.172539,12.586374
8.390839,7.648919,26.190811,12.59141
8.40084,7.654495,26.209087,12.596445
8.410841,7.6600676,26.227367,12.6014805
8.420842,7.665642,26.245644,12.606513
8.430843,7.671212,26.263924,12.611545
8.440845,7.676784,26.282207,12.616577
8.450845,7.6823554,26.300488,12.621609
8.460846,7.6879234,26.318775,12.62664
8.470847,7.693492,26.337057,12.631673
8.480848,7.69906,26.355341,12.636702
8.4908495,7.7046275,26.37363,12.64173
8.50085,7.710194,26.391918,12.64676
8.510851,7.7157583,26.410206,12.651785
8.520852,7.7213244,26.4285,12.656814
8.530853,7.7268887,26.446795,12.6618395
8.540854,7.73245,26.465082,12.666866
8.550855,7.7380114,26.483374,12.671891
8.560856,7.743576,26.501675,12.676915
8.570857,7.7491355,26.519974,12.681941
8.580858,7.754696,26.538265,12.686963
8.590859,7.7602563,26.556566,12.691986
8.60086,7.765812,26.574862,12.697007
8.610861,7.771372,26.593168,12.702029
8.620862,7.7769275,26.611462,12.707048
8.630863,7.782482,26.62977,12.71207
8.640864,7.788041,26.648077,12.717092
8.650866,7.7935944,26.666384,12.722111
8.660866,7.799146,26.684689,12.727125
8.670867,7.8046994,26.702997,12.732144
8.680868,7.8102527,26.721308,12.737163
8.690869,7.815802,26.739616,12.742178
8.7008705,7.8213525,26.75793,12.747194
8.710871,7.826903,26.77624,12.752209
8.720872,7.8324504,26.794552,12.757223
8.730873,7.838,26.812868,12.762238
8.740874,7.843547,26.831186,12.76725
8.750875,7.849096,26.849503,12.772264
8.760876,7.8546386,26.867817,12.777275
8.770877,7.860183,26.886139,12.782287
8.780878,7.8657265,26.904463,12.787296
8.790879,7.871271,26.922777,12.792305
8.80088,7.876813,26.941105,12.797316
8.810881,7.8823547,26.959427,12.802324
8.820882,7.8878946,26.977755,12.807332
8.830883,7.893435,26.996077,12.812339
8.840884,7.8989754,27.01441,12.817347
8.850885,7.904512,27.032736,12.822353
8.860886,7.9100485,27.051064,12.827358
8.870887,7.9155874,27.069397,12.832362
8.880888,7.921121,27.087729,12.837367
8.890889,7.9266577,27.106064,12.842371
8.90089,7.932193,27.124395,12.847373
8.910892,7.9377236,27.14273,12.852376
8.920892,7.943259,27.16107,12.857377
8.930893,7.9487877,27.179407,12.862377
8.940894,7.9543195,27.197746,12.867378
8.950895,7.9598475,27.216087,12.872377
8.9608965,7.9653797,27.234436,12.877377
8.970897,7.9709067,27.252771,12.882374
8.980898,7.9764347,27.271116,12.887373
8.990899,7.9819603,27.289463,12.892368
9.0009,7.987486,27.307804,12.897367
9.010901,7.99301,27.326157,12.902361
9.020902,7.998537,27.344501,12.907353
9.030903,8.00406,27.362856,12.912351
9.040904,8.009584,27.381205,12.917343
9.050905,8.015105,27.399563,12.922338
9.060906,8.020628,27.417913,12.927332
9.070907,8.026145,27.436266,12.932322
9.080908,8.031667,27.454622,12.937312
9.090909,8.037185,27.47298,12.942303
9.10091,8.042702,27.491339,12.947292
9.110911,8.04822,27.509697,12.952282
9.120913,8.053739,27.52806,12.95727
9.130913,8.059249,27.546417,12.962257
9.140914,8.064766,27.564785,12.967245
9.150915,8.070277,27.583145,12.972232
9.160916,8.075791,27.601513,12.977218
9.1709175,8.081303,27.61988,12.982203
9.180918,8.086814,27.638247,12.987187
9.190919,8.092323,27.656618,12.992169
9.20092,8.097835,27.674984,12.997153
9.210921,8.103342,27.69336,13.002136
9.220922,8.1088505,27.71173,13.007119
9.230923,8.114358,27.730104,13.012103
9.240924,8.1198635,27.748476,13.01708
9.250925,8.125367,27.76685,13.022059
9.260926,8.130874,27.785234,13.0270405
9.270927,8.136377,27.803608,13.032018
9.280928,8.14188,27.821987,13.036994
9.290929,8.147382,27.840368,13.041973
9.30093,8.1528845,27.858755,13.046949
9.310931,8.158382,27.877134,13.051926
9.320932,8.163883,27.895517,13.0569
9.330933,8.16938,27.913902,13.061875
9.340934,8.174879,27.93229,13.066849
9.350935,8.180375,27.950678,13.071823
9.360936,8.185875,27.969072,13.0767975
9.370937,8.191369,27.987461,13.081767
9.380939,8.196862,28.005852,13.086738
9.390939,8.202354,28.024242,13.091709
9.40094,8.207849,28.042635,13.096678
9.410941,8.213339,28.061031,13.101648
9.420942,8.218832,28.07943,13.106619
9.4309435,8.224322,28.097822,13.111585
9.440944,8.229812,28.116222,13.116553
9.450945,8.2353,28.134624,13.121521
9.460946,8.240788,28.153025,13.126486
9.470947,8.246275,28.171425,13.131451
9.480948,8.251761,28.18983,13.1364155
9.490949,8.257246,28.208237,13.141378
9.50095,8.262731,28.226639,13.146343
9.510951,8.268214,28.245047,13.151305
9.520952,8.273698,28.263456,13.156268
9.530953,8.279179,28.281866,13.161228
9.540954,8.28466,28.30028,13.166187
9.550955,8.290139,28.318691,13.171147
9.560956,8.295618,28.337103,13.176107
9.570957,8.301096,28.355515,13.181066
9.580958,8.306577,28.373932,13.186024
9.59096,8.312053,28.392351,13.190983
9.60096,8.317528,28.410767,13.195938
9.610961,8.323005,28.429186,13.200894
9.620962,8.328479,28.447607,13.205851
9.630963,8.333953,28.466028,13.210803
9.6409645,8.339424,28.484453,13.215758
9.650965,8.344895,28.502874,13.220711
9.660966,8.350366,28.521296,13.225663
9.670967,8.355836,28.539726,13.230616
9.680968,8.361305,28.558151,13.235566
9.690969,8.366775,28.576586,13.240518
9.70097,8.372242,28.595016,13.245469
9.710971,8.3777075,28.613445,13.250414
9.720972,8.383175,28.631876,13.255364
9.730973,8.38864,28.65031,13.260313
9.740974,8.394104,28.66875,13.265261
9.750975,8.399568,28.687185,13.270207
9.760976,8.40503,28.705622,13.275152
9.770977,8.41049,28.72406,13.280096
9.780978,8.415951,28.742495,13.28504
9.790979,8.421411,28.760937,13.289986
9.800981,8.426869,28.779379,13.294926
9.810981,8.432327,28.797823,13.2998705
9.820982,8.437786,28.81627,13.304812
9.830983,8.443242,28.834717,13.309753
9.840984,8.448699,28.853165,13.3146925
9.850986,8.454153,28.871613,13.319634
9.860986,8.459605,28.89006,13.324572
9.870987,8.465058,28.908508,13.329511
9.880988,8.470511,28.926968,13.33445
9.890989,8.475963,28.945421,13.339384
9.9009905,8.481413,28.96387,13.344319
9.910991,8.486861,28.982325,13.349257
9.920992,8.492311,29.00078,13.354193
9.930993,8.497759,29.01924,13.359125
9.940994,8.503206,29.037704,13.364059
9.950995,8.508652,29.056168,13.368995
9.960996,8.514096,29.074617,13.373925
9.970997,8.519542,29.093086,13.378857
9.980998,8.524984,29.111547,13.383786
9.990999,8.530428,29.130014,13.388717
10.001,8.535871,29.148485,13.393648
10.011001,8.541311,29.166954,13.398576
10.021002,8.54675,29.185421,13.403502
10.031003,8.55219,29.203888,13.408431
10.041004,8.557628,29.22236,13.413358
10.051005,8.5630665,29.240833,13.418283
10.061007,8.568504,29.25931,13.42321
10.071007,8.57394,29.277782,13.428133
10.081008,8.579373,29.296257,13.433057
10.091009,8.584808,29.314737,13.437982
10.10101,8.5902405,29.333216,13.442905
10.1110115,8.595674,29.351692,13.447826
10.121012,8.601104,29.370176,13.452746
10.131013,8.606534,29.388659,13.457668
10.141014,8.611964,29.407145,13.462586
10.151015,8.6173935,29.425627,13.467507
10.161016,8.622822,29.44411,13.472423
10.171017,8.628249,29.462599,13.477344
10.181018,8.633677,29.48109,13.48226
10.191019,8.6391,29.499577,13.487174
10.20102,8.6445265,29.518072,13.492092
10.211021,8.649949,29.53656,13.497008
10.221022,8.655374,29.55506,13.501923
10.231023,8.660793,29.573547,13.506834
10.241024,8.666216,29.592045,13.511748
10.251025,8.671636,29.61055,13.516661
10.261026,8.677053,29.629045,13.521571
10.271028,8.682474,29.647547,13.5264845
10.281028,8.687891,29.666046,13.531395
10.291029,8.693308,29.68455,13.536303
10.30103,8.698725,29.70305,13.541209
10.311031,8.704138,29.721558,13.54612
10.321033,8.709551,29.74006,13.551026
10.331033,8.714964,29.758566,13.555934
10.341034,8.720376,29.777071,13.56084
10.351035,8.72579,29.795586,13.565745
10.361036,8.731201,29.8141,13.570651
10.3710375,8.7366085,29.83261,13.575554
10.381038,8.742021,29.851124,13.580458
10.391039,8.747427,29.869642,13.58536
10.40104,8.752834,29.888157,13.5902605
10.411041,8.758238,29.906673,13.595162
10.421042,8.763645,29.925192,13.600063
10.431043,8.7690525,29.943712,13.604964
10.441044,8.774454,29.96223,13.609862
10.451045,8.779858,29.98075,13.614759
10.461046,8.78526,29.999273,13.619659
10.471047,8.790659,30.0178,13.624555
10.481048,8.796059,30.036324,13.629451
10.491049,8.801458,30.054852,13.634347
10.50105,8.806858,30.073381,13.639243
10.511051,8.812256,30.091911,13.644137
10.521052,8.817651,30.110443,13.64903
10.531054,8.823048,30.128977,13.653923
10.541054,8.828441,30.147505,13.658814
10.551055,8.833837,30.16604,13.663706
10.561056,8.839229,30.184576,13.668596
10.571057,8.844621,30.203112,13.673485
10.5810585,8.850013,30.221651,13.678376
10.591059,8.855403,30.240189,13.683264
10.60106,8.860793,30.258728,13.688152
10.611061,8.866181,30.277271,13.693038
10.621062,8.871569,30.29581,13.6979265
10.631063,8.876957,30.314363,13.702813
10.641064,8.882344,30.332903,13.707697
10.651065,8.887729,30.351454,13.71258
10.661066,8.893112,30.370003,13.717466
10.671067,8.898499,30.388552,13.72235
10.681068,8.903878,30.407106,13.727231
10.691069,8.90926,30.42565,13.732112
10.70107,8.914641,30.444204,13.736993
10.711071,8.920021,30.462759,13.741873
10.721072,8.925399,30.481316,13.746753
10.731073,8.9307785,30.499874,13.751633
10.741075,8.936155,30.518433,13.756509
10.751075,8.941529,30.536991,13.761386
10.761076,8.946907,30.555552,13.766264
10.771077,8.952282,30.57411,13.77114
10.781078,8.957656,30.59268,13.776014
10.7910795,8.963029,30.611244,13.7808895
10.80108,8.968401,30.629807,13.785765
10.811081,8.973772,30.648373,13.790637
10.821082,8.979142,30.66694,13.795508
10.831083,8.984511,30.685513,13.800381
10.8410845,8.98988,30.704079,13.805249
10.851085,8.995249,30.722647,13.810123
10.861086,9.000614,30.741228,13.814992
10.871087,9.00598,30.759804,13.81986
10.881088,9.011346,30.778376,13.824731
10.891089,9.016708,30.796953,13.829598
10.90109,9.022073,30.815529,13.834463
10.911091,9.027433,30.834108,13.839329
10.921092,9.032795,30.852684,13.844196
10.931093,9.038155,30.871275,13.849058
10.941094,9.043515,30.889853,13.853925
10.951096,9.048875,30.90844,13.8587885
10.961096,9.054232,30.92702,13.863647
10.971097,9.05959,30.945614,13.868511
10.981098,9.064944,30.964201,13.873372
10.991099,9.0703,30.982792,13.878233
11.001101,9.075653,31.001379,13.883092
11.011101,9.081007,31.019974,13.88795
11.021102,9.08636,31.038565,13.892809
11.031103,9.09171,31.05716,13.897668
11.041104,9.097062,31.075754,13.902527
11.0511055,9.102414,31.094358,13.90738
11.061106,9.107761,31.11295,13.912237
11.071107,9.113109,31.131552,13.91709
11.081108,9.118456,31.150154,13.921945
11.091109,9.123801,31.168755,13.926798
11.10111,9.129148,31.187357,13.931651
11.111111,9.134492,31.205956,13.9365015
11.121112,9.139835,31.22457,13.941353
11.131113,9.145178,31.24317,13.946203
11.141114,9.150517,31.261772,13.951054
11.151115,9.155861,31.280388,13.955902
11.161116,9.161201,31.299006,13.960752
11.171117,9.16654,31.317614,13.965598
11.181118,9.171878,31.336224,13.970446
11.191119,9.177214,31.35484,13.975292
11.20112,9.182551,31.373457,13.980137
11.211122,9.187888,31.392076,13.9849825
11.221122,9.193219,31.410688,13.989825
11.231123,9.198556,31.42931,13.994668
11.241124,9.203888,31.44793,13.999513
11.251125,9.209219,31.466553,14.0043545
11.2611265,9.214551,31.485178,14.009193
11.271127,9.219881,31.503805,14.014035
11.281128,9.225209,31.522425,14.018875
11.291129,9.230538,31.541056,14.023713
11.30113,9.235865,31.559683,14.028551
11.3111315,9.241191,31.578314,14.03339
11.321132,9.246516,31.59694,14.038226
11.331133,9.251841,31.61557,14.043062
11.341134,9.257167,31.634207,14.047897
11.351135,9.26249,31.652842,14.052733
11.361136,9.267808,31.671474,14.057566
11.371137,9.27313,31.690111,14.0624
11.381138,9.278453,31.708754,14.067231
11.391139,9.28377,31.727388,14.072065
11.40114,9.289088,31.746038,14.076897
11.411141,9.294408,31.76468,14.081726
11.421143,9.299724,31.78332,14.086555
11.431143,9.305038,31.801964,14.091383
11.441144,9.310354,31.82061,14.096212
11.451145,9.315669,31.839256,14.101039
11.461146,9.320981,31.857904,14.105868
11.471148,9.326295,31.876558,14.110694
11.481148,9.331603,31.895208,14.115519
11.491149,9.336914,31.913857,14.120344
11.50115,9.342225,31.932514,14.125166
11.511151,9.347534,31.951166,14.129991
11.5211525,9.352839,31.969828,14.134812
11.531153,9.358147,31.98848,14.139634
11.541154,9.363452,32.00714,14.144457
11.551155,9.368756,32.0258,14.149275
11.561156,9.374059,32.04446,14.154094
11.571157,9.379365,32.06313,14.158916
11.581158,9.384667,32.081787,14.163732
11.591159,9.389969,32.100445,14.168549
11.60116,9.395268,32.119114,14.173366
11.611161,9.400569,32.137787,14.178183
11.621162,9.405868,32.156452,14.182999
11.631163,9.411163,32.17513,14.187812
11.641164,9.41646,32.19379,14.192624
11.651165,9.421757,32.21247,14.197441
11.661166,9.427051,32.23114,14.202251
11.671167,9.432345,32.249817,14.207063
11.681169,9.437639,32.268497,14.211875
11.691169,9.44293,32.287167,14.216683
11.70117,9.448223,32.30585,14.221493
11.711171,9.453513,32.324528,14.226302
11.721172,9.458802,32.343204,14.231111
11.7311735,9.464091,32.361893,14.235918
11.741174,9.469378,32.38058,14.240724
11.751175,9.474664,32.39926,14.24553
11.761176,9.479952,32.417953,14.250337
11.771177,9.485236,32.436634,14.255139
11.781178,9.49052,32.455322,14.259941
11.791179,9.495802,32.474014,14.264746
11.80118,9.501085,32.492706,14.269548
11.811181,9.506368,32.5114,14.274349
11.821182,9.511647,32.53009,14.27915
11.831183,9.516926,32.548794,14.28395
11.841184,9.522205,32.567486,14.28875
11.851185,9.527483,32.58618,14.293547
11.861186,9.532761,32.604874,14.298345
11.871187,9.5380335,32.623585,14.3031435
11.881188,9.543311,32.642284,14.307939
11.89119,9.548586,32.660984,14.312734
11.90119,9.553857,32.679688,14.317529
11.911191,9.559132,32.698395,14.322323
11.921192,9.564403,32.717102,14.327118
11.931193,9.569674,32.735813,14.33191
11.941195,9.574942,32.75452,14.336701
11.951195,9.58021,32.77323,14.341493
11.961196,9.585478,32.791935,14.346283
11.971197,9.590744,32.810654,14.351072
11.981198,9.596009,32.829365,14.355863
11.9911995,9.601275,32.848087,14.36065
12.0012,9.60654,32.866795,14.365438
12.011201,9.611804,32.885517,14.370225
12.021202,9.617064,32.90424,14.3750105
12.031203,9.622326,32.92296,14.379797
12.041204,9.627586,32.941677,14.38458
12.051205,9.632847,32.9604,14.389364
12.061206,9.638106,32.979126,14.39415
12.071207,9.643361,32.997852,14.3989315
12.081208,9.648619,33.016575,14.403712
12.091209,9.653875,33.035313,14.408493
12.101211,9.65913,33.05404,14.413275
12.111211,9.664386,33.07277,14.418055
12.121212,9.669638,33.091503,14.422832
12.131213,9.67489,33.110237,14.427612
12.141214,9.680141,33.12897,14.432388
12.151216,9.685391,33.14771,14.437164
12.161216,9.690641,33.166443,14.441941
12.171217,9.6958885,33.185184,14.446714
12.181218,9.701137,33.203915,14.45149
12.191219,9.706386,33.222668,14.456263
12.2012205,9.711631,33.2414,14.461038
12.211221,9.716875,33.260143,14.465805
12.221222,9.722119,33.27889,14.470578
12.231223,9.727362,33.297646,14.475353
12.241224,9.732603,33.316383,14.480121
12.251225,9.737845,33.335136,14.48489
12.261226,9.743085,33.353886,14.489658
12.271227,9.748324,33.37263,14.494425
12.281228,9.753564,33.391384,14.499194
12.291229,9.758801,33.410137,14.503958
12.30123,9.764036,33.428886,14.508726
12.311231,9.769275,33.447647,14.51349
12.321232,9.774508,33.466404,14.518252
12.331233,9.779744,33.485165,14.523018
12.341234,9.784974,33.503925,14.52778
12.351235,9.790209,33.522686,14.532542
12.361237,9.795441,33.54145,14.537304
12.371237,9.80067,33.56021,14.542064
12.381238,9.805898,33.578976,14.546823
12.391239,9.811127,33.59774,14.551582
12.40124,9.816354,33.61651,14.556338
12.411242,9.821582,33.63528,14.561098
12.421242,9.826808,33.65405,14.565853
12.431243,9.832032,33.672817,14.570612
12.441244,9.837256,33.691597,14.575366
12.451245,9.84248,33.710373,14.580122
12.4612465,9.8477,33.72914,14.584875
12.471247,9.852922,33.747917,14.589626
12.481248,9.85814,33.766693,14.5943775
12.491249,9.86336,33.785477,14.599131
12.50125,9.868581,33.804256,14.603881
12.511251,9.873797,33.823036,14.608632
12.521252,9.879013,33.841816,14.6133795
12.531253,9.884227,33.8606,14.618128
12.541254,9.889443,33.87939,14.622877
12.551255,9.894657,33.898174,14.627624
12.561256,9.899869,33.91696,14.632372
12.571258,9.905083,33.935753,14.637117
12.581258,9.910295,33.954544,14.64186
12.591259,9.9155035,33.973335,14.646605
12.60126,9.920712,33.992126,14.651349
12.611261,9.925922,34.01092,14.656092
12.621263,9.93113,34.029713,14.660833
12.631263,9.936334,34.04852,14.665574
12.641264,9.94154,34.067314,14.670314
12.651265,9.946746,34.08611,14.675055
12.661266,9.951949,34.104916,14.679794
12.6712675,9.957151,34.123714,14.684531
12.681268,9.962354,34.142513,14.689268
12.691269,9.967555,34.16132,14.694007
12.70127,9.9727545,34.180122,14.69874
12.711271,9.977953,34.19893,14.703477
12.721272,9.9831505,34.217747,14.708213
12.731273,9.988347,34.236546,14.712943
12.741274,9.9935465,34.25536,14.717677
12.751275,9.99874,34.274178,14.722413
12.761276,10.003935,34.292988,14.727144
12.771277,10.009129,34.311802,14.731873
12.781278,10.014321,34.330612,14.736603
12.791279,10.019512,34.34943,14.741332
12.80128,10.024703,34.36825,14.74606
12.811281,10.029893,34.387066,14.750788
12.821282,10.035082,34.405888,14.755513
12.831284,10.040272,34.424717,14.7602415
12.841284,10.045458,34.44354,14.764968
12.851285,10.050644,34.46236,14.7696905
12.861286,10.05583,34.481186,14.774417
12.871287,10.061015,34.500015,14.7791395
12.881289,10.066197,34.518845,14.783863
12.891289,10.071379,34.53767,14.788584
12.90129,10.07656,34.5565,14.793303
12.911291,10.081742,34.575333,14.798026
12.921292,10.086921,34.594166,14.802746
12.9312935,10.092099,34.613007,14.807466
12.941294,10.097279,34.631832,14.812182
12.951295,10.102455,34.650673,14.816897
12.961296,10.107631,34.669518,14.821615
12.971297,10.112807,34.688347,14.826331
12.981298,10.117979,34.70719,14.831047
12.991299,10.123153,34.72604,14.835761
13.0013,10.128328,34.744877,14.840474
13.011301,10.133496,34.763725,14.845187
13.021302,10.138668,34.782566,14.849901
13.031303,10.143841,34.80142,14.854612
13.041305,10.149007,34.82027,14.859321
13.051305,10.154174,34.83911,14.864032
13.061306,10.159344,34.857964,14.868741
13.071307,10.164509,34.87682,14.873448
13.081308,10.16967,34.89567,14.878159
13.09131,10.174837,34.914536,14.882865
13.10131,10.179998,34.933388,14.88757
13.111311,10.185163,34.95224,14.892276
13.121312,10.190324,34.9711,14.89698
13.131313,10.195483,34.989956,14.901683
13.1413145,10.200645,35.00882,14.906386
13.151315,10.205802,35.027683,14.91109
13.161316,10.21096,35.046547,14.9157915
13.171317,10.216118,35.065414,14.920492
13.181318,10.221272,35.08428,14.925192
13.191319,10.226427,35.10315,14.929892
13.20132,10.231582,35.122013,14.93459
13.211321,10.2367325,35.14088,14.939289
13.221322,10.241884,35.15976,14.943986
13.231323,10.247036,35.178627,14.948683
13.241324,10.252187,35.197506,14.953378
13.251326,10.257338,35.216377,14.958072
13.261326,10.262484,35.23525,14.962766
13.271327,10.2676325,35.254128,14.967462
13.281328,10.272779,35.273018,14.972151
13.291329,10.277925,35.29189,14.976846
13.301331,10.283071,35.31077,14.981538
13.311331,10.288214,35.329647,14.986227
13.321332,10.293358,35.348537,14.990915
13.331333,10.298495,35.367424,14.9956045
13.341334,10.3036375,35.38631,15.000293
13.351336,10.308779,35.405197,15.004979
13.361336,10.313919,35.42409,15.009667
13.371337,10.3190565,35.442974,15.014351
13.381338,10.324194,35.461864,15.019036
13.391339,10.3293295,35.480762,15.023722
13.4013405,10.334467,35.499657,15.028404
13.411341,10.3396,35.518547,15.033087
13.421342,10.344733,35.53745,15.037772
13.431343,10.349866,35.556343,15.042452
13.441344,10.354998,35.57524,15.0471325
13.451345,10.360129,35.59414,15.051811
13.461346,10.365258,35.613045,15.056493
13.471347,10.370388,35.63195,15.061171
13.481348,10.375516,35.650852,15.065848
13.491349,10.380645,35.66976,15.070524
13.50135,10.385772,35.688667,15.075198
13.511352,10.390895,35.707573,15.079876
13.521352,10.396021,35.72648,15.084552
13.531353,10.401145,35.745388,15.089224
13.541354,10.406267,35.764305,15.093898
13.551355,10.411388,35.783215,15.09857
13.561357,10.416507,35.80213,15.10324
13.571357,10.421629,35.82105,15.107912
13.581358,10.426746,35.839962,15.112583
13.591359,10.431865,35.85888,15.117252
13.60136,10.436983,35.8778,15.121919
13.6113615,10.442099,35.89672,15.126588
13.621362,10.447213,35.915634,15.131254
13.631363,10.452327,35.934566,15.1359215
13.641364,10.457438,35.953487,15.140588
13.651365,10.462554,35.972412,15.145253
13.661366,10.467664,35.991344,15.149917
13.671367,10.472773,36.01027,15.154579
13.681368,10.477885,36.02919,15.159242
13.691369,10.482993,36.04813,15.163904
13.70137,10.488103,36.067062,15.168566
13.711371,10.493209,36.086,15.173224
13.721373,10.498313,36.10493,15.177884
13.731373,10.503421,36.12386,15.182543
13.741374,10.508524,36.1428,15.1872015
13.751375,10.513626,36.16173,15.19186
13.761376,10.51873,36.180683,15.196516
13.771378,10.52383,36.19962,15.20117
13.781378,10.528929,36.21856,15.205825
13.791379,10.534029,36.237503,15.21048
13.80138,10.539127,36.256443,15.215132
13.811381,10.544226,36.275387,15.219785
13.8213825,10.549322,36.294342,15.224438
13.831383,10.554418,36.313286,15.229089
13.841384,10.559514,36.332233,15.233741
13.851385,10.564608,36.351185,15.23839
13.861386,10.5697,36.370136,15.243039
13.8713875,10.574792,36.38909,15.247687
13.881388,10.579883,36.408035,15.252333
13.891389,10.584973,36.427002,15.25698
13.90139,10.590064,36.445953,15.261624
13.911391,10.595151,36.464912,15.266272
13.921392,10.600237,36.48387,15.270916
13.931393,10.605327,36.50283,15.27556
13.941394,10.61041,36.521797,15.280204
13.951395,10.615495,36.540756,15.284844
13.961396,10.620578,36.559727,15.289486
13.971397,10.625662,36.57869,15.294128
13.981399,10.630745,36.597664,15.298766
13.991399,10.635825,36.616627,15.303405
14.0014,10.6409025,36.635593,15.308042
14.011401,10.645984,36.654568,15.31268
14.021402,10.651062,36.67354,15.317318
14.031404,10.656141,36.692516,15.321956
14.041404,10.661216,36.711487,15.32659
14.051405,10.666292,36.73046,15.331222
14.061406,10.671365,36.749435,15.335856
14.071407,10.67644,36.76841,15.340491
14.0814085,10.681514,36.78739,15.345124
14.091409,10.6865835,36.806374,15.349753
14.10141,10.691654,36.825356,15.354387
14.111411,10.696726,36.844337,15.3590145
14.121412,10.701796,36.86332,15.363645
14.131413,10.7068615,36.88231,15.368273
14.141414,10.711931,36.90129,15.372901
14.151415,10.716995,36.920288,15.377527
14.161416,10.72206,36.93927,15.3821535
14.171417,10.727123,36.95826,15.38678
14.181418,10.732189,36.97725,15.391402
14.19142,10.737251,36.996246,15.3960285
14.20142,10.7423115,37.015244,15.400651
14.211421,10.747374,37.03424,15.405272
14.221422,10.752433,37.053234,15.409895
14.231423,10.757493,37.072235,15.414516
14.241425,10.76255,37.091232,15.419136
14.251425,10.767608,37.11023,15.423756
14.261426,10.772662,37.12923,15.428374
14.271427,10.777719,37.14824,15.432993
14.281428,10.782771,37.167244,15.437611
14.2914295,10.787827,37.18625,15.442225
14.30143,10.792877,37.20525,15.44684
14.311431,10.79793,37.22426,15.451455
14.321432,10.80298,37.24327,15.456067
14.331433,10.80803,37.26228,15.460682
14.3414345,10.81308,37.281292,15.465295
14.351435,10.818125,37.3003,15.469907
14.361436,10.823171,37.319317,15.474517
14.371437,10.828218,37.338337,15.479129
14.381438,10.833263,37.357353,15.483739
14.391439,10.838308,37.376366,15.488344
14.401441,10.843351,37.395397,15.492954
14.411441,10.848393,37.41441,15.497561
14.421442,10.853434,37.433426,15.502167
14.431443,10.858474,37.45245,15.506774
14.441444,10.863517,37.471478,15.51138
14.451446,10.86855,37.490505,15.515983
14.461446,10.8735895,37.509525,15.520587
14.471447,10.878627,37.528557,15.525189
14.481448,10.883661,37.547585,15.529789
14.491449,10.888697,37.566616,15.534391
14.501451,10.893731,37.585648,15.538992
14.511451,10.8987665,37.604683,15.543591
14.521452,10.903794,37.623707,15.548188
14.531453,10.908827,37.64275,15.552787
14.541454,10.91386,37.66178,15.557385
14.5514555,10.918888,37.68082,15.561979
14.561456,10.923917,37.699863,15.566577
14.571457,10.928946,37.718903,15.571173
14.581458,10.933968,37.737938,15.5757675
14.591459,10.938997,37.756985,15.58036
14.60146,10.944023,37.776028,15.584953
14.611461,10.949044,37.79507,15.589545
14.621462,10.954067,37.81413,15.594136
14.631463,10.959088,37.83316,15.598726
14.641464,10.964109,37.85222,15.603315
14.651465,10.969129,37.87127,15.607906
14.661467,10.974151,37.89032,15.612494
14.671467,10.979169,37.909374,15.617082
14.681468,10.984183,37.92843,15.621665
14.691469,10.989201,37.94748,15.626252
14.70147,10.994218,37.96654,15.63084
14.711472,10.999231,37.985596,15.635421
14.721472,11.004244,38.004654,15.640003
14.731473,11.009257,38.023716,15.644588
14.741474,11.014269,38.042778,15.64917
14.751475,11.019281,38.061836,15.653751
14.7614765,11.024291,38.080894,15.658334
14.771477,11.029298,38.099964,15.662912
14.781478,11.034307,38.119026,15.66749
14.791479,11.039313,38.138096,15.672069
14.80148,11.044321,38.15716,15.676646
14.811481,11.049328,38.176235,15.681223
14.821482,11.054329,38.195297,15.685797
14.831483,11.059333,38.214375,15.690374
14.841484,11.064336,38.23344,15.694949
14.851485,11.069339,38.25252,15.699521
14.861486,11.074338,38.2716,15.704096
14.871488,11.079339,38.290684,15.708667
14.881488,11.084338,38.309757,15.713239
14.891489,11.089336,38.328835,15.717809
14.90149,11.094333,38.34792,15.72238
14.911491,11.099328,38.367,15.726948
14.921493,11.104324,38.386086,15.731515
14.931493,11.10932,38.405167,15.736082
14.941494,11.114312,38.42425,15.740649
14.951495,11.1193075,38.44334,15.745215
14.961496,11.124297,38.462425,15.749782
14.971498,11.129289,38.481514,15.754347
14.981498,11.134276,38.5006,15.75891
14.991499,11.139266,38.5197,15.763473
15.0015,11.144252,38.53879,15.768035
15.011501,11.149241,38.557884,15.772594
15.0215025,11.154227,38.57699,15.777158
15.031503,11.159211,38.59608,15.781715
15.041504,11.164196,38.61517,15.786276
15.051505,11.169179,38.634274,15.790833
15.061506,11.174162,38.653378,15.795392
15.071507,11.179142,38.672478,15.79995
15.081508,11.184123,38.691574,15.804503
15.091509,11.189102,38.71068,15.809059
15.10151,11.194082,38.729786,15.813613
15.111511,11.199061,38.748886,15.818169
15.121512,11.204039,38.768,15.8227215
15.131514,11.209014,38.787106,15.827272
15.141514,11.213989,38.80622,15.831824
15.151515,11.218962,38.825333,15.836376
15.161516,11.223933,38.84444,15.840925
15.171517,11.2289095,38.863556,15.845473
15.181519,11.23388,38.882668,15.85002
15.191519,11.238851,38.901783,15.854571
15.20152,11.243817,38.920902,15.8591175
15.211521,11.248788,38.940025,15.863662
15.221522,11.2537565,38.959145,15.868207
15.2315235,11.258722,38.978264,15.87275
15.241524,11.263687,38.997387,15.877296
15.251525,11.268651,39.016506,15.88184
15.261526,11.273621,39.035637,15.886382
15.271527,11.278582,39.054764,15.890925
15.281528,11.283542,39.073887,15.895465
15.291529,11.288503,39.09301,15.900005
15.30153,11.293465,39.11214,15.904542
15.311531,11.298427,39.13128,15.909082
15.321532,11.303383,39.150402,15.913619
15.331533,11.308342,39.169537,15.918157
15.341535,11.313298,39.18867,15.922693
15.351535,11.318254,39.207806,15.927226
15.361536,11.323209,39.226944,15.931763
15.371537,11.328164,39.246082,15.936295
15.381538,11.3331175,39.265224,15.940832
15.39154,11.338067,39.28436,15.94536
15.40154,11.3430195,39.303497,15.94989
15.411541,11.347968,39.322647,15.954423
15.421542,11.35292,39.341797,15.958956
15.431543,11.357865,39.360928,15.96348
15.441545,11.362815,39.380077,15.968011
15.451545,11.367761,39.399223,15.972538
15.461546,11.372707,39.418373,15.977067
15.471547,11.377653,39.43753,15.981591
15.481548,11.382596,39.456676,15.986117
15.4915495,11.38754,39.47583,15.990642
15.50155,11.392482,39.494987,15.995165
15.511551,11.397423,39.514137,15.999691
15.521552,11.402365,39.53329,16.004211
15.531553,11.407304,39.552452,16.008734
15.541554,11.412241,39.571617,16.013254
15.551555,11.417177,39.590767,16.01777
15.561556,11.422114,39.609924,16.022293
15.571557,11.427051,39.62909,16.026812
15.581558,11.431986,39.648254,16.03133
15.591559,11.43692,39.66742,16.035847
15.601561,11.4418545,39.686584,16.040361
15.611561,11.446784,39.70575,16.044878
15.621562,11.4517145,39.724915,16.049393
15.631563,11.456648,39.744087,16.05391
15.641564,11.461578,39.76326,16.05842
15.651566,11.466505,39.78243,16.062931
15.661566,11.471431,39.801594,16.067442
15.671567,11.47636,39.820778,16.071955
15.681568,11.481283,39.839954,16.076466
15.691569,11.486208,39.859127,16.080975
15.7015705,11.491133,39.878315,16.085484
15.711571,11.496056,39.897484,16.08999
15.721572,11.5009775,39.916656,16.094498
15.731573,11.505899,39.935844,16.099005
15.741574,11.51082,39.955025,16.10351
15.751575,11.515739,39.974213,16.108011
15.761576,11.5206585,39.993385,16.112516
15.771577,11.525576,40.012573,16.117022
15.781578,11.530493,40.031765,16.121525
15.791579,11.535408,40.050953,16.126022
15.80158,11.54032,40.07014,16.130527
15.811582,11.5452385,40.089333,16.135025
15.821582,11.55015,40.10852,16.139524
15.831583,11.555063,40.127712,16.144024
15.841584,11.559973,40.146915,16.14852
15.851585,11.564883,40.166107,16.153019
15.861587,11.569793,40.18531,16.157516
15.871587,11.574699,40.2045,16.16201
15.881588,11.579608,40.223698,16.166502
15.891589,11.584516,40.2429,16.170998
15.90159,11.589422,40.262108,16.175495
15.911592,11.594326,40.28131,16.179987
15.921592,11.599229,40.300507,16.184477
15.931593,11.604133,40.319714,16.188969
15.941594,11.6090355,40.338913,16.193459
15.951595,11.613937,40.358124,16.197948
15.9615965,11.618836,40.37734,16.202436
15.971597,11.623737,40.39654,16.206923
15.981598,11.628633,40.41575,16.21141
15.991599,11.633533,40.434963,16.215897
16.0016,11.638427,40.45418,16.22038
16.0116,11.643325,40.47339,16.224867
16.021603,11.648219,40.492607,16.229351
16.031603,11.653114,40.51182,16.233833
16.041605,11.658006,40.531048,16.238317
16.051605,11.662899,40.550262,16.242798
16.061605,11.6677885,40.569473,16.247278
16.071608,11.672681,40.588703,16.251759
16.081608,11.677568,40.607918,16.256237
16.09161,11.682457,40.62715,16.260717
16.10161,11.687346,40.646374,16.265194
16.11161,11.692231,40.665596,16.269672
16.121613,11.697119,40.68483,16.274149
16.131613,11.702004,40.704052,16.278625
16.141615,11.706888,40.723286,16.283098
16.151615,11.711769,40.742516,16.287573
16.161615,11.716653,40.76174,16.292044
16.171618,11.721535,40.78098,16.296518
16.181618,11.726415,40.800217,16.300991
16.19162,11.731294,40.819443,16.305462
16.20162,11.73617,40.838684,16.309933
16.21162,11.741052,40.857918,16.314402
16.221622,11.745927,40.877163,16.31887
16.231623,11.750802,40.8964,16.323336
16.241625,11.755677,40.915646,16.327803
16.251625,11.760551,40.934883,16.33227
16.261625,11.765425,40.95413,16.336735
16.271627,11.770299,40.973366,16.341198
16.281628,11.775168,40.992615,16.345665
16.29163,11.780039,41.01187,16.35013
16.30163,11.784911,41.031116,16.354591
16.31163,11.78978,41.05037,16.359053
16.321632,11.794646,41.069607,16.363514
16.331633,11.799515,41.088867,16.367975
16.341635,11.8043785,41.10812,16.372435
16.351635,11.809245,41.127365,16.376892
16.361637,11.814109,41.146626,16.381351
16.371637,11.818973,41.165882,16.385807
16.381638,11.8238325,41.185146,16.390263
16.39164,11.828695,41.204403,16.394718
16.40164,11.833556,41.22365,16.399172
16.411642,11.838418,41.242924,16.40363
16.421642,11.843274,41.262184,16.408081
16.431643,11.848131,41.281445,16.412533
16.441645,11.852991,41.300713,16.416983
16.451645,11.857844,41.319977,16.421436
16.461647,11.862702,41.339237,16.425888
16.471647,11.867555,41.358513,16.430338
16.481647,11.87241,41.37778,16.434784
16.49165,11.877262,41.39705,16.439232
16.50165,11.8821125,41.41632,16.44368
16.511652,11.886964,41.43559,16.448126
16.521652,11.891812,41.45487,16.452572
16.531652,11.89666,41.474136,16.457016
16.541655,11.90151,41.49342,16.461464
16.551655,11.906358,41.512695,16.465906
16.561657,11.9112015,41.531975,16.470348
16.571657,11.916051,41.551254,16.47479
16.581657,11.920894,41.570534,16.479229
16.59166,11.925739,41.589817,16.483671
16.60166,11.930582,41.609104,16.48811
16.611662,11.935421,41.628387,16.49255
16.621662,11.940263,41.647675,16.496988
16.631662,11.945102,41.66695,16.501425
16.641665,11.949942,41.686245,16.50586
16.651665,11.954781,41.70553,16.510296
16.661667,11.959614,41.724823,16.51473
16.671667,11.964455,41.744114,16.519163
16.681667,11.969288,41.763405,16.523596
16.69167,11.974126,41.7827,16.52803
16.70167,11.978959,41.802,16.532463
16.711672,11.983793,41.82129,16.536894
16.721672,11.988622,41.840584,16.541323
16.731672,11.993451,41.85988,16.545753
16.741674,11.998283,41.87919,16.550182
16.751675,12.003113,41.89848,16.554611
16.761677,12.007943,41.91778,16.559038
16.771677,12.01277,41.937088,16.563463
16.781677,12.017591,41.956383,16.56789
16.79168,12.02242,41.975693,16.572315
16.80168,12.027244,41.995,16.576738
16.811682,12.032067,42.01431,16.581161
16.821682,12.036896,42.03362,16.585583
16.831684,12.041715,42.052933,16.590006
16.841684,12.046536,42.072235,16.594429
16.851685,12.051357,42.091545,16.598848
16.861687,12.056177,42.11086,16.60327
16.871687,12.060992,42.130177,16.607687
16.88169,12.065814,42.149494,16.612104
16.89169,12.070628,42.168804,16.616522
16.90169,12.075445,42.188126,16.620937
16.911692,12.08026,42.207443,16.625355
16.921692,12.085074,42.226753,16.629766
16.931694,12.08989,42.24608,16.634186
16.941694,12.094701,42.265404,16.638596
16.951694,12.099514,42.284725,16.643007
16.961697,12.1043215,42.30405,16.64742
16.971697,12.109131,42.323368,16.65183
16.981699,12.113939,42.3427,16.65624
16.9917,12.11875,42.362026,16.660652
17.0017,12.123555,42.381355,16.665062
17.011702,12.12836,42.400684,16.66947
17.021702,12.133168,42.42001,16.673874
17.031704,12.137973,42.43935,16.678284
17.041704,12.142775,42.45868,16.682688
17.051704,12.147577,42.478016,16.687094
17.061707,12.152376,42.497345,16.691498
17.071707,12.15718,42.51668,16.695898
17.081709,12.16198,42.536026,16.700304
17.09171,12.166778,42.55536,16.704706
17.10171,12.1715765,42.5747,16.709105
17.111712,12.1763735,42.59404,16.713505
17.121712,12.1811695,42.613384,16.717905
17.131714,12.1859665,42.632725,16.722305
17.141714,12.1907625,42.652084,16.726706
17.151714,12.195555,42.67142,16.731102
17.161716,12.200346,42.69077,16.735498
17.171717,12.205141,42.710114,16.739895
17.181719,12.209934,42.729458,16.744287
17.19172,12.21472,42.74881,16.748682
17.20172,12.219508,42.768158,16.753075
17.211721,12.2243,42.787514,16.75747
17.221722,12.229088,42.806866,16.761862
17.231724,12.233873,42.82622,16.766253
17.241724,12.238658,42.84558,16.770643
17.251724,12.2434435,42.864933,16.775032
17.261726,12.248227,42.88429,16.779423
17.271727,12.25301,42.903652,16.783808
17.281729,12.257794,42.923016,16.788198
17.291729,12.262573,42.942368,16.792583
17.301731,12.267356,42.96174,16.79697
17.311731,12.272135,42.981106,16.801355
17.321732,12.276913,43.00046,16.80574
17.331734,12.281693,43.019825,16.810122
17.341734,12.286468,43.039192,16.814507
17.351736,12.291246,43.05857,16.818888
17.361736,12.29602,43.077934,16.823267
17.371737,12.300795,43.0973,16.827648
17.381739,12.305569,43.11667,16.83203
17.391739,12.310339,43.136044,16.836409
17.401741,12.315113,43.155426,16.840788
17.411741,12.319884,43.174797,16.845165
17.421741,12.324652,43.194168,16.84954
17.431744,12.329422,43.21355,16.853916
17.441744,12.33419,43.232925,16.858292
17.451746,12.338959,43.252304,16.862665
17.461746,12.343723,43.271683,16.867039
17.471746,12.348491,43.291065,16.87141
17.481749,12.353257,43.310444,16.875784
17.491749,12.358017,43.32982,16.880154
17.50175,12.3627825,43.34922,16.884525
17.511751,12.367542,43.36859,16.888895
17.521751,12.372304,43.38798,16.893265
17.531754,12.377068,43.40737,16.897635
17.541754,12.381825,43.426765,16.902002
17.551756,12.386582,43.446156,16.906368
17.561756,12.391341,43.465538,16.910734
17.571756,12.396099,43.48494,16.915098
17.581758,12.400853,43.504322,16.919462
17.591759,12.405606,43.523712,16.923826
17.60176,12.410365,43.543118,16.928192
17.611761,12.415119,43.56252,16.932554
17.621761,12.419868,43.581905,16.936914
17.631763,12.42462,43.60131,16.941275
17.641764,12.429371,43.620712,16.945635
17.651766,12.434124,43.640114,16.949995
17.661766,12.438873,43.659515,16.954353
17.671766,12.443617,43.678913,16.958706
17.681768,12.448367,43.698326,16.963066
17.691769,12.453115,43.717724,16.96742
17.70177,12.457857,43.73713,16.971777
17.711771,12.462604,43.75654,16.976131
17.721771,12.467347,43.775944,16.980486
17.731773,12.472089,43.795357,16.984838
17.741774,12.4768305,43.81477,16.98919
17.751776,12.481572,43.834175,16.993542
17.761776,12.486311,43.853596,16.997894
17.771778,12.491053,43.873005,17.002245
17.781778,12.49579,43.892418,17.00659
17.791779,12.500526,43.91183,17.010939
17.80178,12.505267,43.93126,17.015291
17.81178,12.510002,43.950672,17.019634
17.821783,12.514736,43.970093,17.023983
17.831783,12.51947,43.989506,17.028326
17.841784,12.524204,44.008926,17.032671
17.851786,12.52894,44.028366,17.037016
17.861786,12.533668,44.04778,17.041359
17.871788,12.5384,44.06721,17.045704
17.881788,12.543131,44.086628,17.050043
17.891788,12.547858,44.10606,17.054382
17.90179,12.552587,44.12549,17.058722
17.91179,12.557313,44.14491,17.06306
17.921793,12.56204,44.16434,17.0674
17.931793,12.566768,44.183773,17.07174
17.941793,12.571491,44.20321,17.076077
17.951796,12.576214,44.222633,17.080412
17.961796,12.580936,44.242073,17.084747
17.971798,12.585658,44.261513,17.08908
17.981798,12.590381,44.28094,17.093414
17.991798,12.595101,44.30038,17.097752
18.0018,12.599822,44.31982,17.102083
18.0118,12.60454,44.339264,17.106415
18.021803,12.609258,44.358707,17.110746
18.031803,12.613976,44.378143,17.115074
18.041803,12.61869,44.397587,17.119406
18.051805,12.623409,44.41703,17.123732
18.061806,12.628119,44.436485,17.128061
18.071808,12.632833,44.455925,17.132387
18.081808,12.637547,44.47537,17.136713
18.091808,12.642256,44.494812,17.141039
18.10181,12.64697,44.514275,17.145365
18.11181,12.651678,44.53372,17.149689
18.121813,12.656389,44.553173,17.154013
18.131813,12.661096,44.57262,17.158333
18.141813,12.665807,44.592075,17.162657
18.151815,12.670509,44.611534,17.166975
18.161816,12.675216,44.630985,17.171297
18.171818,12.679924,44.65044,17.17562
18.181818,12.684626,44.6699,17.179935
18.191818,12.689328,44.68936,17.184254
18.20182,12.694029,44.70882,17.18857
18.21182,12.698732,44.72828,17.192886
18.221823,12.703433,44.747746,17.197203
18.231823,12.708134,44.7672,17.201517
18.241825,12.712831,44.78668,17.205835
18.251825,12.717531,44.806145,17.210148
18.261826,12.722225,44.825603,17.214457
18.271828,12.726923,44.845074,17.218771
18.281828,12.731618,44.86454,17.22308
18.29183,12.736313,44.884014,17.227392
18.30183,12.74101,44.903477,17.2317
18.31183,12.7457,44.92295,17.236008
18.321833,12.750391,44.942417,17.240318
18.331833,12.755085,44.96189,17.244627
18.341835,12.759773,44.981377,17.248932
18.351835,12.764462,45.000843,17.253237
18.361835,12.76915,45.02032,17.257542
18.371838,12.773839,45.039803,17.261848
18.381838,12.778528,45.059288,17.266151
18.39184,12.7832155,45.078766,17.270454
18.40184,12.787898,45.098248,17.274755
18.41184,12.7925825,45.11772,17.279058
18.421843,12.797265,45.13721,17.283356
18.431843,12.801948,45.15669,17.287655
18.441845,12.80663,45.176178,17.291956
18.451845,12.81131,45.195663,17.296253
18.461845,12.8159895,45.215145,17.300549
18.471848,12.820673,45.23464,17.304848
18.481848,12.82535,45.254128,17.309145
18.49185,12.830029,45.27362,17.313438
18.50185,12.834704,45.293106,17.317734
18.51185,12.839378,45.312603,17.322025
18.521852,12.844053,45.332096,17.32632
18.531853,12.848729,45.351593,17.330614
18.541855,12.853404,45.37109,17.334904
18.551855,12.858076,45.390587,17.339197
18.561855,12.862745,45.410076,17.343483
18.571857,12.867417,45.42958,17.347775
18.581858,12.8720875,45.449078,17.352062
18.59186,12.876757,45.468586,17.356352
18.60186,12.881424,45.488083,17.360636
18.61186,12.886092,45.50759,17.364923
18.621862,12.890759,45.52709,17.369205
18.631863,12.895422,45.54659,17.373491
18.641865,12.900089,45.56611,17.377777
18.651865,12.904755,45.58561,17.38206
18.661865,12.909415,45.60511,17.386343
18.671867,12.914081,45.624622,17.390623
18.681868,12.918738,45.644135,17.394903
18.69187,12.923403,45.663643,17.399183
18.70187,12.928061,45.68316,17.403463
18.711872,12.932721,45.702675,17.407742
18.721872,12.937378,45.722183,17.41202
18.731873,12.942034,45.741695,17.416298
18.741875,12.946693,45.761215,17.420574
18.751875,12.951346,45.780735,17.42485
18.761877,12.956004,45.80025,17.429125
18.771877,12.960654,45.81977,17.4334
18.781878,12.965311,45.839294,17.43767
18.79188,12.969962,45.858818,17.441942
18.80188,12.974615,45.878334,17.446213
18.811882,12.979266,45.89786,17.450485
18.821882,12.983915,45.917385,17.454754
18.831882,12.98856,45.936905,17.459024
18.841885,12.99321,45.956432,17.463295
18.851885,12.997859,45.97597,17.467562
18.861887,13.002503,45.995495,17.471828
18.871887,13.007151,46.015022,17.476093
18.881887,13.011793,46.034554,17.48036
18.89189,13.016438,46.054077,17.484625
18.90189,13.021084,46.073616,17.488888
18.911892,13.025723,46.093155,17.493155
18.921892,13.030365,46.11269,17.49742
18.931892,13.035006,46.13221,17.501677
18.941895,13.039647,46.15176,17.50594
18.951895,13.04428,46.171295,17.510199
18.961897,13.04892,46.190826,17.51446
18.971897,13.053559,46.210365,17.518719
18.981897,13.058197,46.22991,17.522976
18.9919,13.06283,46.249454,17.527233
19.0019,13.067468,46.268993,17.531488
19.011902,13.0721,46.28854,17.535746
19.021902,13.076732,46.308083,17.540003
19.031902,13.081365,46.32763,17.544254
19.041904,13.085997,46.34718,17.548512
19.051905,13.090626,46.366726,17.55276
19.061907,13.095257,46.38627,17.55701
19.071907,13.099886,46.405823,17.561264
19.081907,13.104513,46.42537,17.565516
19.09191,13.109139,46.444923,17.569767
19.10191,13.113765,46.464474,17.574013
19.111912,13.118391,46.484028,17.578264
19.121912,13.123017,46.503586,17.582512
19.131914,13.127639,46.52314,17.586758
19.141914,13.13226,46.54269,17.591003
19.151915,13.136886,46.562252,17.595247
19.161917,13.141508,46.581818,17.599495
19.171917,13.146128,46.601376,17.603737
19.18192,13.150748,46.620937,17.607979
19.19192,13.155366,46.64049,17.612223
19.20192,13.159983,46.660065,17.616463
19.211922,13.164603,46.679623,17.620705
19.221922,13.169215,46.699184,17.624945
19.231924,13.173834,46.71875,17.629183
19.241924,13.178447,46.738316,17.633423
19.251925,13.183063,46.75789,17.637661
19.261927,13.187675,46.77746,17.641897
19.271927,13.19229,46.797028,17.646132
19.281929,13.196901,46.8166,17.65037
19.29193,13.201509,46.836166,17.654604
19.30193,13.206117,46.85574,17.658838
19.311932,13.210729,46.875313,17.66307
19.321932,13.215335,46.89489,17.667303
19.331934,13.219942,46.914463,17.671537
19.341934,13.224549,46.934036,17.675764
19.351934,13.229155,46.953613,17.679995
19.361937,13.23376,46.973194,17.684225
19.371937,13.238363,46.992775,17.688454
19.381939,13.242969,47.01236,17.692684
19.39194,13.247569,47.031933,17.69691
19.40194,13.252173,47.051514,17.701136
19.411942,13.256773,47.071102,17.705362
19.421942,13.261371,47.090683,17.709587
19.431944,13.265971,47.110268,17.713812
19.441944,13.27057,47.129856,17.718037
19.451944,13.275168,47.14945,17.722256
19.461946,13.279765,47.169033,17.726479
19.471947,13.28436,47.18862,17.730701
19.481949,13.288954,47.20821,17.734922
19.49195,13.2935505,47.227802,17.73914
19.50195,13.2981415,47.2474,17.743359
19.511951,13.302735,47.266987,17.74758
19.521952,13.307326,47.286583,17.751795
19.531954,13.311918,47.30618,17.756012
19.541954,13.316505,47.325768,17.760227
19.551954,13.321094,47.345364,17.76444
19.561956,13.325683,47.364964,17.768658
19.571957,13.330273,47.384563,17.772875
19.581959,13.334857,47.40416,17.777084
19.591959,13.339445,47.423767,17.781298
19.601961,13.344031,47.443367,17.78551
19.611961,13.348615,47.462967,17.789719
19.621962,13.3532,47.482574,17.79393
19.631964,13.357783,47.502182,17.79814
19.641964,13.362363,47.521782,17.802345
19.651966,13.366944,47.541393,17.806553
19.661966,13.371523,47.560997,17.810764
19.671967,13.376103,47.58061,17.81497
19.681969,13.380684,47.600224,17.819176
19.691969,13.385263,47.619827,17.82338
19.701971,13.389838,47.63944,17.827581
19.711971,13.394413,47.65905,17.831785
19.721972,13.398989,47.67867,17.83599
19.731974,13.403564,47.69828,17.84019
19.741974,13.408137,47.71789,17.844393
19.751976,13.41271,47.73751,17.84859
19.761976,13.417283,47.757126,17.85279
19.771976,13.421853,47.776745,17.856989
19.781979,13.426425,47.796368,17.86119
19.791979,13.430991,47.815983,17.865383
19.801981,13.435563,47.8356,17.869581
19.811981,13.440132,47.855232,17.87378
19.821981,13.444698,47.874836,17.87797
19.831984,13.449265,47.894478,17.882168
19.841984,13.453831,47.914093,17.88636
19.851986,13.458396,47.933727,17.890553
19.861986,13.462958,47.95335,17.894747
19.871986,13.467523,47.972973,17.898935
19.881989,13.472085,47.99261,17.903128
19.891989,13.476646,48.01223,17.907316
19.90199,13.481209,48.031868,17.911507
19.911991,13.485767,48.05149,17.915695
19.921991,13.490327,48.07113,17.919882
19.931993,13.494887,48.090763,17.924067
19.941994,13.499441,48.110394,17.928255
19.951996,13.504003,48.130035,17.932442
19.961996,13.508556,48.149666,17.936628
19.971996,13.513112,48.1693,17.94081
19.981998,13.517664,48.188946,17.944992
19.991999,13.522218,48.20858,17.949175
20.002,13.5267725,48.22822,17.953356
20.012001,13.531324,48.24786,17.957537
20.022001,13.535873,48.2675,17.961718
20.032003,13.540428,48.28714,17.965897
20.042004,13.544976,48.30679,17.970076
20.052006,13.549523,48.326435,17.974255
20.062006,13.554072,48.346077,17.97843
20.072008,13.558622,48.365723,17.982607
20.082008,13.563168,48.385376,17.986782
20.092009,13.567714,48.405018,17.99096
20.10201,13.572257,48.42467,17.995132
20.112011,13.5768,48.44432,17.999306
20.122013,13.581343,48.463966,18.003479
20.132013,13.585884,48.483624,18.00765
20.142014,13.590426,48.50327,18.011818
20.152016,13.594968,48.522934,18.01599
20.162016,13.59951,48.54258,18.020163
20.172018,13.604049,48.56224,18.02433
20.182018,13.608585,48.581898,18.028502
20.192019,13.613124,48.601543,18.032665
20.20202,13.617662,48.621212,18.036833
20.21202,13.622198,48.64086,18.040998
20.222023,13.626734,48.66053,18.045166
20.232023,13.631264,48.680195,18.049328
20.242023,13.635801,48.69985,18.053492
20.252026,13.640334,48.719517,18.057657
20.262026,13.644864,48.73917,18.061813
20.272028,13.649398,48.75885,18.065979
20.282028,13.653928,48.77851,18.070139
20.292028,13.658457,48.79817,18.074299
20.30203,13.662987,48.81784,18.078459
20.31203,13.667514,48.83751,18.082617
20.322033,13.672042,48.85718,18.086779
20.332033,13.676566,48.87685,18.090935
20.342033,13.681094,48.896515,18.09509
20.352036,13.685619,48.91619,18.099245
20.362036,13.690144,48.935867,18.103401
20.372038,13.694665,48.955544,18.107555
20.382038,13.699191,48.97521,18.111706
20.392038,13.703709,48.994877,18.115858
20.40204,13.70823,49.01457,18.120012
20.41204,13.712752,49.03424,18.124163
20.422043,13.71727,49.053925,18.128311
20.432043,13.72179,49.073597,18.132463
20.442043,13.726307,49.093277,18.136612
20.452045,13.730824,49.11296,18.14076
20.462046,13.735339,49.13264,18.144907
20.472048,13.739855,49.152325,18.149057
20.482048,13.7443695,49.172012,18.1532
20.492048,13.748883,49.191692,18.157345
20.50205,13.753397,49.211376,18.161491
20.51205,13.757909,49.231068,18.165634
20.522053,13.762422,49.250755,18.169777
20.532053,13.7669325,49.270443,18.17392
20.542055,13.771443,49.290134,18.178062
20.552055,13.775948,49.30982,18.182201
20.562056,13.78046,49.329506,18.18634
20.572058,13.784969,49.34921,18.19048
20.582058,13.789478,49.3689,18.19462
20.59206,13.793981,49.38859,18.198757
20.60206,13.798486,49.40829,18.202896
20.61206,13.80299,49.427982,18.207031
20.622063,13.807495,49.44768,18.211168
20.632063,13.811996,49.46738,18.215302
20.642065,13.8165,49.48708,18.219435
20.652065,13.821,49.506763,18.223568
20.662066,13.825498,49.526466,18.227703
20.672068,13.830003,49.546173,18.231836
20.682068,13.834501,49.565872,18.235966
20.69207,13.838999,49.585587,18.240097
20.70207,13.843495,49.60528,18.244226
20.71207,13.847992,49.62498,18.248352
20.722073,13.852489,49.644688,18.252481
20.732073,13.856981,49.66439,18.25661
20.742075,13.86148,49.6841,18.260738
20.752075,13.8659725,49.70381,18.264864
20.762075,13.870466,49.723515,18.26899
20.772078,13.874956,49.743225,18.273113
20.782078,13.87945,49.76294,18.277237
20.79208,13.883936,49.782646,18.28136
20.80208,13.888429,49.802364,18.285482
20.81208,13.892916,49.82207,18.289606
20.822083,13.897405,49.841793,18.293724
20.832083,13.901894,49.861504,18.297846
20.842085,13.90638,49.88121,18.301964
20.852085,13.910868,49.900932,18.306082
20.862085,13.915351,49.920647,18.310202
20.872087,13.919837,49.940376,18.31432
20.882088,13.924318,49.960087,18.318436
20.89209,13.928803,49.979813,18.322552
20.90209,13.933283,49.999527,18.326668
20.91209,13.937762,50.019245,18.330778
20.922092,13.9422455,50.03898,18.334894
20.932093,13.946723,50.058697,18.339008
20.942095,13.951203,50.078434,18.343122
20.952095,13.955682,50.098145,18.34723
20.962095,13.960157,50.117867,18.35134
20.972097,13.964635,50.137604,18.355452
20.982098,13.96911,50.157322,18.359558
20.9921,13.973587,50.177063,18.363668
21.0021,13.97806,50.196785,18.367779
21.012102,13.982536,50.21652,18.371883
21.022102,13.987008,50.236244,18.375988
21.032103,13.991479,50.255978,18.380093
21.042105,13.995949,50.27572,18.384197
21.052105,14.000421,50.29545,18.388304
21.062107,14.004891,50.315186,18.392408
21.072107,14.009361,50.334915,18.39651
21.082108,14.013829,50.35466,18.400612
21.09211,14.018294,50.374386,18.404713
21.10211,14.022761,50.39413,18.408815
21.112112,14.027229,50.41387,18.412914
21.122112,14.031694,50.43361,18.417011
21.132113,14.036158,50.45335,18.421112
21.142115,14.040624,50.473087,18.425205
21.152115,14.045084,50.492832,18.429304
21.162117,14.049545,50.512573,18.433401
21.172117,14.0540085,50.532322,18.437494
21.182117,14.058466,50.552063,18.44159
21.19212,14.062929,50.57181,18.445684
21.20212,14.067387,50.591564,18.449774
21.212122,14.071845,50.611305,18.453869
21.222122,14.076301,50.63105,18.457962
21.232122,14.080758,50.6508,18.462051
21.242125,14.085214,50.670547,18.46614
21.252125,14.089671,50.690304,18.47023
21.262127,14.094125,50.710052,18.47432
21.272127,14.098576,50.729805,18.47841
21.282127,14.10303,50.74956,18.482494
21.29213,14.107483,50.76931,18.486582
21.30213,14.111936,50.789062,18.490665
21.312132,14.116385,50.808826,18.494755
21.322132,14.120834,50.828575,18.498837
21.332132,14.125284,50.84833,18.502918
21.342134,14.129733,50.868095,18.507004
21.352135,14.134179,50.887856,18.511086
21.362137,14.138628,50.90761,18.515165
21.372137,14.143073,50.927376,18.519249
21.382137,14.147517,50.947132,18.523327
21.39214,14.151966,50.966896,18.527409
21.40214,14.156406,50.986664,18.531487
21.412142,14.160852,51.006424,18.535563
21.422142,14.165294,51.0262,18.53964
21.432144,14.169735,51.045956,18.543716
21.442144,14.174177,51.065723,18.547792
21.452145,14.178618,51.085487,18.551867
21.462147,14.183056,51.10526,18.555943
21.472147,14.187494,51.12502,18.560013
21.48215,14.191933,51.1448,18.564085
21.49215,14.19637,51.164562,18.56816
21.50215,14.200807,51.184338,18.572231
21.512152,14.20524,51.20411,18.576302
21.522152,14.209677,51.22389,18.58037
21.532154,14.214111,51.243664,18.584438
21.542154,14.218544,51.26343,18.588507
21.552155,14.222978,51.283203,18.592577
21.562157,14.227407,51.302986,18.596642
21.572157,14.231838,51.32276,18.600708
21.582159,14.236272,51.34254,18.604773
21.59216,14.2407,51.362316,18.608837
21.60216,14.245127,51.3821,18.612902
21.612162,14.249557,51.401886,18.616966
21.622162,14.2539835,51.42166,18.621025
21.632164,14.258411,51.44144,18.62509
21.642164,14.262838,51.461224,18.62915
21.652164,14.267262,51.481014,18.633213
21.662167,14.271686,51.500797,18.637272
21.672167,14.276109,51.520573,18.641329
21.682169,14.280532,51.540367,18.645388
21.69217,14.284957,51.560146,18.649443
21.70217,14.289374,51.579937,18.653502
21.712172,14.2937975,51.599728,18.657558
21.722172,14.298219,51.619522,18.661613
21.732174,14.302638,51.639305,18.665668
21.742174,14.307055,51.6591,18.669722
21.752174,14.311471,51.678886,18.673775
21.762177,14.315889,51.69868,18.677828
21.772177,14.320306,51.718475,18.681877
21.782179,14.324721,51.738274,18.685928
21.79218,14.329137,51.75806,18.68998
21.80218,14.333549,51.777855,18.694027
21.812181,14.337963,51.79766,18.69808
21.822182,14.342377,51.81745,18.702127
21.832184,14.346789,51.837257,18.706173
21.842184,14.351199,51.85705,18.71022
21.852184,14.355612,51.87685,18.714266
21.862186,14.360018,51.896652,18.718311
21.872187,14.364427,51.916454,18.722355
21.882189,14.368839,51.936256,18.726397
21.892189,14.373244,51.956062,18.730442
21.902191,14.37765,51.975864,18.734486
21.912191,14.382056,51.995667,18.738525
21.922192,14.386461,52.015472,18.742567
21.932194,14.390869,52.035282,18.746609
21.942194,14.39527,52.055084,18.750647
21.952196,14.399674,52.07489,18.754684
21.962196,14.404075,52.094696,18.758722
21.972197,14.408477,52.114513,18.762762
21.982199,14.412877,52.134315,18.766796
21.992199,14.417277,52.154133,18.770832
22.002201,14.42168,52.173943,18.774868
22.012201,14.426075,52.19375,18.7789
22.022202,14.430475,52.213566,18.782936
22.032204,14.434874,52.233383,18.786966
22.042204,14.439269,52.253197,18.791
22.052206,14.443665,52.273014,18.79503
22.062206,14.44806,52.292828,18.799063
22.072206,14.452452,52.31264,18.803091
22.082209,14.456845,52.33246,18.807123
22.092209,14.461236,52.35228,18.811148
22.102211,14.465631,52.37211,18.815178
22.112211,14.470021,52.391914,18.819204
22.122211,14.474413,52.411743,18.823233
22.132214,14.478805,52.43156,18.827255
22.142214,14.48319,52.45138,18.83128
22.152216,14.48758,52.471203,18.835306
22.162216,14.49197,52.491028,18.83933
22.172216,14.496356,52.510853,18.843353
22.182219,14.500742,52.53068,18.847376
22.192219,14.505129,52.550503,18.851397
22.20222,14.509514,52.570335,18.855415
22.212221,14.513899,52.590164,18.859436
22.222221,14.518278,52.609993,18.863457
22.232224,14.522664,52.629826,18.867476
22.242224,14.527044,52.649647,18.871492
22.252226,14.531428,52.66948,18.875511
22.262226,14.535808,52.689316,18.879526
22.272226,14.540186,52.709145,18.883541
22.282228,14.544563,52.728973,18.887558
22.292229,14.548943,52.748806,18.891571
22.30223,14.553322,52.768646,18.895586
22.312231,14.557698,52.788483,18.899597
22.322231,14.562076,52.808315,18.90361
22.332233,14.566448,52.82816,18.907621
22.342234,14.570823,52.847996,18.91163
22.352236,14.575198,52.867832,18.915644
22.362236,14.579572,52.887665,18.919651
22.372238,14.583943,52.907516,18.923658
22.382238,14.588317,52.927353,18.927666
22.392239,14.592686,52.94719,18.931675
22.40224,14.597057,52.96703,18.93568
22.412241,14.601427,52.986874,18.939686
22.422243,14.605798,53.006718,18.94369
22.432243,14.610166,53.02656,18.947697
22.442244,14.614532,53.046413,18.951698
22.452246,14.6189,53.066257,18.955704
22.462246,14.623267,53.0861,18.959703
22.472248,14.62763,53.105953,18.963705
22.482248,14.631998,53.125793,18.967707
22.492249,14.636358,53.145645,18.971704
22.50225,14.640723,53.1655,18.975706
22.51225,14.645086,53.185345,18.979704
22.522253,14.649447,53.205204,18.9837
22.532253,14.653808,53.22505,18.9877
22.542253,14.658168,53.244892,18.991695
22.552256,14.66253,53.26475,18.995691
22.562256,14.66689,53.284607,18.999685
22.572258,14.671248,53.304466,19.003681
22.582258,14.675604,53.324314,19.007673
22.592258,14.679962,53.344173,19.011665
22.60226,14.684318,53.36403,19.01566
22.61226,14.688674,53.38389,19.019648
22.622263,14.693028,53.40375,19.023642
22.632263,14.697385,53.423615,19.027632
22.642263,14.701735,53.44347,19.031618
22.652266,14.706087,53.463326,19.03561
22.662266,14.710439,53.483192,19.039597
22.672268,14.714792,53.50305,19.043587
22.682268,14.719141,53.52291,19.04757
22.692268,14.723492,53.542774,19.051556
22.70227,14.727841,53.562645,19.055542
22.71227,14.732187,53.582504,19.059523
22.722273,14.736537,53.602375,19.063505
22.732273,14.740885,53.622242,19.06749
22.742273,14.745231,53.642105,19.071474
22.752275,14.749577,53.661972,19.075457
22.762276,14.753922,53.681843,19.079433
22.772278,14.758266,53.70171,19.083416
22.782278,14.762609,53.721577,19.087395
22.792278,14.766949,53.741447,19.091373
22.80228,14.771293,53.761322,19.09535
22.81228,14.775635,53.78119,19.099325
22.822283,14.779977,53.80107,19.103308
22.832283,14.784316,53.820946,19.10728
22.842285,14.788655,53.840816,19.111254
22.852285,14.792995,53.86069,19.11523
22.862286,14.79733,53.880566,19.119205
22.872288,14.801667,53.900444,19.123177
22.882288,14.806006,53.920322,19.12715
22.89229,14.810343,53.940205,19.131123
22.90229,14.814678,53.960087,19.13509
22.91229,14.819012,53.979954,19.139063
22.922293,14.823346,53.999844,19.14303
22.932293,14.827677,54.019714,19.146996
22.942295,14.832014,54.0396,19.150969
22.952295,14.836342,54.05948,19.154936
22.962296,14.840673,54.07937,19.158905
22.972298,14.845003,54.099243,19.162867
22.982298,14.849332,54.11913,19.166832
22.9923,14.853663,54.13902,19.170797
23.0023,14.857992,54.1589,19.17476
23.0123,14.862317,54.17878,19.178724
23.022303,14.866644,54.198673,19.182686
23.032303,14.870973,54.218567,19.186647
23.042305,14.875297,54.23845,19.190607
23.052305,14.8796215,54.25834,19.194569
23.062305,14.883944,54.278225,19.198528
23.072308,14.88827,54.298122,19.202488
23.082308,14.89259,54.318012,19.206444
23.09231,14.896911,54.337906,19.210403
23.10231,14.901234,54.357796,19.214361
23.11231,14.905556,54.377686,19.218319
23.122313,14.909874,54.39758,19.222271
23.132313,14.914195,54.417477,19.226225
23.142315,14.918517,54.437378,19.23018
23.152315,14.922831,54.457268,19.234133
23.162315,14.927149,54.477165,19.238087
23.172318,14.931464,54.497063,19.242037
23.182318,14.93578,54.51696,19.245987
23.19232,14.940099,54.536858,19.249937
23.20232,14.944412,54.556763,19.25389
23.21232,14.948723,54.576653,19.257837
23.222322,14.953039,54.59656,19.261786
23.232323,14.957349,54.61646,19.265734
23.242325,14.961661,54.63636,19.26968
23.252325,14.965972,54.65626,19.273624
23.262325,14.970281,54.67617,19.27757
23.272327,14.974593,54.696083,19.281519
23.282328,14.9789,54.71598,19.28546
23.29233,14.9832115,54.73589,19.289404
23.30233,14.987519,54.7558,19.293346
23.312332,14.991824,54.7757,19.297287
23.322332,14.996131,54.795605,19.301233
23.332333,15.000436,54.815514,19.305172
23.342335,15.004743,54.835434,19.309113
23.352335,15.0090475,54.855328,19.313051
23.362337,15.013348,54.875244,19.316988
23.372337,15.017651,54.895157,19.320927
23.382338,15.021955,54.91507,19.324863
23.39234,15.026255,54.93498,19.328798
23.40234,15.030557,54.954887,19.332733
23.412342,15.034857,54.974808,19.33667
23.422342,15.039154,54.994717,19.340605
23.432343,15.043455,55.014637,19.34454
23.442345,15.047752,55.03455,19.34847
23.452345,15.052052,55.054474,19.352404
23.462347,15.056346,55.07439,19.356335
23.472347,15.060642,55.0943,19.360268
23.482347,15.06494,55.114223,19.364195
23.49235,15.069232,55.134136,19.368124
23.50235,15.073525,55.154057,19.372051
23.512352,15.077819,55.17398,19.375982
23.522352,15.08211,55.193897,19.379908
23.532352,15.086406,55.213818,19.383835
23.542355,15.090697,55.23375,19.387762
23.552355,15.094985,55.253674,19.391685
23.562357,15.099276,55.273598,19.39561
23.572357,15.103565,55.29351,19.399536
23.582357,15.107854,55.31344,19.40346
23.59236,15.112141,55.333366,19.40738
23.60236,15.116426,55.353287,19.411303
23.612362,15.120718,55.37322,19.415222
23.622362,15.125001,55.393143,19.419142
23.632362,15.12929,55.41307,19.423063
23.642365,15.1335745,55.433002,19.426983
23.652365,15.137859,55.452927,19.4309
23.662367,15.142142,55.472866,19.43482
23.672367,15.146425,55.492794,19.438736
23.682367,15.150706,55.51272,19.442652
23.69237,15.154987,55.532658,19.446566
23.70237,15.159268,55.552586,19.450481
23.712372,15.163548,55.572525,19.454395
23.722372,15.167827,55.592457,19.458311
23.732372,15.172106,55.61239,19.462221
23.742374,15.176382,55.632328,19.466133
23.752375,15.180659,55.652267,19.470045
23.762377,15.1849375,55.672203,19.473957
23.772377,15.189216,55.692135,19.477865
23.78238,15.193488,55.712074,19.481775
23.79238,15.197763,55.732014,19.485683
23.80238,15.202038,55.751953,19.489592
23.812382,15.206314,55.771893,19.4935
23.822382,15.210586,55.79183,19.497404
23.832384,15.214855,55.811768,19.50131
23.842384,15.219129,55.831715,19.505213
23.852385,15.223397,55.851654,19.50912
23.862387,15.22767,55.871597,19.513025
23.872387,15.231936,55.89154,19.516928
23.88239,15.236206,55.911488,19.520828
23.89239,15.240474,55.931427,19.524733
23.90239,15.244741,55.95137,19.528631
23.912392,15.249009,55.97132,19.532532
23.922392,15.253275,55.99127,19.53643
23.932394,15.257543,56.01122,19.540329
23.942394,15.2618065,56.03116,19.544228
23.952394,15.266069,56.051117,19.548126
23.962397,15.270333,56.071068,19.552023
23.972397,15.274598,56.091007,19.555918
23.982399,15.278856,56.11097,19.559813
23.9924,15.283121,56.130913,19.56371
24.0024,15.28738,56.15086,19.5676
24.012402,15.29164,56.17082,19.571495
24.022402,15.295901,56.190773,19.57539
24.032404,15.3001585,56.210728,19.57928
24.042404,15.304418,56.230675,19.58317
24.052404,15.308674,56.25064,19.587063
24.062407,15.312937,56.270596,19.590954
24.072407,15.317189,56.290546,19.594841
24.082409,15.321448,56.310505,19.598732
24.09241,15.325701,56.330456,19.602621
24.10241,15.329954,56.35041,19.606506
24.112411,15.3342085,56.37037,19.610392
24.122412,15.338462,56.39033,19.614279
24.132414,15.342717,56.41029,19.618164
24.142414,15.346964,56.430252,19.622044
24.152414,15.351215,56.450207,19.625929
24.162416,15.355469,56.470173,19.629814
24.172417,15.359718,56.49013,19.633696
24.182419,15.363966,56.510105,19.637577
24.19242,15.368217,56.530064,19.64146
24.202421,15.372464,56.550022,19.645338
24.212421,15.37671,56.569984,19.649218
24.222422,15.380957,56.58996,19.6531
24.232424,15.385203,56.609924,19.656975
24.242424,15.389448,56.62989,19.660852
24.252426,15.393693,56.649853,19.66473
24.262426,15.397939,56.669823,19.668608
24.272427,15.402179,56.689785,19.672483
24.282429,15.406422,56.70976,19.676357
24.292429,15.410664,56.729725,19.680231
24.302431,15.4149065,56.749702,19.684103
24.312431,15.419149,56.76967,19.687977
24.322432,15.423389,56.789635,19.691849
24.332434,15.427626,56.80961,19.695719
24.342434,15.431865,56.829575,19.69959
24.352436,15.436104,56.849552,19.703459
24.362436,15.440343,56.869522,19.70733
24.372437,15.44458,56.889496,19.7112
24.382439,15.448814,56.90949,19.715067
24.392439,15.453052,56.929455,19.718935
24.402441,15.457285,56.949425,19.7228
24.412441,15.461519,56.96941,19.726667
24.422441,15.465755,56.989384,19.73053
24.432444,15.469991,57.00936,19.734396
24.442444,15.474222,57.02934,19.738258
24.452446,15.478449,57.04931,19.742123
24.462446,15.482684,57.069298,19.745987
24.472446,15.486916,57.089268,19.749846
24.482449,15.491143,57.109253,19.753708
24.492449,15.495369,57.12923,19.757568
24.50245,15.4996,57.14921,19.761429
24.512451,15.503829,57.169212,19.765287
24.522451,15.508059,57.189182,19.769146
24.532454,15.512287,57.209164,19.773005
24.542454,15.516508,57.22915,19.776861
24.552456,15.520738,57.24914,19.78072
24.562456,15.5249605,57.269115,19.78457
24.572456,15.529186,57.2891,19.788425
24.582458,15.533413,57.309093,19.792282
24.592459,15.537631,57.329075,19.796137
24.60246,15.541855,57.349068,19.79999
24.612461,15.546079,57.369053,19.80384
24.622461,15.550302,57.389034,19.807693
24.632463,15.554519,57.409027,19.811543
24.642464,15.558738,57.42902,19.815395
24.652466,15.56296,57.449013,19.819242
24.662466,15.567177,57.469,19.823092
24.672468,15.571395,57.48899,19.82694
24.682468,15.575612,57.508987,19.83079
24.692469,15.579829,57.528973,19.834631
24.70247,15.584048,57.54897,19.838482
24.712471,15.588261,57.568962,19.842325
24.722473,15.592477,57.58896,19.84617
24.732473,15.596688,57.608948,19.850014
24.742474,15.600904,57.62895,19.853857
24.752476,15.605117,57.64894,19.8577
24.762476,15.60933,57.668938,19.861544
24.772478,15.613543,57.68894,19.865387
24.782478,15.617752,57.708935,19.869228
24.792479,15.621961,57.728928,19.873064
24.80248,15.626175,57.748924,19.876907
24.81248,15.6303835,57.768925,19.880745
24.822483,15.63459,57.788925,19.88458
24.832483,15.638799,57.80892,19.88842
24.842484,15.643007,57.828934,19.892256
24.852486,15.647215,57.848934,19.896093
24.862486,15.651418,57.86893,19.899925
24.872488,15.655626,57.888935,19.90376
24.882488,15.659832,57.908936,19.907595
24.892488,15.664034,57.928932,19.911427
24.90249,15.668238,57.948956,19.915262
24.91249,15.672441,57.968952,19.919092
24.922493,15.676643,57.988956,19.922924
24.932493,15.680844,58.008965,19.926754
24.942493,15.685043,58.028965,19.930586
24.952496,15.689248,58.048973,19.934414
24.962496,15.693446,58.068977,19.938242
24.972498,15.697647,58.088993,19.942074
24.982498,15.701844,58.108997,19.945898
24.992498,15.706045,58.128998,19.949724
25.0025,15.710243,58.149014,19.95355
25.0125,15.7144375,58.169025,19.957376
25.022503,15.7186365,58.189037,19.961203
25.032503,15.722832,58.20905,19.965025
25.042503,15.727023,58.229057,19.968845
25.052505,15.73122,58.249077,19.97267
25.062506,15.735411,58.269077,19.976488
25.072508,15.739609,58.289097,19.980312
25.082508,15.743798,58.309113,19.98413
25.092508,15.747993,58.329124,19.987951
25.10251,15.752185,58.349144,19.991774
25.11251,15.756374,58.369152,19.995588
25.122513,15.760563,58.389168,19.99941
25.132513,15.764756,58.409187,20.003223
25.142515,15.768942,58.429203,20.007042
25.152515,15.773129,58.449223,20.010857
25.162516,15.777316,58.469227,20.014671
25.172518,15.781506,58.489254,20.018486
25.182518,15.785689,58.509277,20.022303
25.19252,15.78988,58.529297,20.026114
25.20252,15.794064,58.549316,20.029928
25.21252,15.798248,58.569336,20.03374
25.222523,15.802434,58.58936,20.03755
25.232523,15.806615,58.60938,20.04136
25.242525,15.810801,58.629406,20.04517
25.252525,15.814982,58.649418,20.048979
25.262526,15.819163,58.669445,20.05279
25.272528,15.823346,58.689472,20.056595
25.282528,15.827522,58.7095,20.060404
25.29253,15.831707,58.729515,20.064209
25.30253,15.835882,58.749542,20.068014
25.31253,15.840065,58.76956,20.07182
25.322533,15.844241,58.7896,20.075626
25.332533,15.848419,58.80962,20.079428
25.342535,15.852598,58.82965,20.08323
25.352535,15.856773,58.849674,20.087034
25.362535,15.8609495,58.86971,20.090837
25.372538,15.865124,58.889736,20.094633
25.382538,15.869296,58.90976,20.098434
25.39254,15.873471,58.929794,20.10224
25.40254,15.877645,58.94983,20.106033
25.41254,15.881818,58.969852,20.109835
25.422543,15.885989,58.989887,20.11363
25.432543,15.890159,59.009914,20.11743
25.442545,15.894333,59.029945,20.121225
25.452545,15.898502,59.049984,20.125023
25.462545,15.902672,59.070015,20.128813
25.472548,15.906842,59.090057,20.13261
25.482548,15.911008,59.110085,20.136404
25.49255,15.915175,59.13012,20.140196
25.50255,15.919347,59.150154,20.143991
25.51255,15.9235115,59.17019,20.147781
25.522552,15.92768,59.190228,20.151573
25.532553,15.931846,59.210262,20.155363
25.542555,15.936009,59.230297,20.159153
25.552555,15.940174,59.25033,20.162943
25.562555,15.944338,59.27038,20.166729
25.572557,15.9485,59.29041,20.170517
25.582558,15.9526615,59.310455,20.174305
25.59256,15.956826,59.330494,20.178091
25.60256,15.960988,59.350536,20.181877
25.612562,15.96515,59.37057,20.185663
25.622562,15.969307,59.39061,20.189445
25.632563,15.973468,59.410656,20.19323
25.642565,15.977627,59.430702,20.197014
25.652565,15.981784,59.45075,20.200794
25.662567,15.985942,59.47079,20.204578
25.672567,15.990101,59.490833,20.208359
25.682568,15.994258,59.51088,20.21214
25.69257,15.998411,59.530914,20.21592
25.70257,16.002567,59.550957,20.219698
25.712572,16.006725,59.57101,20.223478
25.722572,16.010878,59.591057,20.227255
25.732573,16.015034,59.611107,20.231033
25.742575,16.019184,59.63115,20.23481
25.752575,16.023336,59.65119,20.238583
25.762577,16.02749,59.67124,20.24236
25.772577,16.031643,59.6913,20.246136
25.782578,16.035791,59.71134,20.249908
25.79258,16.039946,59.7314,20.253681
25.80258,16.044092,59.751442,20.257452
25.812582,16.048239,59.77149,20.261225
25.822582,16.05239,59.79154,20.264996
25.832582,16.056538,59.811584,20.26877
25.842585,16.060686,59.831646,20.272535
25.852585,16.064833,59.851692,20.276304
25.862587,16.068975,59.871754,20.280075
25.872587,16.073124,59.891804,20.283842
25.882587,16.077269,59.911846,20.28761
25.89259,16.081411,59.931896,20.291378
25.90259,16.085556,59.951965,20.295141
25.912592,16.089703,59.972015,20.298908
25.922592,16.093843,59.99207,20.302671
25.932592,16.097984,60.01213,20.306437
25.942595,16.102127,60.032185,20.310202
25.952595,16.106266,60.052235,20.313965
25.962597,16.110407,60.072292,20.317726
25.972597,16.11455,60.092365,20.321486
25.982597,16.118689,60.112415,20.325247
25.9926,16.122824,60.13247,20.329006
26.0026,16.126965,60.152534,20.332766
26.012602,16.131104,60.1726,20.336525
26.022602,16.13524,60.192657,20.340284
26.032602,16.139376,60.212715,20.344038
26.042604,16.14351,60.23277,20.347795
26.052605,16.147648,60.25284,20.351555
26.062607,16.151781,60.272907,20.355309
26.072607,16.155916,60.29296,20.35906
26.08261,16.16005,60.313023,20.362818
26.09261,16.16418,60.33308,20.366573
26.10261,16.168314,60.353138,20.370321
26.112612,16.172445,60.373222,20.374079
26.122612,16.176577,60.393276,20.377829
26.132614,16.18071,60.41335,20.38158
26.142614,16.184837,60.433407,20.38533
26.152615,16.188967,60.45347,20.38908
26.162617,16.193098,60.473534,20.392826
26.172617,16.197226,60.49361,20.396574
26.18262,16.201353,60.513676,20.400324
26.19262,16.205482,60.53374,20.404072
26.20262,16.209608,60.553806,20.407816
26.212622,16.213734,60.573883,20.411562
26.222622,16.217861,60.59395,20.415306
26.232624,16.221985,60.61402,20.41905
26.242624,16.22611,60.63409,20.422794
26.252625,16.230234,60.654156,20.42654
26.262627,16.234358,60.67423,20.43028
26.272627,16.238482,60.6943,20.434023
26.282629,16.242601,60.714375,20.437765
26.29263,16.246723,60.734447,20.441502
26.30263,16.250845,60.75451,20.445246
26.312632,16.254965,60.774586,20.448984
26.322632,16.259085,60.794662,20.45272
26.332634,16.263205,60.814735,20.456459
26.342634,16.26732,60.83481,20.460196
26.352634,16.27144,60.854885,20.463934
26.362637,16.275558,60.874958,20.467669
26.372637,16.279675,60.89503,20.471403
26.382639,16.283792,60.91511,20.475138
26.39264,16.287909,60.935192,20.478872
26.40264,16.292027,60.95527,20.482607
26.412642,16.29614,60.975346,20.486341
26.422642,16.300253,60.995415,20.490068
26.432644,16.304367,61.015495,20.4938
26.442644,16.308481,61.035576,20.497532
26.452644,16.312593,61.055645,20.501265
26.462646,16.316704,61.075733,20.504993
26.472647,16.320816,61.095806,20.50872
26.482649,16.32493,61.115883,20.51245
26.49265,16.329039,61.13597,20.516176
26.502651,16.333147,61.156048,20.519903
26.512651,16.337257,61.176136,20.52363
26.522652,16.341362,61.196213,20.527353
26.532654,16.345474,61.2163,20.53108
26.542654,16.349585,61.236378,20.534805
26.552656,16.35369,61.256466,20.538528
26.562656,16.357798,61.276543,20.54225
26.572657,16.361902,61.29663,20.545973
26.582659,16.366007,61.316715,20.549692
26.592659,16.370113,61.3368,20.553415
26.602661,16.374218,61.35689,20.557138
26.612661,16.37832,61.376972,20.560856
26.622662,16.382421,61.39705,20.564573
26.632664,16.386526,61.417145,20.568293
26.642664,16.390629,61.43723,20.57201
26.652666,16.39473,61.457317,20.575726
26.662666,16.398834,61.477394,20.579443
26.672667,16.402933,61.49749,20.58316
26.682669,16.407032,61.517582,20.586876
26.692669,16.411133,61.53766,20.59059
26.702671,16.41523,61.557762,20.594303
26.712671,16.41933,61.57784,20.598017
26.722672,16.423428,61.597942,20.60173
26.732674,16.427525,61.618027,20.605442
26.742674,16.431618,61.638107,20.609148
26.752676,16.435715,61.6582,20.612862
26.762676,16.439814,61.6783,20.616573
26.772676,16.443907,61.69838,20.620281
26.782679,16.448002,61.71848,20.62399
26.792679,16.452095,61.738567,20.627697
26.802681,16.456192,61.758667,20.631405
26.812681,16.460287,61.77876,20.635115
26.822681,16.464375,61.798847,20.638819
26.832684,16.468468,61.818954,20.642527
26.842684,16.472557,61.839035,20.646227
26.852686,16.47665,61.859142,20.649935
26.862686,16.48074,61.879234,20.65364
26.872686,16.484827,61.899315,20.65734
26.882689,16.488916,61.919422,20.661041
26.892689,16.49301,61.939518,20.664745
26.90269,16.497093,61.959625,20.668446
26.912691,16.501184,61.979717,20.672148
26.922691,16.505268,61.999813,20.675844
26.932693,16.509356,62.019905,20.679544
26.942694,16.51344,62.040012,20.683245
26.952696,16.517527,62.06011,20.686941
26.962696,16.521612,62.080215,20.69064
26.972698,16.525696,62.1003,20.694334
26.982698,16.52978,62.120403,20.698032
26.992699,16.533865,62.14051,20.701725
27.0027,16.537945,62.160618,20.705421
27.012701,16.542028,62.180706,20.709114
27.022703,16.54611,62.20082,20.71281
27.032703,16.550188,62.220905,20.716501
27.042704,16.554272,62.241013,20.720194
27.052706,16.55835,62.261124,20.723885
27.062706,16.562431,62.281208,20.727575
27.072708,16.56651,62.301323,20.731266
27.082708,16.570585,62.321426,20.734953
27.092709,16.574667,62.341534,20.738642
27.10271,16.578743,62.361626,20.742332
27.11271,16.582817,62.381733,20.746023
27.122713,16.586897,62.401844,20.749708
27.132713,16.590971,62.421936,20.753393
27.142714,16.595047,62.442043,20.757078
27.152716,16.599121,62.462166,20.760765
27.162716,16.603199,62.482277,20.76445
27.172718,16.60727,62.50237,20.768133
27.182718,16.611341,62.52249,20.771816
27.192719,16.615412,62.54259,20.775497
27.20272,16.619484,62.5627,20.77918
27.21272,16.62356,62.5828,20.78286
27.222723,16.627628,62.602917,20.786543
27.232723,16.6317,62.62303,20.790222
27.242723,16.635773,62.64313,20.793901
27.252726,16.63984,62.66325,20.797583
27.262726,16.643908,62.683357,20.80126
27.272728,16.647976,62.703465,20.804935
27.282728,16.652042,62.72357,20.80861
27.292728,16.65611,62.743687,20.81229
27.30273,16.66018,62.763798,20.815964
27.31273,16.664248,62.783913,20.81964
27.322733,16.668314,62.804028,20.823315
27.332733,16.672377,62.824127,20.826984
27.342733,16.676441,62.84425,20.830658
27.352736,16.680504,62.864357,20.834333
27.362736,16.684566,62.884483,20.838005
27.372738,16.688631,62.90459,20.841673
27.382738,16.69269,62.924698,20.845343
27.392738,16.696756,62.944828,20.849014
27.40274,16.700817,62.964935,20.852684
27.41274,16.704878,62.985065,20.856352
27.422743,16.708939,63.005188,20.860022
27.432743,16.712997,63.025284,20.863688
27.442745,16.717058,63.045406,20.867357
27.452745,16.721117,63.06553,20.871021
27.462746,16.725174,63.08563,20.874687
27.472748,16.72923,63.105743,20.878353
27.482748,16.733294,63.125866,20.882015
27.49275,16.737349,63.145977,20.88568
27.50275,16.741407,63.1661,20.88934
27.51275,16.745457,63.186222,20.893003
27.522753,16.749516,63.206337,20.896664
27.532753,16.753569,63.22646,20.900324
27.542755,16.757627,63.246574,20.903986
27.552755,16.761679,63.266697,20.907648
27.562756,16.76573,63.28682,20.911306
27.572758,16.769783,63.306942,20.914965
27.582758,16.773838,63.327065,20.918623
27.59276,16.77789,63.34718,20.92228
27.60276,16.781937,63.36731,20.925936
27.61276,16.78599,63.387432,20.929594
27.622763,16.790043,63.407555,20.933245
27.632763,16.794092,63.42768,20.936903
27.642765,16.798141,63.447803,20.940557
27.652765,16.802189,63.467926,20.944208
27.662766,16.806236,63.48805,20.94786
27.672768,16.810286,63.50817,20.951515
27.682768,16.81433,63.5283,20.955166
27.69277,16.818378,63.548416,20.958817
27.70277,16.822424,63.568546,20.962467
27.71277,16.82647,63.58867,20.966116
27.722773,16.830519,63.6088,20.969767
27.732773,16.834557,63.628906,20.973413
27.742775,16.838604,63.649044,20.977062
27.752775,16.842648,63.669167,20.98071
27.762775,16.846691,63.689304,20.984354
27.772778,16.850737,63.709442,20.987999
27.782778,16.854773,63.729557,20.991646
27.79278,16.858818,63.749687,20.99529
27.80278,16.86286,63.76981,20.998936
27.81278,16.866896,63.789948,21.002577
27.822783,16.87094,63.81007,21.006222
27.832783,16.874979,63.830208,21.009863
27.842785,16.879017,63.850315,21.013508
27.852785,16.883057,63.87046,21.017149
27.862785,16.88709,63.890575,21.020786
27.872787,16.89113,63.910713,21.024427
27.882788,16.895172,63.93085,21.028065
27.89279,16.899204,63.950974,21.031702
27.90279,16.90324,63.97111,21.035341
27.912792,16.907278,63.99125,21.038977
27.922792,16.911306,64.01136,21.042614
27.932793,16.915344,64.03151,21.04625
27.942795,16.91938,64.05164,21.049889
27.952795,16.92341,64.07177,21.053524
27.962797,16.927446,64.0919,21.057156
27.972797,16.93148,64.112045,21.06079
27.982798,16.935509,64.132164,21.064423
27.9928,16.93954,64.15231,21.068056
28.0028,16.943577,64.17244,21.071684
28.012802,16.947603,64.19258,21.075317
28.022802,16.951633,64.21271,21.078945
28.032803,16.955666,64.23284,21.082577
28.042805,16.959692,64.25299,21.086206
28.052805,16.963722,64.27311,21.089834
28.062807,16.96775,64.29327,21.093466
28.072807,16.971775,64.313385,21.097092
28.082808,16.975803,64.33353,21.100716
28.09281,16.97983,64.35366,21.104342
28.10281,16.983856,64.3738,21.107965
28.112812,16.98788,64.39394,21.111593
28.122812,16.991907,64.41408,21.115215
28.132812,16.995934,64.43422,21.11884
28.142815,16.999958,64.45435,21.122463
28.152815,17.003977,64.47449,21.126085
28.162817,17.008003,64.49463,21.129707
28.172817,17.012026,64.51477,21.133326
28.182817,17.016047,64.534904,21.136948
28.19282,17.02007,64.55505,21.140568
28.20282,17.024092,64.57519,21.144188
28.212822,17.028114,64.59533,21.147806
28.222822,17.032133,64.61548,21.151424
28.232822,17.036152,64.6356,21.15504
28.242825,17.04017,64.65576,21.158659
28.252825,17.044191,64.67589,21.162275
28.262827,17.048206,64.696045,21.165892
28.272827,17.052229,64.71619,21.169504
28.282827,17.05624,64.73631,21.173119
28.29283,17.060259,64.756454,21.176731
28.30283,17.064276,64.7766,21.180347
28.312832,17.06829,64.79675,21.183958
28.322832,17.072308,64.816895,21.18757
28.332832,17.07632,64.837036,21.19118
28.342834,17.080338,64.85718,21.19479
28.352835,17.08435,64.87732,21.1984
28.362837,17.088366,64.89748,21.202011
28.372837,17.092375,64.91762,21.205618
28.38284,17.09639,64.93777,21.209227
28.39284,17.1004,64.9579,21.212835
28.40284,17.104412,64.978035,21.216442
28.412842,17.108425,64.99819,21.220047
28.422842,17.112434,65.01834,21.223654
28.432844,17.116442,65.0385,21.227257
28.442844,17.120453,65.05865,21.230865
28.452845,17.124464,65.07878,21.234468
28.462847,17.128471,65.09894,21.238071
28.472847,17.13248,65.11908,21.24167
28.48285,17.136486,65.13923,21.245274
28.49285,17.140493,65.15937,21.248875
28.50285,17.144499,65.17951,21.252476
28.512852,17.148504,65.19967,21.256079
28.522852,17.152514,65.21982,21.259674
28.532854,17.156517,65.23997,21.263273
28.542854,17.16052,65.26011,21.266872
28.552855,17.164528,65.28026,21.27047
28.562857,17.16853,65.30042,21.274069
28.572857,17.172535,65.320564,21.277662
28.582859,17.176537,65.34071,21.28126
28.59286,17.180538,65.360855,21.284855
28.60286,17.184536,65.38102,21.288448
28.612862,17.188545,65.40117,21.292046
28.622862,17.192541,65.421326,21.295637
28.632864,17.196545,65.441475,21.29923
28.642864,17.20054,65.46162,21.30282
28.652864,17.204544,65.48178,21.306412
28.662867,17.20854,65.50193,21.310003
28.672867,17.212543,65.52207,21.313597
28.682869,17.21654,65.54224,21.317184
28.69287,17.220537,65.562386,21.320772
28.70287,17.224533,65.58254,21.324362
28.712872,17.228527,65.60269,21.327948
28.722872,17.232527,65.62284,21.331537
28.732874,17.236525,65.643005,21.335125
28.742874,17.240519,65.66315,21.33871
28.752874,17.244516,65.683304,21.342297
28.762877,17.248508,65.70347,21.34588
28.772877,17.252499,65.72362,21.349463
28.782879,17.256496,65.743774,21.353048
28.79288,17.260489,65.76393,21.35663
28.802881,17.26448,65.784096,21.360212
28.812881,17.26847,65.804245,21.363798
28.822882,17.27246,65.824394,21.367376
28.832884,17.276451,65.844536,21.370956
28.842884,17.280443,65.86471,21.374537
28.852886,17.284433,65.884865,21.378115
28.862886,17.288427,65.90503,21.381697
28.872887,17.292414,65.92517,21.385275
28.882889,17.2964,65.94535,21.388851
28.892889,17.30039,65.965485,21.392427
28.902891,17.304377,65.98566,21.396004
28.912891,17.308363,66.005806,21.39958
28.922892,17.312353,66.02597,21.403154
28.932894,17.31634,66.04613,21.406727
28.942894,17.320322,66.066284,21.410303
28.952896,17.324316,66.08646,21.413877
28.962896,17.328295,66.1066,21.41745
28.972897,17.332281,66.12676,21.421022
28.982899,17.336267,66.14693,21.424595
28.992899,17.34025,66.16709,21.428164
29.002901,17.34423,66.18725,21.431736
29.012901,17.348215,66.207405,21.435305
29.022902,17.352198,66.22756,21.438873
29.032904,17.35618,66.247734,21.442442
29.042904,17.360157,66.26788,21.446009
29.052906,17.36414,66.28805,21.449577
29.062906,17.36812,66.30822,21.453142
29.072906,17.3721,66.32837,21.45671
29.082909,17.376081,66.34853,21.460278
29.092909,17.380058,66.36869,21.46384
29.102911,17.38404,66.38887,21.467405
29.112911,17.388014,66.40902,21.470966
29.122911,17.391994,66.429184,21.474531
29.132914,17.395971,66.449356,21.478092
29.142914,17.399948,66.46951,21.481657
29.152916,17.403925,66.48968,21.485216
29.162916,17.407898,66.509834,21.488775
29.172916,17.411875,66.52999,21.492338
29.182919,17.415852,66.55017,21.495897
29.192919,17.419828,66.57034,21.499454
29.20292,17.4238,66.59051,21.503016
29.212921,17.427774,66.610664,21.506573
29.222921,17.431742,66.63081,21.510124
29.232924,17.435717,66.65098,21.513683
29.242924,17.439692,66.67115,21.517239
29.252926,17.443663,66.691315,21.5208
29.262926,17.447636,66.711494,21.524351
29.272928,17.451607,66.73166,21.527903
29.282928,17.455578,66.75181,21.531456
29.292929,17.459547,66.77198,21.535007
29.30293,17.463516,66.79216,21.538563
29.312931,17.467485,66.81231,21.542116
29.322933,17.471455,66.83247,21.545668
29.332933,17.475422,66.85266,21.549217
29.342934,17.479391,66.87281,21.552765
29.352936,17.483356,66.89298,21.556318
29.362936,17.487324,66.913155,21.559862
29.372938,17.49129,66.93333,21.563412
29.382938,17.495258,66.95348,21.566957
29.392939,17.499224,66.973656,21.570507
29.40294,17.503187,66.99382,21.574055
29.412941,17.507153,67.01399,21.577597
29.422943,17.511114,67.03417,21.581144
29.432943,17.515078,67.05432,21.58469
29.442944,17.519041,67.07449,21.58823
29.452946,17.523008,67.09468,21.591774
29.462946,17.52697,67.11485,21.59532
29.472948,17.530933,67.135,21.59886
29.482948,17.534893,67.15519,21.6024
29.492949,17.53885,67.175354,21.605942
29.50295,17.542814,67.195526,21.609484
29.51295,17.546776,67.2157,21.613022
29.522953,17.550734,67.23587,21.616562
29.532953,17.55469,67.25603,21.620096
29.542953,17.558653,67.27621,21.623636
29.552956,17.562607,67.29637,21.627172
29.562956,17.56657,67.31655,21.63071
29.572958,17.570528,67.336716,21.634247
29.582958,17.574486,67.356895,21.637783
29.592958,17.57844,67.37705,21.641317
29.60296,17.582396,67.39723,21.64485
29.61296,17.586351,67.41741,21.648388
29.622963,17.590307,67.43758,21.651918
29.632963,17.594265,67.45775,21.655453
29.642963,17.598217,67.47792,21.658981
29.652966,17.602173,67.49809,21.662514
29.662966,17.606127,67.518265,21.666046
29.672968,17.61008,67.53845,21.669577
29.682968,17.61403,67.55862,21.673103
29.692968,17.617985,67.57879,21.676634
29.70297,17.621933,67.59896,21.680162
29.71297,17.625889,67.61913,21.683691
29.722973,17.629839,67.63932,21.68722
29.732973,17.633787,67.659485,21.690744
29.742975,17.637741,67.679665,21.69427
29.752975,17.641685,67.69984,21.697798
29.762976,17.645632,67.72001,21.70132
29.772978,17.649584,67.7402,21.704845
29.782978,17.65353,67.76035,21.708368
29.79298,17.657484,67.780525,21.711891
29.80298,17.661434,67.80072,21.715416
29.81298,17.665377,67.82089,21.718937
29.822983,17.669325,67.84107,21.72246
29.832983,17.673271,67.86124,21.72598
29.842985,17.677214,67.88142,21.729498
29.852985,17.681162,67.9016,21.733019
29.862986,17.685108,67.92177,21.736536
29.872988,17.68905,67.94195,21.740053
29.882988,17.692997,67.96212,21.743574
29.89299,17.69694,67.9823,21.74709
29.90299,17.700884,68.002464,21.750605
29.91299,17.704826,68.022644,21.75412
29.922993,17.708767,68.04282,21.757639
29.932993,17.712711,68.06301,21.761154
29.942995,17.716652,68.08319,21.764666
29.952995,17.720598,68.10337,21.76818
29.962996,17.724533,68.123535,21.771694
29.972998,17.728474,68.143715,21.775208
29.982998,17.732414,68.163895,21.77872
29.993,17.736357,68.18408,21.78223
30.003,17.740294,68.204254,21.785738
30.013,17.74423,68.22442,21.78925
30.023003,17.748173,68.24462,21.792763
30.033003,17.752108,68.2648,21.79627
30.043005,17.756048,68.28497,21.799778
30.053005,17.759983,68.305145,21.803284
30.063005,17.76392,68.32533,21.806795
30.073008,17.767855,68.34551,21.810299
30.083008,17.771791,68.36567,21.813805
30.09301,17.775726,68.38587,21.817314
30.10301,17.77966,68.406044,21.820816
30.11301,17.783596,68.42622,21.82432
30.123013,17.78753,68.4464,21.827826
30.133013,17.791464,68.46659,21.831326
30.143015,17.795395,68.48677,21.83483
30.153015,17.79933,68.50694,21.838331
30.163015,17.80326,68.527115,21.841831
30.173018,17.807196,68.5473,21.845333
30.183018,17.811125,68.5675,21.848833
30.19302,17.815054,68.58767,21.852333
30.20302,17.818989,68.60786,21.855831
30.213022,17.822916,68.62804,21.859333
30.223022,17.826847,68.64822,21.86283
30.233023,17.830778,68.6684,21.866327
30.243025,17.834705,68.68858,21.869822
30.253025,17.838633,68.70877,21.87332
30.263027,17.842562,68.72894,21.876816
30.273027,17.84649,68.74912,21.880308
30.283028,17.850418,68.76931,21.883802
30.29303,17.854342,68.78949,21.887295
30.30303,17.85827,68.809685,21.89079
30.313032,17.862196,68.829865,21.894283
30.323032,17.86612,68.850044,21.897772
30.333033,17.870045,68.87022,21.901266
30.343035,17.87397,68.89041,21.904758
30.353035,17.877897,68.91058,21.908247
30.363037,17.881819,68.93077,21.911737
30.373037,17.885744,68.95095,21.915224
30.383038,17.889664,68.97114,21.918716
30.39304,17.893589,68.99133,21.922203
30.40304,17.89751,69.0115,21.925688
30.413042,17.901438,69.03171,21.929178
30.423042,17.905357,69.05187,21.932663
30.433043,17.909275,69.07205,21.936148
30.443045,17.913197,69.09225,21.939634
30.453045,17.917118,69.112434,21.94312
30.463047,17.921036,69.132614,21.946604
30.473047,17.924955,69.1528,21.950087
30.483047,17.928875,69.17297,21.953568
30.49305,17.932796,69.19317,21.95705
30.50305,17.936712,69.21334,21.96053
30.513052,17.940632,69.233536,21.964012
30.523052,17.944548,69.253716,21.967491
30.533052,17.948465,69.273895,21.970974
30.543055,17.952381,69.294075,21.974453
30.553055,17.956297,69.31428,21.977934
30.563057,17.960213,69.33446,21.98141
30.573057,17.96413,69.35465,21.984886
30.583057,17.968046,69.37483,21.988363
30.59306,17.971962,69.39503,21.99184
30.60306,17.975872,69.4152,21.995316
30.613062,17.979788,69.435394,21.99879
30.623062,17.9837,69.45559,22.002268
30.633062,17.987616,69.47575,22.00574
30.643064,17.991528,69.49595,22.009214
30.653065,17.995438,69.516136,22.012688
30.663067,17.99935,69.53631,22.01616
30.673067,18.00326,69.55651,22.01963
30.68307,18.007177,69.576706,22.023104
30.69307,18.011084,69.596886,22.026575
30.70307,18.014996,69.61707,22.030043
30.713072,18.018904,69.63726,22.033512
30.723072,18.02281,69.65744,22.03698
30.733074,18.026724,69.677635,22.040451
30.743074,18.030632,69.69782,22.043919
30.753075,18.03454,69.718,22.047382
30.763077,18.038448,69.738205,22.050852
30.773077,18.042355,69.75838,22.054316
30.78308,18.046263,69.77857,22.057783
30.79308,18.050167,69.79876,22.06125
30.80308,18.054075,69.818954,22.06471
30.813082,18.057983,69.839134,22.068176
30.823082,18.06189,69.85933,22.071638
30.833084,18.06579,69.87951,22.0751
30.843084,18.069698,69.8997,22.078564
30.853085,18.073599,69.919876,22.082024
30.863087,18.077503,69.94009,22.085485
30.873087,18.081406,69.96027,22.088947
30.88309,18.08531,69.980446,22.092403
30.89309,18.089214,70.00064,22.095863
30.90309,18.093115,70.02082,22.099325
30.913092,18.09702,70.041016,22.102781
30.923092,18.10092,70.06121,22.106237
30.933094,18.104824,70.081406,22.109695
30.943094,18.108725,70.10158,22.113152
30.953094,18.11262,70.12177,22.116608
30.963097,18.116526,70.14197,22.120064
30.973097,18.120422,70.162155,22.123518
30.983099,18.124321,70.18234,22.12697
30.9931,18.128223,70.20253,22.130423
31.0031,18.132122,70.222725,22.133877
31.013102,18.136015,70.242905,22.13733
31.023102,18.139914,70.2631,22.140781
31.033104,18.14381,70.283295,22.144234
31.043104,18.147707,70.30348,22.14768
31.053104,18.151606,70.32367,22.15113
31.063107,18.155502,70.343864,22.154583
31.073107,18.159397,70.364044,22.158031
31.083109,18.163294,70.38425,22.16148
31.09311,18.167187,70.404434,22.164927
31.10311,18.171082,70.42462,22.168373
31.113111,18.174978,70.44482,22.171822
31.123112,18.17887,70.465004,22.175268
31.133114,18.182762,70.4852,22.178715
31.143114,18.186655,70.50538,22.182158
31.153116,18.19055,70.52558,22.185604
31.163116,18.194445,70.54578,22.189047
31.173117,18.198336,70.56595,22.19249
31.183119,18.202225,70.586136,22.19593
31.19312,18.20612,70.60634,22.199375
31.203121,18.210007,70.626526,22.202814
31.213121,18.213902,70.646736,22.206259
31.223122,18.217787,70.6669,22.209694
31.233124,18.221676,70.687096,22.213137
31.243124,18.225565,70.70729,22.216576
31.253126,18.229454,70.72748,22.220015
31.263126,18.233345,70.74767,22.223455
31.273127,18.23723,70.76787,22.226889
31.283129,18.241123,70.78806,22.230326
31.293129,18.245005,70.80824,22.233763
31.303131,18.248894,70.82844,22.237198
31.313131,18.252783,70.84863,22.240633
31.323132,18.256666,70.86882,22.24407
31.333134,18.260551,70.889015,22.247505
31.343134,18.264442,70.9092,22.250937
31.353136,18.268322,70.92941,22.254372
31.363136,18.272207,70.94959,22.257803
31.373137,18.27609,70.96977,22.261232
31.383139,18.279974,70.98996,22.264666
31.393139,18.283857,71.010155,22.268095
31.403141,18.287743,71.03036,22.271526
31.413141,18.291626,71.05055,22.274956
31.423141,18.295507,71.07075,22.278383
31.433144,18.299387,71.09093,22.28181
31.443144,18.30327,71.11112,22.28524
31.453146,18.307152,71.13132,22.28867
31.463146,18.311033,71.151505,22.292097
31.473146,18.314917,71.1717,22.295523
31.483149,18.318792,71.191895,22.298946
31.493149,18.322672,71.21209,22.302374
31.50315,18.326555,71.232285,22.305796
31.513151,18.330433,71.25248,22.309221
31.523151,18.33431,71.27266,22.312643
31.533154,18.338192,71.292854,22.316069
31.543154,18.34207,71.31305,22.31949
31.553156,18.345943,71.33324,22.322912
31.563156,18.349823,71.35343,22.326334
31.573158,18.353697,71.37363,22.329752
31.583158,18.357573,71.39382,22.333172
31.593159,18.361452,71.41402,22.336594
31.60316,18.36533,71.434204,22.34001
31.613161,18.369205,71.4544,22.343431
31.623163,18.373075,71.474594,22.346851
31.633163,18.376951,71.49479,22.350266
31.643164,18.380825,71.514984,22.353682
31.653166,18.384703,71.53518,22.357101
31.663166,18.388577,71.555374,22.360514
31.673168,18.392448,71.575554,22.36393
31.683168,18.39632,71.59574,22.367344
31.693169,18.400192,71.61593,22.370758
31.70317,18.404066,71.63613,22.37417
31.713171,18.407936,71.65633,22.377584
31.723173,18.41181,71.67652,22.380997
31.733173,18.415678,71.696724,22.384409
31.743174,18.419548,71.71691,22.38782
31.753176,18.42342,71.73711,22.391232
31.763176,18.427288,71.75729,22.394638
31.773178,18.431158,71.77748,22.39805
31.783178,18.435028,71.797676,22.40146
31.793179,18.438898,71.81787,22.404865
31.80318,18.442764,71.83808,22.408276
31.81318,18.446636,71.85827,22.41168
31.823183,18.4505,71.878456,22.41509
31.833183,18.454369,71.89864,22.418495
31.843184,18.458235,71.918846,22.4219
31.853186,18.462103,71.93903,22.425304
31.863186,18.46597,71.95922,22.428707
31.873188,18.469835,71.979416,22.432112
31.883188,18.473701,71.999626,22.435516
31.893188,18.477564,72.01979,22.438917
31.90319,18.48143,72.04,22.442322
31.91319,18.485292,72.060196,22.445723
31.923193,18.48916,72.080376,22.449125
31.933193,18.493023,72.10058,22.452526
31.943193,18.49689,72.12077,22.455923
31.953196,18.50075,72.14097,22.459324
31.963196,18.504614,72.161156,22.462723
31.973198,18.508474,72.18136,22.466122
31.983198,18.512337,72.20154,22.469519
31.993198,18.516195,72.221725,22.472914
32.0032,18.520058,72.241936,22.476313
32.013203,18.52392,72.26212,22.479708
32.0232,18.52778,72.28231,22.483105
32.033203,18.531643,72.30251,22.486502
32.043205,18.535501,72.322716,22.489899
32.053204,18.539358,72.34288,22.493286
32.063206,18.543219,72.36309,22.496681
32.073208,18.54708,72.383286,22.500076
32.08321,18.550938,72.40348,22.503468
32.09321,18.554796,72.423676,22.50686
32.10321,18.558651,72.44388,22.51025
32.113213,18.56251,72.46407,22.513643
32.12321,18.566368,72.48426,22.51703
32.133213,18.570225,72.50445,22.52042
32.143215,18.574078,72.52464,22.523811
32.153214,18.577938,72.54482,22.527197
32.163216,18.581789,72.56503,22.530588
32.173218,18.585646,72.58522,22.533972
32.18322,18.5895,72.60543,22.53736
32.19322,18.593357,72.62561,22.540747
32.20322,18.59721,72.6458,22.544134
32.213223,18.601065,72.666,22.547518
32.22322,18.604921,72.68618,22.550903
32.233223,18.60877,72.706375,22.554285
32.243225,18.612625,72.72658,22.55767
32.253223,18.616478,72.74678,22.56105
32.263226,18.620327,72.76695,22.564434
32.273228,18.62418,72.78716,22.567818
32.28323,18.628033,72.80735,22.571198
32.29323,18.631884,72.82754,22.574577
32.30323,18.63573,72.847725,22.57796
32.313232,18.63958,72.86793,22.581339
32.32323,18.643435,72.88812,22.584717
32.333233,18.647282,72.90831,22.588099
32.343235,18.65113,72.92852,22.591473
32.353237,18.654982,72.94871,22.59485
32.363235,18.65883,72.9689,22.598225
32.373238,18.66268,72.98909,22.601604
32.38324,18.666529,73.009285,22.60498
32.393238,18.670376,73.029465,22.608353
32.40324,18.674223,73.04967,22.611729
32.413242,18.678066,73.06986,22.615107
32.42324,18.681913,73.09006,22.618479
32.433243,18.68576,73.11024,22.62185
32.443245,18.689608,73.13045,22.625221
32.453247,18.693453,73.15064,22.628597
32.463245,18.6973,73.17083,22.631966
32.473248,18.701143,73.19102,22.635342
32.48325,18.704988,73.21122,22.638708
32.493248,18.708832,73.2314,22.642078
32.50325,18.712675,73.251595,22.645447
32.513252,18.71652,73.27179,22.648815
32.52325,18.720362,73.29198,22.652184
32.533253,18.724205,73.31218,22.655548
32.543255,18.72805,73.33237,22.658918
32.553257,18.731888,73.35257,22.662287
32.563255,18.735731,73.37276,22.66565
32.573257,18.739576,73.39295,22.669016
32.58326,18.743414,73.41315,22.672384
32.593258,18.747255,73.433334,22.675745
32.60326,18.751097,73.45352,22.679108
32.613262,18.754934,73.473724,22.682476
32.62326,18.758778,73.49391,22.685833
32.633263,18.762617,73.51411,22.6892
32.643265,18.766455,73.53431,22.692558
32.653267,18.770298,73.554504,22.695919
32.663265,18.774134,73.57468,22.699278
32.673267,18.777971,73.59488,22.70264
32.68327,18.781807,73.61506,22.706001
32.693268,18.78564,73.635254,22.709356
32.70327,18.789484,73.65545,22.712719
32.713272,18.793324,73.675644,22.716076
32.723274,18.797161,73.69585,22.719435
32.733273,18.800993,73.71602,22.722788
32.743275,18.80483,73.73623,22.726147
32.753277,18.808664,73.75642,22.729502
32.763275,18.812498,73.776596,22.732857
32.773277,18.816334,73.7968,22.73621
32.78328,18.820168,73.81698,22.739563
32.793278,18.824003,73.83717,22.742918
32.80328,18.827835,73.85737,22.746271
32.813282,18.83167,73.87755,22.749622
32.823284,18.835505,73.897766,22.752977
32.833282,18.839334,73.91795,22.756327
32.843285,18.843168,73.93813,22.759676
32.853287,18.847002,73.95833,22.76303
32.863285,18.850836,73.97853,22.766378
32.873287,18.854668,73.99871,22.769728
32.88329,18.858496,74.01889,22.773071
32.893288,18.86233,74.039085,22.776423
32.90329,18.866156,74.05928,22.77977
32.913292,18.869986,74.07947,22.783117
32.923294,18.87382,74.09966,22.786463
32.933292,18.877647,74.11985,22.78981
32.943295,18.881477,74.14005,22.793156
32.953297,18.88531,74.16025,22.796501
32.963295,18.889135,74.18043,22.799845
32.973297,18.892962,74.20062,22.80319
32.9833,18.896791,74.22081,22.806532
32.993298,18.900618,74.241005,22.809874
33.0033,18.904448,74.26121,22.813221
33.0133,18.908274,74.28138,22.816559
33.023304,18.912102,74.301575,22.8199
33.033302,18.915928,74.32177,22.823242
33.043304,18.919752,74.34195,22.826582
33.053307,18.923578,74.362144,22.82992
33.063305,18.927402,74.38233,22.83326
33.073307,18.931227,74.40253,22.836597
33.08331,18.935053,74.422714,22.839935
33.093307,18.93888,74.4429,22.843271
33.10331,18.942701,74.4631,22.84661
33.11331,18.946527,74.48328,22.849947
33.123314,18.950352,74.50347,22.853283
33.133312,18.954174,74.52366,22.856617
33.143314,18.957993,74.54386,22.859953
33.153316,18.961817,74.56405,22.863287
33.163315,18.965643,74.58423,22.86662
33.173317,18.96946,74.60442,22.869951
33.18332,18.973288,74.62462,22.873285
33.19332,18.977108,74.64481,22.876617
33.20332,18.980928,74.665,22.879951
33.21332,18.984747,74.68519,22.88328
33.223324,18.988567,74.70537,22.88661
33.233322,18.992386,74.725555,22.889938
33.243324,18.996206,74.74575,22.89327
33.253326,19.000027,74.76594,22.896599
33.263325,19.003847,74.78613,22.899927
33.273327,19.007664,74.80631,22.903255
33.28333,19.011484,74.82651,22.906582
33.29333,19.015303,74.846695,22.909908
33.30333,19.019117,74.866875,22.913233
33.31333,19.022934,74.88706,22.916557
33.323334,19.026752,74.90726,22.919886
33.333332,19.030567,74.927444,22.92321
33.343334,19.034388,74.94764,22.92653
33.353336,19.038206,74.967834,22.92986
33.363335,19.042017,74.988,22.933178
33.373337,19.045834,75.008194,22.936502
33.38334,19.04965,75.02838,22.939823
33.39334,19.053469,75.048584,22.943146
33.40334,19.057278,75.06877,22.946465
33.41334,19.061092,75.08895,22.949785
33.423344,19.064909,75.109146,22.953106
33.433342,19.06872,75.129326,22.956425
33.443344,19.072535,75.149506,22.959742
33.453346,19.076347,75.16971,22.96306
33.463345,19.08016,75.18989,22.966383
33.473347,19.083971,75.210075,22.969694
33.48335,19.087784,75.23027,22.973015
33.49335,19.091597,75.25046,22.976328
33.50335,19.095411,75.27064,22.979647
33.51335,19.099218,75.290825,22.98296
33.523354,19.103031,75.31102,22.986275
33.53335,19.106842,75.331184,22.989586
33.543354,19.110653,75.35137,22.9929
33.553356,19.114464,75.371574,22.996214
33.563354,19.11827,75.39174,22.999529
33.573357,19.122082,75.41194,23.002838
33.58336,19.125889,75.43212,23.006151
33.59336,19.129702,75.45231,23.00946
33.60336,19.13351,75.472496,23.012768
33.61336,19.137316,75.49268,23.016079
33.623363,19.14112,75.51287,23.01939
33.63336,19.144932,75.53306,23.0227
33.643364,19.148735,75.55323,23.026007
33.653366,19.152548,75.57342,23.029316
33.66337,19.156353,75.59361,23.032623
33.673367,19.160162,75.61379,23.035927
33.68337,19.16396,75.63397,23.039232
33.69337,19.16777,75.654175,23.042542
33.70337,19.171574,75.67434,23.045847
33.71337,19.17538,75.694534,23.049149
33.723373,19.179186,75.71472,23.052454
33.73337,19.18299,75.73489,23.055754
33.743374,19.186792,75.75508,23.059061
33.753376,19.190598,75.77527,23.06236
33.76338,19.194405,75.795456,23.065662
33.773376,19.198208,75.815636,23.068966
33.78338,19.202011,75.83583,23.072266
33.79338,19.205814,75.856,23.075567
33.80338,19.209616,75.87618,23.078865
33.81338,19.213413,75.89638,23.082165
33.823383,19.217218,75.91656,23.085464
33.83338,19.221018,75.93674,23.08876
33.843384,19.224823,75.956924,23.09206
33.853386,19.228622,75.97711,23.095356
33.863388,19.232424,75.9973,23.098654
33.873386,19.236223,76.01747,23.10195
33.88339,19.240025,76.037674,23.105246
33.89339,19.243826,76.05784,23.108541
33.90339,19.247623,76.078026,23.111835
33.91339,19.25142,76.09821,23.11513
33.923393,19.255219,76.118385,23.118422
33.93339,19.259018,76.138565,23.121716
33.943394,19.26282,76.158745,23.125008
33.953396,19.266615,76.17893,23.128298
33.963398,19.270412,76.19911,23.13159
33.973396,19.274208,76.219284,23.13488
33.9834,19.278008,76.23947,23.13817
33.9934,19.281803,76.25966,23.14146
34.0034,19.285603,76.27983,23.14475
34.0134,19.289398,76.30002,23.148039
34.023403,19.293192,76.320206,23.151327
34.0334,19.296991,76.34037,23.154613
34.043404,19.300789,76.36056,23.157902
34.053406,19.304579,76.38074,23.161188
34.063408,19.308376,76.400925,23.164476
34.073406,19.312168,76.421104,23.16776
34.08341,19.315966,76.441284,23.171045
34.09341,19.319757,76.461464,23.174328
34.10341,19.323553,76.48164,23.177614
34.11341,19.327343,76.50183,23.180895
34.123413,19.33114,76.521996,23.18418
34.133415,19.334934,76.54218,23.187462
34.143414,19.338724,76.562355,23.190746
34.153416,19.342516,76.58254,23.194025
34.163418,19.346308,76.60274,23.197311
34.173416,19.350098,76.6229,23.200588
34.18342,19.35389,76.64308,23.203867
34.19342,19.35768,76.66326,23.20715
34.20342,19.361473,76.68345,23.210428
34.21342,19.36526,76.70362,23.213705
34.223423,19.369055,76.7238,23.216986
34.233425,19.37284,76.74397,23.220263
34.243423,19.37663,76.76414,23.223536
34.253426,19.380423,76.78434,23.226814
34.263428,19.38421,76.80452,23.23009
34.273426,19.387999,76.824684,23.233362
34.28343,19.391787,76.84485,23.236639
34.29343,19.395578,76.86504,23.239914
34.30343,19.399366,76.885216,23.243187
34.31343,19.40315,76.90539,23.246458
34.323433,19.406939,76.92556,23.249733
34.333435,19.410728,76.945755,23.253002
34.343433,19.414513,76.96593,23.256277
34.353436,19.418299,76.98611,23.259548
34.363438,19.422089,77.00628,23.26282
34.373436,19.42587,77.02645,23.266088
34.38344,19.429659,77.04663,23.269358
34.39344,19.43344,77.06682,23.272625
34.40344,19.437227,77.08698,23.275894
34.41344,19.441013,77.10716,23.279163
34.423443,19.4448,77.12733,23.282433
34.433445,19.448576,77.1475,23.285698
34.443443,19.452366,77.16768,23.288965
34.453445,19.456148,77.18786,23.29223
34.463448,19.459934,77.20803,23.295498
34.473446,19.463715,77.22822,23.298761
34.483448,19.467499,77.24838,23.302025
34.49345,19.471283,77.26857,23.30529
34.50345,19.475061,77.28873,23.308552
34.51345,19.478844,77.30891,23.311815
34.523453,19.482626,77.32909,23.315077
34.533455,19.486408,77.34925,23.31834
34.543453,19.490189,77.36943,23.321602
34.553455,19.493975,77.38961,23.324863
34.563457,19.497751,77.40978,23.328125
34.573456,19.501534,77.42995,23.33138
34.583458,19.505312,77.45013,23.33464
34.59346,19.50909,77.4703,23.3379
34.603462,19.51287,77.49046,23.341158
34.61346,19.51665,77.51064,23.344416
34.623463,19.520428,77.53081,23.347673
34.633465,19.524208,77.55098,23.350931
34.643463,19.527983,77.57116,23.354185
34.653465,19.531763,77.591324,23.357443
34.663467,19.535542,77.6115,23.360697
34.673466,19.539318,77.63167,23.36395
34.683468,19.543095,77.65184,23.367205
34.69347,19.546877,77.67203,23.37046
34.703472,19.55065,77.692184,23.373714
34.71347,19.554432,77.712364,23.376965
34.723473,19.558203,77.73254,23.380219
34.733475,19.56198,77.7527,23.38347
34.743473,19.565756,77.772865,23.38672
34.753475,19.569532,77.793045,23.389973
34.763477,19.573307,77.81322,23.393223
34.773476,19.577082,77.833374,23.396473
34.783478,19.580853,77.853546,23.39972
34.79348,19.584631,77.87372,23.402971
34.803482,19.588402,77.89388,23.406216
34.81348,19.592178,77.91406,23.409462
34.823483,19.595951,77.93423,23.41271
34.833485,19.599726,77.9544,23.41596
34.843483,19.6035,77.97456,23.4192
34.853485,19.60727,77.99473,23.42245
34.863487,19.611042,78.01489,23.425695
34.873486,19.614817,78.03508,23.42894
34.883488,19.618587,78.055244,23.432184
34.89349,19.622355,78.07541,23.435427
34.903492,19.626131,78.095566,23.43867
34.91349,19.629902,78.11573,23.441914
34.923492,19.63367,78.13591,23.445156
34.933495,19.637444,78.156075,23.448397
34.943493,19.641214,78.17624,23.451633
34.953495,19.644985,78.19641,23.454878
34.963497,19.64875,78.216576,23.458117
34.973495,19.652521,78.23674,23.461357
34.983498,19.656296,78.25691,23.464596
34.9935,19.66006,78.27708,23.467834
35.0035,19.663828,78.297226,23.47107
35.0135,19.667599,78.317406,23.474308
35.023502,19.671364,78.33756,23.477549
35.033504,19.675133,78.35774,23.480785
35.043503,19.678902,78.3779,23.484018
35.053505,19.682669,78.39806,23.487253
35.063507,19.686438,78.41823,23.49049
35.07351,19.690207,78.4384,23.493725
35.083508,19.693968,78.45856,23.496956
35.09351,19.697733,78.478714,23.50019
35.10351,19.701502,78.49889,23.503424
35.11351,19.705265,78.51905,23.506657
35.123512,19.709034,78.53923,23.50989
35.133514,19.712801,78.55939,23.513123
35.143513,19.716564,78.579544,23.51635
35.153515,19.720325,78.5997,23.519583
35.163517,19.724089,78.619865,23.52281
35.17352,19.72786,78.64004,23.52604
35.183517,19.73162,78.66019,23.529266
35.19352,19.735386,78.68035,23.532497
35.20352,19.739151,78.700516,23.535727
35.21352,19.742912,78.72067,23.538952
35.223522,19.74668,78.74084,23.542181
35.233524,19.750437,78.761,23.545404
35.243523,19.754198,78.78116,23.54863
35.253525,19.757963,78.801315,23.551855
35.263527,19.761726,78.82149,23.555079
35.27353,19.765484,78.84164,23.558304
35.283527,19.769247,78.86182,23.561527
35.29353,19.773008,78.88196,23.564749
35.30353,19.77677,78.90213,23.567976
35.31353,19.780527,78.92228,23.571196
35.323532,19.784292,78.942444,23.574419
35.333534,19.788054,78.96261,23.577642
35.343533,19.791813,78.98278,23.58086
35.353535,19.79557,79.00292,23.584082
35.363537,19.79933,79.02308,23.587301
35.37354,19.80309,79.04325,23.590519
35.383537,19.806847,79.0634,23.593739
35.39354,19.810606,79.083565,23.596958
35.40354,19.814367,79.10372,23.600174
35.41354,19.81812,79.123856,23.603392
35.423542,19.82188,79.14402,23.606611
35.433544,19.825638,79.164185,23.609825
35.443542,19.8294,79.184326,23.61304
35.453545,19.83315,79.20449,23.616257
35.463547,19.836914,79.224655,23.619474
35.47355,19.840672,79.24483,23.622686
35.483547,19.844425,79.26496,23.625898
35.49355,19.84818,79.28513,23.629114
35.50355,19.851938,79.30528,23.632326
35.51355,19.855692,79.32543,23.635538
35.523552,19.859447,79.345604,23.63875
35.533554,19.863203,79.36575,23.641962
35.543556,19.866955,79.385895,23.645172
35.553555,19.870708,79.40605,23.648382
35.563557,19.874464,79.42621,23.651592
35.57356,19.878222,79.44637,23.6548
35.583557,19.881971,79.466515,23.65801
35.59356,19.885727,79.48667,23.661219
35.60356,19.889479,79.50682,23.664427
35.61356,19.893232,79.52697,23.667635
35.62356,19.896984,79.54713,23.67084
35.633564,19.90074,79.567276,23.674044
35.643566,19.904493,79.58743,23.677254
35.653564,19.90824,79.607574,23.680458
35.663567,19.911991,79.62775,23.683664
35.67357,19.91575,79.647896,23.686869
35.683567,19.919495,79.668045,23.690073
35.69357,19.92325,79.688194,23.693275
35.70357,19.927004,79.70835,23.696478
35.71357,19.930752,79.72851,23.699678
35.72357,19.9345,79.74866,23.702883
35.733574,19.938253,79.76881,23.706085
35.743576,19.942,79.78895,23.709284
35.753574,19.94575,79.80911,23.712486
35.763577,19.949503,79.82925,23.715685
35.77358,19.953249,79.8494,23.718884
35.783577,19.956999,79.86955,23.722082
35.79358,19.96075,79.88971,23.72528
35.80358,19.964499,79.90986,23.728481
35.81358,19.968245,79.92999,23.731676
35.82358,19.97199,79.95014,23.734873
35.833584,19.975742,79.97031,23.738071
35.843586,19.979488,79.99045,23.74127
35.853584,19.983234,80.01059,23.744463
35.863586,19.986982,80.03074,23.747656
35.87359,19.990732,80.050896,23.750854
35.883587,19.994474,80.07103,23.754045
35.89359,19.99822,80.09119,23.75724
35.90359,20.001972,80.111336,23.76043
35.91359,20.005714,80.13147,23.763622
35.92359,20.00946,80.15163,23.766817
35.933594,20.013205,80.171776,23.770008
35.943596,20.016953,80.19191,23.7732
35.953594,20.020697,80.21205,23.77639
35.963596,20.024439,80.232216,23.77958
35.9736,20.028185,80.25236,23.78277
35.983597,20.031929,80.27249,23.785957
35.9936,20.035675,80.292625,23.789145
36.0036,20.039417,80.31278,23.792337
36.013603,20.043156,80.33292,23.795525
36.0236,20.046902,80.35307,23.79871
36.033604,20.050646,80.373215,23.801897
36.043606,20.05439,80.39336,23.805082
36.053604,20.05813,80.4135,23.808268
36.063606,20.061874,80.43365,23.811455
36.07361,20.065617,80.4538,23.814638
36.083607,20.069357,80.47391,23.817822
36.09361,20.073101,80.49408,23.821007
36.10361,20.076843,80.51422,23.82419
36.113613,20.080585,80.534355,23.82737
36.12361,20.084322,80.55449,23.830553
36.133614,20.088062,80.57464,23.833735
36.143616,20.091803,80.594795,23.836918
36.153614,20.095545,80.614914,23.840097
36.163616,20.099287,80.63506,23.843279
36.17362,20.103022,80.655205,23.846458
36.183617,20.106764,80.67534,23.849636
36.19362,20.110504,80.69548,23.852814
36.20362,20.114244,80.71563,23.855993
36.213623,20.11798,80.73576,23.85917
36.22362,20.12172,80.75589,23.862347
36.233624,20.12546,80.77604,23.865526
36.243626,20.129198,80.79618,23.868704
36.253624,20.132935,80.816315,23.87188
36.263626,20.13667,80.83646,23.875051
36.27363,20.140406,80.85659,23.878227
36.283627,20.14415,80.87673,23.881403
36.29363,20.14788,80.89686,23.884575
36.30363,20.151617,80.91699,23.88775
36.313633,20.155361,80.93714,23.890923
36.32363,20.15909,80.957275,23.894096
36.333633,20.16283,80.97741,23.897263
36.343636,20.166561,80.997536,23.900436
36.353634,20.170301,81.01768,23.903608
36.363636,20.174036,81.03782,23.906782
36.37364,20.17777,81.05795,23.909954
36.383636,20.181505,81.07809,23.91312
36.39364,20.18524,81.09823,23.916288
36.40364,20.188972,81.11835,23.919455
36.413643,20.192707,81.1385,23.922623
36.42364,20.196438,81.158615,23.925797
36.433643,20.200174,81.178764,23.92896
36.443645,20.203909,81.19888,23.932127
36.453644,20.207642,81.21902,23.935295
36.463646,20.21137,81.23916,23.93846
36.473648,20.215107,81.259285,23.941622
36.48365,20.218842,81.27943,23.944788
36.49365,20.222572,81.29955,23.947952
36.50365,20.226307,81.31968,23.951113
36.513653,20.23004,81.33981,23.954279
36.52365,20.233767,81.35993,23.95744
36.533653,20.237505,81.38008,23.960608
36.543655,20.241238,81.400215,23.963768
36.553654,20.244963,81.420334,23.966928
36.563656,20.248695,81.44046,23.970089
36.573658,20.252426,81.460594,23.973246
36.58366,20.256153,81.480736,23.976412
36.59366,20.259882,81.50084,23.979568
36.60366,20.263617,81.52098,23.982727
36.613663,20.26735,81.541115,23.985886
36.62366,20.271076,81.56123,23.98904
36.633663,20.274803,81.58138,23.9922
36.643665,20.278534,81.6015,23.99536
36.653664,20.282263,81.62162,23.998514
36.663666,20.28599,81.64174,24.001669
36.673668,20.289719,81.66187,24.004826
36.68367,20.293447,81.68201,24.00798
36.69367,20.297178,81.70214,24.011137
36.70367,20.300903,81.722244,24.01429
36.713673,20.304634,81.742386,24.017443
36.72367,20.308357,81.762505,24.020597
36.733673,20.312088,81.78263,24.023748
36.743675,20.315815,81.80276,24.026903
36.753674,20.319534,81.822876,24.030054
36.763676,20.323263,81.843,24.033205
36.773678,20.32699,81.863144,24.036356
36.78368,20.330719,81.883255,24.039503
36.79368,20.334442,81.90337,24.042656
36.80368,20.338171,81.92351,24.045805
36.813683,20.341896,81.943634,24.04895
36.82368,20.345617,81.96374,24.052097
36.833683,20.349346,81.983864,24.05525
36.843685,20.353071,82.00399,24.058397
36.853683,20.356792,82.02411,24.061543
36.863686,20.360518,82.04423,24.06469
36.873688,20.364243,82.06435,24.067833
36.88369,20.36797,82.08447,24.070978
36.89369,20.371689,82.10458,24.074125
36.90369,20.375414,82.12472,24.077269
36.913692,20.379137,82.14484,24.080416
36.92369,20.38286,82.164955,24.083559
36.933693,20.386585,82.18508,24.0867
36.943695,20.390305,82.2052,24.089842
36.953697,20.394028,82.2253,24.092985
36.963696,20.39775,82.24543,24.096125
36.973698,20.401474,82.26555,24.099268
36.9837,20.405195,82.28566,24.102407
36.9937,20.408915,82.305786,24.105549
37.0037,20.412634,82.32589,24.108688
37.013702,20.416357,82.34603,24.11183
37.0237,20.420076,82.366135,24.114967
37.033703,20.423801,82.38626,24.118103
37.043705,20.42752,82.406364,24.121243
37.053707,20.43124,82.42649,24.124378
37.063705,20.434961,82.446594,24.127516
37.073708,20.438679,82.466705,24.130651
37.08371,20.442404,82.48683,24.13379
37.093708,20.44612,82.506935,24.136923
37.10371,20.449839,82.52705,24.140059
37.113712,20.453558,82.547165,24.143192
37.12371,20.457277,82.56729,24.146328
37.133713,20.460995,82.5874,24.149458
37.143715,20.464718,82.60752,24.152594
37.153717,20.468431,82.62763,24.155727
37.163715,20.47215,82.64774,24.158861
37.173717,20.47587,82.66786,24.161991
37.18372,20.479586,82.68796,24.165123
37.193718,20.483305,82.70808,24.168253
37.20372,20.48702,82.7282,24.171385
37.213722,20.490738,82.74829,24.174511
37.22372,20.494453,82.7684,24.177639
37.233723,20.498173,82.78851,24.18077
37.243725,20.501886,82.80863,24.183897
37.253727,20.505606,82.82874,24.187025
37.263725,20.509317,82.84885,24.190155
37.273727,20.513035,82.868965,24.19328
37.28373,20.516752,82.88908,24.19641
37.293728,20.52047,82.90917,24.199533
37.30373,20.524181,82.92928,24.202658
37.313732,20.527899,82.94939,24.205784
37.32373,20.53161,82.9695,24.20891
37.333733,20.535328,82.98961,24.21203
37.343735,20.53904,83.00971,24.215155
37.353737,20.542757,83.02982,24.218277
37.363735,20.54647,83.04991,24.221401
37.373737,20.55018,83.07004,24.224524
37.38374,20.553892,83.09013,24.227646
37.393738,20.55761,83.110245,24.230768
37.40374,20.56132,83.13035,24.233887
37.413742,20.565037,83.15046,24.237011
37.423744,20.568748,83.17056,24.24013
37.433743,20.57246,83.19066,24.243248
37.443745,20.576168,83.21076,24.246368
37.453747,20.579887,83.23087,24.249485
37.463745,20.583597,83.25097,24.2526
37.473747,20.587309,83.27107,24.255718
37.48375,20.591019,83.29118,24.258835
37.493748,20.594734,83.31128,24.261953
37.50375,20.598444,83.33137,24.265066
37.513752,20.602154,83.35148,24.268183
37.523754,20.605864,83.37159,24.2713
37.533752,20.609568,83.39167,24.27441
37.543755,20.613287,83.41179,24.277529
37.553757,20.616995,83.431885,24.280642
37.563755,20.620707,83.45198,24.283756
37.573757,20.624416,83.47209,24.28687
37.58376,20.628124,83.492195,24.28998
37.593758,20.631836,83.51228,24.29309
37.60376,20.635544,83.53238,24.296202
37.61376,20.639254,83.55249,24.299316
37.623764,20.64296,83.57258,24.302423
37.633762,20.646667,83.59267,24.305532
37.643764,20.650375,83.61278,24.308643
37.653767,20.654087,83.63287,24.311756
37.663765,20.65779,83.652954,24.31486
37.673767,20.661503,83.673065,24.317968
37.68377,20.665209,83.693146,24.321075
37.693768,20.668915,83.71324,24.324184
37.70377,20.672626,83.73336,24.327293
37.71377,20.67633,83.75345,24.3304
37.723774,20.680037,83.773544,24.333506
37.733772,20.68374,83.793625,24.336607
37.743774,20.687445,83.81373,24.339716
37.753777,20.691154,83.83382,24.34282
37.763775,20.69486,83.85391,24.34592
37.773777,20.698566,83.874,24.349024
37.78378,20.702272,83.89409,24.352127
37.79378,20.705978,83.9142,24.355232
37.80378,20.709682,83.93428,24.358334
37.81378,20.71339,83.95438,24.361437
37.823784,20.7171,83.974464,24.364538
37.833782,20.720798,83.994545,24.367634
37.843784,20.724503,84.014656,24.370735
37.853786,20.72821,84.03473,24.373837
37.863785,20.731913,84.054825,24.376938
37.873787,20.735619,84.07491,24.380033
37.88379,20.73932,84.09499,24.383133
37.89379,20.743025,84.1151,24.386229
37.90379,20.746725,84.13517,24.389326
37.91379,20.750427,84.15527,24.392422
37.923794,20.754135,84.17536,24.395521
37.933792,20.757833,84.195435,24.398617
37.943794,20.761543,84.21553,24.401712
37.953796,20.765238,84.23562,24.404806
37.963795,20.768944,84.25569,24.4079
37.973797,20.77264,84.275795,24.410997
37.9838,20.776348,84.295876,24.414087
37.9938,20.780048,84.31597,24.417185
38.0038,20.783752,84.336044,24.420277
38.0138,20.78745,84.356125,24.423367
38.023804,20.791151,84.37622,24.426458
38.033802,20.794851,84.396286,24.429548
38.043804,20.798555,84.41638,24.432642
38.053806,20.802256,84.43646,24.435732
38.063805,20.805952,84.456535,24.43882
38.073807,20.809658,84.47663,24.44191
38.08381,20.813354,84.49672,24.445002
38.09381,20.817055,84.5168,24.448088
38.10381,20.820755,84.53688,24.451178
38.11381,20.824457,84.55697,24.454266
38.123814,20.82815,84.577034,24.457352
38.133812,20.831852,84.597115,24.46044
38.143814,20.835552,84.6172,24.463526
38.153816,20.839252,84.637276,24.466612
38.163815,20.842947,84.65735,24.469696
38.173817,20.846643,84.67743,24.47278
38.18382,20.850346,84.69751,24.475866
38.19382,20.854044,84.71759,24.47895
38.20382,20.85774,84.73767,24.48203
38.21382,20.86144,84.757744,24.485115
38.223824,20.865137,84.777824,24.488197
38.23382,20.868832,84.797905,24.491278
38.243824,20.87253,84.817986,24.494362
38.253826,20.876226,84.83806,24.497444
38.26383,20.879925,84.85812,24.500526
38.273827,20.883621,84.87819,24.503605
38.28383,20.887316,84.898285,24.506685
38.29383,20.891014,84.918365,24.509766
38.30383,20.894707,84.938416,24.512844
38.31383,20.898403,84.9585,24.51592
38.323833,20.902102,84.97857,24.519
38.33383,20.9058,84.99865,24.522076
38.343834,20.909492,85.018715,24.525152
38.353836,20.913187,85.0388,24.528229
38.36384,20.91688,85.05887,24.531305
38.373837,20.920576,85.07893,24.53438
38.38384,20.924269,85.099014,24.537457
38.39384,20.927963,85.11908,24.540533
38.40384,20.931662,85.139145,24.543606
38.41384,20.935352,85.159225,24.546682
38.423843,20.939045,85.17928,24.549753
38.43384,20.942738,85.19935,24.552824
38.443844,20.946434,85.21941,24.555897
38.453846,20.950129,85.23951,24.558971
38.46385,20.953827,85.259575,24.562042
38.473846,20.957512,85.27964,24.565113
38.48385,20.961208,85.2997,24.568186
38.49385,20.964901,85.31976,24.571253
38.50385,20.968594,85.33984,24.574324
38.51385,20.972286,85.35991,24.577393
38.523853,20.975975,85.37996,24.580462
38.53385,20.979668,85.40005,24.583529
38.543854,20.98336,85.420105,24.586597
38.553856,20.987051,85.440155,24.589668
38.563858,20.990744,85.46023,24.592731
38.573856,20.994432,85.48028,24.595798
38.58386,20.998127,85.50036,24.598866
38.59386,21.001818,85.520424,24.601934
38.60386,21.005503,85.540474,24.604998
38.61386,21.009193,85.560555,24.60806
38.623863,21.012884,85.580605,24.611124
38.63386,21.016575,85.600655,24.61419
38.643864,21.020266,85.62072,24.61725
38.653866,21.02396,85.640785,24.620316
38.663868,21.027647,85.660866,24.623379
38.673866,21.031332,85.68091,24.626444
38.68387,21.035027,85.70097,24.629503
38.69387,21.038713,85.72104,24.632565
38.70387,21.0424,85.74109,24.635622
38.71387,21.04609,85.76115,24.638683
38.723873,21.049784,85.781204,24.641743
38.733875,21.05347,85.80128,24.644802
38.743874,21.057156,85.821335,24.647863
38.753876,21.060846,85.84139,24.65092
38.763878,21.064535,85.861435,24.653976
38.773876,21.068222,85.88149,24.65704
38.78388,21.07191,85.90156,24.660091
38.79388,21.075596,85.921616,24.663147
38.80388,21.079285,85.94166,24.666204
38.81388,21.082968,85.961716,24.669262
38.823883,21.086657,85.98176,24.672316
38.833885,21.090345,86.00183,24.67537
38.843884,21.094032,86.02188,24.678425
38.853886,21.097723,86.04193,24.681479
38.863888,21.101408,86.062,24.684534
38.873886,21.105091,86.08205,24.687588
38.88389,21.10878,86.10208,24.690634
38.89389,21.112463,86.12215,24.69369
38.90389,21.116144,86.14219,24.69674
38.91389,21.119831,86.16224,24.699793
38.923893,21.123518,86.1823,24.702843
38.933895,21.127203,86.20235,24.705894
38.943893,21.130888,86.22238,24.70894
38.953896,21.134573,86.24245,24.711992
38.963898,21.138262,86.262505,24.715046
38.973896,21.141943,86.28253,24.71809
38.9839,21.14563,86.30259,24.72114
38.9939,21.149311,86.32264,24.724186
39.0039,21.152996,86.342674,24.72723
39.0139,21.156681,86.36274,24.73028
39.023903,21.160362,86.38278,24.733324
39.033905,21.164047,86.402824,24.736368
39.043903,21.167728,86.42287,24.739416
39.053905,21.17141,86.44291,24.742462
39.063908,21.175093,86.46295,24.745504
39.073906,21.178776,86.483,24.748552
39.083908,21.182459,86.50305,24.751596
39.09391,21.186148,86.52311,24.754637
39.10391,21.189823,86.54313,24.757673
39.11391,21.19351,86.56318,24.760721
39.123913,21.197191,86.58323,24.763762
39.133915,21.20087,86.60327,24.766804
39.143913,21.204552,86.623314,24.769846
39.153915,21.208233,86.643364,24.772886
39.163918,21.211918,86.6634,24.775927
39.173916,21.215595,86.68343,24.778963
39.183918,21.219276,86.703476,24.782005
39.19392,21.222961,86.72351,24.785044
39.203922,21.226643,86.74356,24.788084
39.21392,21.23032,86.76359,24.791117
39.223923,21.234001,86.78363,24.794159
39.233925,21.237684,86.80367,24.797195
39.243923,21.241362,86.82371,24.800228
39.253925,21.245039,86.84376,24.803267
39.263927,21.248722,86.863785,24.806301
39.273926,21.252401,86.88383,24.809336
39.283928,21.25608,86.90386,24.81237
39.29393,21.259764,86.92389,24.815409
39.303932,21.26344,86.94393,24.818436
39.31393,21.267118,86.96397,24.821472
39.323933,21.270796,86.98399,24.824505
39.333935,21.274471,87.00402,24.827536
39.343933,21.278156,87.024055,24.830564
39.353935,21.28183,87.04409,24.8336
39.363937,21.285513,87.064125,24.836632
39.373936,21.289186,87.08415,24.83966
39.383938,21.29287,87.104195,24.842691
39.39394,21.296545,87.12423,24.84572
39.403942,21.300224,87.144264,24.848753
39.41394,21.303898,87.164276,24.85178
39.423943,21.307575,87.18432,24.854807
39.433945,21.311255,87.204346,24.857834
39.443943,21.314928,87.22438,24.86086
39.453945,21.318607,87.2444,24.86389
39.463947,21.322285,87.264435,24.866917
39.473946,21.32596,87.284454,24.869944
39.483948,21.329636,87.304474,24.872967
39.49395,21.333313,87.324524,24.875994
39.503952,21.336994,87.34456,24.879015
39.51395,21.340668,87.36458,24.882042
39.523952,21.344341,87.384605,24.885065
39.533955,21.348013,87.40463,24.88809
39.543953,21.351694,87.42465,24.891111
39.553955,21.355366,87.44468,24.894135
39.563957,21.359043,87.46471,24.897158
39.573956,21.362717,87.48472,24.900179
39.583958,21.366392,87.504745,24.903198
39.59396,21.370068,87.52476,24.906221
39.603962,21.373741,87.54479,24.909245
39.61396,21.377415,87.56483,24.912262
39.623962,21.381088,87.58483,24.915283
39.633965,21.384766,87.60485,24.9183
39.643963,21.388437,87.62488,24.921318
39.653965,21.39211,87.64491,24.924341
39.663967,21.395784,87.66492,24.927359
39.67397,21.399466,87.68495,24.930372
39.683968,21.40313,87.704956,24.933388
39.69397,21.406805,87.724976,24.936401
39.70397,21.410477,87.744995,24.939423
39.71397,21.41415,87.765015,24.942436
39.723972,21.417828,87.785034,24.945454
39.733974,21.421494,87.805046,24.94847
39.743973,21.425169,87.82505,24.951477
39.753975,21.428843,87.84507,24.954494
39.763977,21.432512,87.8651,24.957508
39.77398,21.436186,87.885124,24.96052
39.783978,21.43986,87.90513,24.963533
39.79398,21.443525,87.92514,24.966545
39.80398,21.4472,87.94517,24.969557
39.81398,21.450872,87.96517,24.972567
39.823982,21.454538,87.98517,24.975578
39.833984,21.45821,88.005196,24.978584
39.843983,21.461884,88.02519,24.981594
39.853985,21.465563,88.04523,24.984606
39.863987,21.469229,88.06524,24.987617
39.87399,21.4729,88.08526,24.990625
39.883987,21.476564,88.10523,24.993633
39.89399,21.48024,88.12528,24.99664
39.90399,21.483912,88.14529,24.999647
39.91399,21.487574,88.165276,25.002653
39.923992,21.491247,88.18529,25.005657
39.933994,21.494919,88.20529,25.008665
39.943993,21.498579,88.22531,25.011671
39.953995,21.502256,88.24532,25.014679
39.963997,21.505922,88.26532,25.017681
39.974,21.509594,88.28533,25.020685
39.983997,21.513262,88.305336,25.023685
39.994,21.516932,88.32535,25.026695
40.004,21.520603,88.345345,25.029696
40.014,21.52427,88.36535,25.0327
40.024002,21.527939,88.38535,25.035698
40.034004,21.531605,88.40538,25.038702
40.044003,21.535273,88.425354,25.041698
40.054005,21.538942,88.44537,25.044703
40.064007,21.542608,88.465355,25.047699
40.07401,21.546278,88.485374,25.0507
40.084007,21.549944,88.50536,25.0537
40.09401,21.553612,88.525375,25.0567
40.10401,21.55728,88.54539,25.0597
40.11401,21.560944,88.56538,25.062698
40.124012,21.564615,88.585365,25.065693
40.134014,21.568281,88.60538,25.068687
40.144016,21.571953,88.625374,25.071686
40.154015,21.575613,88.64537,25.074686
40.164017,21.57928,88.665375,25.077679
40.17402,21.582947,88.68538,25.080677
40.184017,21.586613,88.70536,25.083666
40.19402,21.590277,88.72535,25.086666
40.20402,21.593946,88.74536,25.089657
40.21402,21.59761,88.76535,25.09265
40.224022,21.601273,88.78535,25.095642
40.234024,21.604939,88.80534,25.09864
40.244026,21.608606,88.82535,25.101633
40.254025,21.61227,88.84533,25.104622
40.264027,21.615938,88.865326,25.107615
40.27403,21.619602,88.88532,25.110607
40.284027,21.623262,88.90531,25.1136
40.29403,21.62693,88.925316,25.116587
40.30403,21.630598,88.9453,25.119577
40.31403,21.63426,88.96529,25.122564
40.32403,21.637924,88.98528,25.125555
40.334034,21.641586,89.00527,25.128544
40.344036,21.64525,89.02526,25.13153
40.354034,21.648914,89.04526,25.13452
40.364037,21.652578,89.06523,25.137506
40.37404,21.656242,89.08522,25.140491
40.384037,21.6599,89.10522,25.143478
40.39404,21.663565,89.125206,25.146465
40.40404,21.667229,89.145195,25.149448
40.41404,21.670897,89.16516,25.152433
40.42404,21.674555,89.18516,25.155418
40.434044,21.678217,89.20515,25.158401
40.444046,21.68188,89.22514,25.161385
40.454044,21.685547,89.245125,25.164368
40.464046,21.689209,89.2651,25.16735
40.47405,21.692871,89.28507,25.170334
40.484047,21.69653,89.30507,25.173317
40.49405,21.700193,89.32506,25.1763
40.50405,21.703856,89.34505,25.179281
40.51405,21.707514,89.36501,25.18226
40.52405,21.711178,89.385,25.185244
40.534054,21.71484,89.404976,25.18822
40.544056,21.7185,89.42497,25.191204
40.554054,21.722158,89.44493,25.19418
40.564056,21.725822,89.46492,25.197159
40.57406,21.729485,89.48492,25.200134
40.584057,21.73314,89.504875,25.203112
40.59406,21.736805,89.52485,25.206089
40.60406,21.740467,89.54483,25.209066
40.614063,21.744123,89.56479,25.212042
40.62406,21.747786,89.58478,25.21502
40.634064,21.751444,89.60477,25.217995
40.644066,21.755106,89.62473,25.220968
40.654064,21.758762,89.644714,25.223944
40.664066,21.762424,89.6647,25.22692
40.67407,21.766083,89.68466,25.229893
40.684067,21.769743,89.70464,25.232866
40.69407,21.773405,89.72462,25.235838
40.70407,21.777061,89.744576,25.23881
40.714073,21.78072,89.76456,25.241785
40.72407,21.784378,89.784515,25.244753
40.734074,21.788036,89.804504,25.247726
40.744076,21.791698,89.82447,25.250694
40.754074,21.795357,89.84444,25.253668
40.764076,21.799015,89.86441,25.256636
40.77408,21.802671,89.884384,25.259605
40.784077,21.806335,89.90435,25.262577
40.79408,21.80999,89.924324,25.265541
40.80408,21.813646,89.94428,25.268513
40.814083,21.817303,89.96426,25.27148
40.82408,21.820965,89.98424,25.274448
40.834084,21.824621,90.0042,25.277414
40.844086,21.828278,90.02416,25.280382
40.854084,21.831932,90.04412,25.283348
40.864086,21.83559,90.06409,25.286316
40.87409,21.83925,90.084045,25.28928
40.884087,21.842903,90.10402,25.292242
40.89409,21.846565,90.12398,25.295208
40.90409,21.850222,90.14395,25.298172
40.914093,21.853878,90.163925,25.301138
40.92409,21.85753,90.183876,25.3041
40.934093,21.861187,90.20383,25.307058
40.944096,21.864845,90.22379,25.310024
40.954094,21.868502,90.24376,25.312984
40.964096,21.87215,90.26371,25.315945
40.9741,21.875813,90.28368,25.318907
40.984097,21.87947,90.30362,25.321867
40.9941,21.883123,90.32359,25.324827
41.0041,21.88678,90.34354,25.327785
41.014103,21.890434,90.36352,25.330746
41.0241,21.894093,90.38348,25.333702
41.034103,21.897743,90.403435,25.336662
41.044106,21.9014,90.423386,25.339624
41.054104,21.905054,90.44334,25.342577
41.064106,21.908712,90.46329,25.345537
41.07411,21.912363,90.48325,25.348495
41.08411,21.916021,90.50321,25.351452
41.09411,21.919668,90.523155,25.354404
41.10411,21.923326,90.54311,25.35736
41.114113,21.926981,90.56306,25.360317
41.12411,21.930634,90.58302,25.363272
41.134113,21.93429,90.60297,25.366226
41.144115,21.937943,90.622925,25.369177
41.154114,21.941597,90.64287,25.372133
41.164116,21.945246,90.66281,25.375086
41.174118,21.9489,90.68277,25.378038
41.18412,21.952553,90.702736,25.38099
41.19412,21.956205,90.72268,25.38394
41.20412,21.95986,90.742615,25.386892
41.214123,21.963516,90.76258,25.389845
41.22412,21.967169,90.782524,25.392794
41.234123,21.970818,90.80246,25.395744
41.244125,21.974472,90.8224,25.398693
41.254124,21.978125,90.842354,25.40164
41.264126,21.981775,90.8623,25.404593
41.274128,21.985428,90.88225,25.40754
41.28413,21.989079,90.9022,25.410488
41.29413,21.992735,90.92214,25.413435
41.30413,21.996384,90.94207,25.41638
41.314133,22.000038,90.962036,25.419329
41.32413,22.003689,90.98197,25.422274
41.334133,22.00734,91.001915,25.42522
41.344135,22.010992,91.02184,25.428164
41.354134,22.014639,91.04179,25.431112
41.364136,22.018291,91.06172,25.434055
41.374138,22.02194,91.08167,25.436998
41.38414,22.025595,91.10161,25.439943
41.39414,22.029245,91.121544,25.442886
41.40414,22.032894,91.14148,25.44583
41.414143,22.036547,91.16143,25.44877
41.42414,22.040194,91.181366,25.451714
41.434143,22.043846,91.2013,25.454655
41.444145,22.047499,91.22123,25.457594
41.454144,22.051146,91.24117,25.460535
41.464146,22.054796,91.261116,25.463476
41.474148,22.058445,91.281044,25.466413
41.48415,22.062096,91.30098,25.469357
41.49415,22.065746,91.32091,25.472292
41.50415,22.069395,91.34084,25.475235
41.514153,22.073042,91.36079,25.478172
41.52415,22.07669,91.38069,25.481112
41.534153,22.080345,91.40066,25.48405
41.544155,22.083994,91.420586,25.486984
41.554157,22.087643,91.44052,25.489922
41.564156,22.091288,91.46043,25.492855
41.574158,22.094938,91.48037,25.495794
41.58416,22.098587,91.500305,25.498728
41.59416,22.102238,91.52025,25.501667
41.60416,22.105885,91.54014,25.504595
41.614162,22.109533,91.56009,25.50753
41.62416,22.113176,91.58001,25.510462
41.634163,22.116829,91.59993,25.5134
41.644165,22.120476,91.61986,25.516329
41.654167,22.124123,91.639786,25.51926
41.664165,22.12777,91.65972,25.522192
41.674168,22.131414,91.67963,25.525126
41.68417,22.135069,91.69956,25.528057
41.694168,22.138716,91.71948,25.530987
41.70417,22.14236,91.73941,25.533916
41.714172,22.146008,91.75932,25.53685
41.72417,22.149658,91.77925,25.539778
41.734173,22.153305,91.79918,25.542707
41.744175,22.156948,91.81911,25.545635
41.754177,22.160597,91.83903,25.548565
41.764175,22.164242,91.85895,25.551489
41.774178,22.167889,91.87886,25.554419
41.78418,22.171535,91.89878,25.557346
41.794178,22.175184,91.9187,25.560272
41.80418,22.178831,91.9386,25.563196
41.814182,22.182476,91.95852,25.566122
41.82418,22.186115,91.978455,25.56905
41.834183,22.189766,91.99836,25.571974
41.844185,22.193409,92.01829,25.574898
41.854187,22.19706,92.03821,25.577824
41.864185,22.200703,92.05811,25.58074
41.874187,22.204346,92.078026,25.58367
41.88419,22.20799,92.09793,25.58659
41.894188,22.21164,92.11787,25.589516
41.90419,22.215286,92.13778,25.592436
41.914192,22.218931,92.157684,25.59536
41.92419,22.222572,92.17759,25.59828
41.934193,22.226217,92.19751,25.601198
41.944195,22.229864,92.21743,25.60412
41.954197,22.23351,92.23733,25.607038
41.964195,22.23715,92.257225,25.609959
41.974197,22.240797,92.27716,25.612877
41.9842,22.244442,92.29706,25.615797
41.994198,22.24808,92.31694,25.618713
42.0042,22.251726,92.336876,25.621634
42.014202,22.255379,92.35678,25.624552
42.024204,22.259018,92.376686,25.627468
42.034203,22.262663,92.39658,25.630384
42.044205,22.2663,92.416504,25.633299
42.054207,22.269945,92.43639,25.636217
42.064205,22.273588,92.4563,25.639132
42.074207,22.277235,92.4762,25.642044
42.08421,22.280876,92.49612,25.644958
42.094208,22.284517,92.51601,25.647873
42.10421,22.288164,92.53591,25.650787
42.114212,22.291807,92.55582,25.6537
42.124214,22.29545,92.57573,25.656614
42.134212,22.299091,92.595604,25.659529
42.144215,22.302734,92.615524,25.662437
42.154217,22.30638,92.63542,25.665352
42.164215,22.310019,92.65533,25.668262
42.174217,22.31366,92.6752,25.671173
42.18422,22.3173,92.69511,25.674082
42.194218,22.320946,92.715,25.676992
42.20422,22.324587,92.73491,25.679901
42.214222,22.328228,92.75482,25.68281
42.224224,22.331871,92.774704,25.68572
42.234222,22.33551,92.79458,25.688625
42.244225,22.339153,92.81448,25.691536
42.254227,22.342798,92.83439,25.694445
42.264225,22.346437,92.85426,25.69735
42.274227,22.350079,92.87417,25.700253
42.28423,22.35372,92.894066,25.703161
42.294228,22.35736,92.91394,25.706066
42.30423,22.361004,92.933846,25.708975
42.31423,22.364645,92.95375,25.71188
42.324234,22.368288,92.97364,25.714783
42.334232,22.37192,92.993515,25.717688
42.344234,22.375563,93.013405,25.72059
42.354237,22.3792,93.0333,25.723495
42.364235,22.382845,93.05318,25.726398
42.374237,22.386488,93.07307,25.729303
42.38424,22.390127,93.092964,25.732203
42.394238,22.393764,93.11285,25.735106
42.40424,22.39741,93.13274,25.738005
42.41424,22.401045,93.1526,25.740904
42.424244,22.40469,93.17251,25.743809
42.434242,22.408323,93.19239,25.746708
42.444244,22.411968,93.21227,25.749607
42.454247,22.415606,93.23215,25.752506
42.464245,22.419245,93.25204,25.755407
42.474247,22.42288,93.27191,25.758305
42.48425,22.426523,93.29182,25.761204
42.49425,22.430164,93.31168,25.764103
42.50425,22.433802,93.331566,25.767
42.51425,22.43744,93.35146,25.7699
42.524254,22.44108,93.37133,25.772795
42.534252,22.444717,93.3912,25.775688
42.544254,22.448355,93.41107,25.778585
42.554256,22.451996,93.43096,25.781479
42.564255,22.455633,93.45083,25.78437
42.574257,22.459274,93.47071,25.78727
42.58426,22.462906,93.490585,25.790165
42.59426,22.466545,93.51046,25.793058
42.60426,22.470186,93.530334,25.795948
42.61426,22.473831,93.5502,25.798841
42.624264,22.47746,93.57008,25.801731
42.634262,22.4811,93.58996,25.804625
42.644264,22.484735,93.60984,25.80752
42.654266,22.488379,93.62971,25.810408
42.664265,22.492008,93.64958,25.813297
42.674267,22.49565,93.66944,25.816193
42.68427,22.499289,93.689316,25.819078
42.69427,22.502924,93.70919,25.82197
42.70427,22.506567,93.72905,25.82486
42.71427,22.510199,93.748924,25.827745
42.724274,22.51384,93.7688,25.830637
42.734272,22.51747,93.78865,25.833523
42.744274,22.521109,93.80852,25.83641
42.754276,22.524746,93.8284,25.8393
42.764275,22.528385,93.84826,25.842184
42.774277,22.532022,93.86813,25.845074
42.78428,22.535652,93.88799,25.847958
42.79428,22.539291,93.907845,25.850843
42.80428,22.542925,93.92772,25.853727
42.81428,22.546568,93.947586,25.856613
42.824284,22.5502,93.967445,25.859497
42.834282,22.553835,93.987305,25.862383
42.844284,22.557476,94.007164,25.865265
42.854286,22.561108,94.02704,25.868149
42.86429,22.564745,94.04689,25.87103
42.874287,22.568378,94.06675,25.873915
42.88429,22.572016,94.08661,25.876797
42.89429,22.575653,94.10648,25.879675
42.90429,22.57929,94.12634,25.88256
42.91429,22.582924,94.14619,25.885439
42.924294,22.586554,94.16605,25.888319
42.93429,22.590195,94.18592,25.891197
42.944294,22.593826,94.205765,25.894077
42.954296,22.597462,94.22562,25.896957
42.9643,22.601097,94.24547,25.899836
42.974297,22.604733,94.26531,25.90271
42.9843,22.608366,94.28519,25.90559
42.9943,22.612005,94.30502,25.908472
43.0043,22.615633,94.32487,25.911348
43.0143,22.61927,94.344734,25.914223
43.024303,22.622904,94.36458,25.917103
43.0343,22.626535,94.38444,25.919973
43.044304,22.630169,94.40428,25.922852
43.054306,22.633804,94.42414,25.925726
43.06431,22.63744,94.44399,25.9286
43.074306,22.641075,94.46384,25.931475
43.08431,22.644705,94.48367,25.934347
43.09431,22.648342,94.50354,25.937223
43.10431,22.651976,94.52336,25.940092
43.11431,22.655611,94.54323,25.942966
43.124313,22.659239,94.563065,25.94584
43.13431,22.662874,94.5829,25.948711
43.144314,22.66651,94.602745,25.951584
43.154316,22.670143,94.622604,25.954454
43.164318,22.673779,94.642456,25.957327
43.174316,22.677406,94.66228,25.960194
43.18432,22.681042,94.68212,25.963064
43.19432,22.684673,94.70197,25.965935
43.20432,22.688307,94.7218,25.968803
43.21432,22.691942,94.741646,25.971672
43.224323,22.695568,94.76149,25.97454
43.23432,22.699203,94.78133,25.97741
43.244324,22.702839,94.80117,25.980276
43.254326,22.706472,94.82102,25.983145
43.264328,22.71011,94.84086,25.98601
43.274326,22.713736,94.86067,25.988874
43.28433,22.717365,94.880516,25.991741
43.29433,22.720999,94.90035,25.994606
43.30433,22.724632,94.92021,25.997473
43.31433,22.728264,94.940025,26.00034
43.324333,22.731894,94.95987,26.003202
43.334335,22.735523,94.9797,26.006067
43.344334,22.739155,94.99953,26.008928
43.354336,22.742785,95.019356,26.011791
43.364338,22.746422,95.03919,26.014652
43.374336,22.750053,95.05904,26.017515
43.38434,22.753683,95.07885,26.020374
43.39434,22.757317,95.09868,26.023245
43.40434,22.760944,95.118515,26.026102
43.41434,22.764574,95.138336,26.028963
43.424343,22.768211,95.15818,26.031826
43.434345,22.771843,95.178,26.034683
43.444344,22.77547,95.197815,26.037542
43.454346,22.779099,95.21764,26.0404
43.464348,22.782734,95.23748,26.043259
43.474346,22.786358,95.25729,26.046116
43.48435,22.78999,95.27712,26.048975
43.49435,22.79362,95.29694,26.05183
43.50435,22.797249,95.316765,26.05469
43.51435,22.800882,95.3366,26.057545
43.524353,22.804512,95.35642,26.0604
43.534355,22.808144,95.37624,26.063257
43.544353,22.81177,95.39605,26.066114
43.554356,22.815405,95.41588,26.068964
43.564358,22.819035,95.435715,26.071823
43.574356,22.822666,95.45552,26.074678
43.58436,22.82629,95.47536,26.077532
43.59436,22.82992,95.495155,26.080387
43.60436,22.83355,95.51498,26.083237
43.61436,22.83718,95.53479,26.08609
43.624363,22.840807,95.5546,26.088942
43.634365,22.844442,95.57443,26.091797
43.644363,22.848064,95.59424,26.094646
43.654366,22.851696,95.61406,26.097498
43.664368,22.855328,95.63388,26.100351
43.674366,22.858952,95.65369,26.103197
43.68437,22.862585,95.673515,26.10605
43.69437,22.866215,95.69331,26.1089
43.70437,22.86984,95.71312,26.11175
43.71437,22.873472,95.732925,26.114595
43.724373,22.877098,95.75275,26.117445
43.734375,22.88073,95.77256,26.120295
43.744373,22.884354,95.79236,26.123138
43.754375,22.887987,95.81219,26.125988
43.764378,22.891615,95.83198,26.128836
43.774376,22.89524,95.85178,26.131683
43.784378,22.898863,95.87159,26.13453
43.79438,22.902498,95.89141,26.137375
43.804382,22.906126,95.91122,26.140219
43.81438,22.90975,95.931015,26.143063
43.824383,22.913378,95.95083,26.145908
43.834385,22.917007,95.970634,26.14875
43.844383,22.920637,95.990425,26.151594
43.854385,22.924267,96.01023,26.154438
43.864388,22.927895,96.03003,26.157282
43.874386,22.931519,96.049835,26.160122
43.884388,22.935146,96.06963,26.162968
43.89439,22.938776,96.08942,26.165806
43.904392,22.9424,96.10924,26.168646
43.91439,22.946028,96.129036,26.17149
43.924393,22.949652,96.14883,26.174326
43.934395,22.953283,96.16864,26.177172
43.944393,22.956911,96.18844,26.180012
43.954395,22.960535,96.20823,26.182848
43.964397,22.964163,96.22803,26.185688
43.974396,22.967785,96.247826,26.188526
43.984398,22.971418,96.26761,26.191366
43.9944,22.975046,96.287415,26.194202
44.004402,22.978672,96.307205,26.197042
44.0144,22.982298,96.326996,26.199875
44.024403,22.98592,96.34679,26.202715
44.034405,22.98955,96.36658,26.205551
44.044403,22.993176,96.38637,26.208385
44.054405,22.996803,96.406166,26.21122
44.064407,23.000431,96.42595,26.21406
44.074406,23.004051,96.44573,26.21689
44.084408,23.007683,96.46553,26.219725
44.09441,23.011307,96.485306,26.22256
44.104412,23.014933,96.50511,26.225395
44.11441,23.018557,96.524895,26.228226
44.124413,23.022188,96.54467,26.231058
44.134415,23.025808,96.56446,26.23389
44.144413,23.029434,96.58425,26.236721
44.154415,23.03306,96.60403,26.239555
44.164417,23.036682,96.62382,26.242386
44.174416,23.04031,96.643585,26.245216
44.184418,23.043936,96.663376,26.248043
44.19442,23.047562,96.683174,26.250875
44.204422,23.05119,96.70296,26.253706
44.21442,23.054815,96.72273,26.256536
44.224422,23.058435,96.74251,26.259363
44.234425,23.062063,96.7623,26.262196
44.244423,23.065687,96.78206,26.26502
44.254425,23.069313,96.80185,26.267849
44.264427,23.072939,96.82162,26.270676
44.27443,23.076561,96.84139,26.273502
44.284428,23.080185,96.861176,26.27633
44.29443,23.083813,96.88095,26.279154
44.304432,23.08744,96.900734,26.281982
44.31443,23.091057,96.920494,26.284805
44.324432,23.094687,96.94028,26.287632
44.334435,23.098307,96.96005,26.290457
44.344433,23.101933,96.97982,26.293282
44.354435,23.105556,96.9996,26.296103
44.364437,23.109184,97.01938,26.298927
44.37444,23.112806,97.03915,26.30175
44.384438,23.116425,97.05891,26.304573
44.39444,23.120056,97.078674,26.307396
44.40444,23.123678,97.09845,26.310219
44.41444,23.1273,97.11822,26.313036
44.424442,23.130928,97.13799,26.315859
44.434444,23.134554,97.15775,26.318678
44.444443,23.138168,97.17751,26.321499
44.454445,23.141796,97.19728,26.32432
44.464447,23.145416,97.21706,26.327139
44.47445,23.149044,97.236824,26.32996
44.484447,23.152666,97.25657,26.332775
44.49445,23.156284,97.27633,26.335592
44.50445,23.159908,97.29611,26.33841
44.51445,23.163536,97.315865,26.34123
44.524452,23.167158,97.335625,26.344051
44.534454,23.170782,97.355385,26.346867
44.544453,23.174406,97.37515,26.349682
44.554455,23.178028,97.3949,26.352497
44.564457,23.181648,97.414665,26.355312
44.57446,23.185272,97.43444,26.358128
44.584457,23.188896,97.4542,26.360943
44.59446,23.19252,97.47395,26.363758
44.60446,23.196138,97.4937,26.366573
44.61446,23.199768,97.513466,26.369385
44.624462,23.203386,97.53321,26.3722
44.634464,23.207008,97.55297,26.375011
44.644463,23.210632,97.57272,26.377825
44.654465,23.214254,97.59248,26.38064
44.664467,23.217876,97.61223,26.38345
44.67447,23.2215,97.63197,26.38626
44.684467,23.22512,97.65174,26.38907
44.69447,23.228739,97.671486,26.39188
44.70447,23.23236,97.69124,26.394691
44.71447,23.235987,97.71098,26.397501
44.724472,23.239607,97.73074,26.400312
44.734474,23.243229,97.75049,26.403122
44.744476,23.246851,97.77024,26.40593
44.754475,23.25047,97.789986,26.408737
44.764477,23.254095,97.80973,26.411545
44.77448,23.257711,97.829475,26.414352
44.784477,23.261337,97.84921,26.417164
44.79448,23.26496,97.86896,26.419966
44.80448,23.268576,97.888695,26.422771
44.81448,23.2722,97.90845,26.42558
44.824482,23.27582,97.928185,26.428383
44.834484,23.279448,97.94794,26.43119
44.844486,23.283066,97.96768,26.433996
44.854485,23.28669,97.98743,26.436802
44.864487,23.290308,98.00717,26.439608
44.87449,23.29393,98.0269,26.442408
44.884487,23.297546,98.04663,26.445213
44.89449,23.301174,98.06638,26.448015
44.90449,23.304792,98.086105,26.450815
44.91449,23.30841,98.10585,26.453613
44.92449,23.31203,98.125595,26.456419
44.934494,23.31565,98.14532,26.459223
44.944496,23.319273,98.165054,26.46202
44.954494,23.322893,98.1848,26.464827
44.964497,23.326515,98.20452,26.467625
44.9745,23.330135,98.22426,26.470423
44.984497,23.333752,98.24397,26.473225
44.9945,23.337374,98.26373,26.476023
45.0045,23.340998,98.28346,26.478823
45.0145,23.344616,98.303185,26.481619
45.0245,23.348234,98.322914,26.484415
45.034504,23.351858,98.34265,26.487215
45.044506,23.355473,98.36239,26.490011
45.054504,23.359097,98.382095,26.492811
45.064507,23.362709,98.40183,26.495605
45.07451,23.366333,98.421555,26.498402
45.084507,23.369953,98.441284,26.501202
45.09451,23.373577,98.46101,26.503992
45.10451,23.37719,98.480736,26.506786
45.11451,23.380814,98.500465,26.509579
45.12451,23.384434,98.520195,26.512379
45.134514,23.388058,98.53991,26.515167
45.144516,23.391666,98.55963,26.517963
45.154514,23.395287,98.579346,26.52076
45.164516,23.398914,98.599075,26.523552
45.17452,23.40253,98.618805,26.526342
45.184517,23.406147,98.63852,26.529135
45.19452,23.40977,98.65823,26.531929
45.20452,23.413387,98.677956,26.534718
45.214523,23.417007,98.697685,26.53751
45.22452,23.42062,98.717384,26.540298
45.234524,23.424244,98.737114,26.54309
45.244526,23.427868,98.756836,26.54588
45.254524,23.431482,98.77654,26.548664
45.264526,23.435102,98.79626,26.551458
45.27453,23.43872,98.81595,26.554243
45.284527,23.442337,98.83567,26.557032
45.29453,23.445957,98.85539,26.55982
45.30453,23.449574,98.87509,26.562605
45.314533,23.453196,98.89482,26.565393
45.32453,23.45681,98.91451,26.568182
45.334534,23.460436,98.934235,26.570967
45.344536,23.46405,98.95393,26.573755
45.354534,23.467669,98.973656,26.576538
45.364536,23.471283,98.993355,26.579325
45.37454,23.474905,99.01307,26.582106
45.384537,23.478521,99.03277,26.58489
45.39454,23.482141,99.05248,26.587677
45.40454,23.48576,99.0722,26.590462
45.414543,23.489376,99.091896,26.593243
45.42454,23.492994,99.11159,26.596024
45.434544,23.49661,99.131294,26.59881
45.444546,23.500229,99.151,26.601591
45.454544,23.503843,99.1707,26.604372
45.464546,23.507467,99.190414,26.607155
45.47455,23.511086,99.2101,26.609938
45.484547,23.5147,99.229805,26.612717
45.49455,23.518318,99.24951,26.6155
45.50455,23.521942,99.26921,26.61828
45.514553,23.525557,99.28891,26.621056
45.52455,23.52917,99.30861,26.623837
45.534554,23.53279,99.32831,26.626617
45.544556,23.536402,99.34801,26.62939
45.554554,23.540022,99.36769,26.632168
45.564556,23.543644,99.38739,26.634949
45.57456,23.547256,99.407074,26.637726
45.584557,23.550873,99.42677,26.640503
45.59456,23.554493,99.44647,26.643276
45.60456,23.55811,99.46616,26.646055
45.614563,23.561726,99.485855,26.648829
45.62456,23.565342,99.50553,26.651604
45.634563,23.568962,99.52523,26.65438
45.644566,23.57258,99.54492,26.657156
45.654564,23.576193,99.56461,26.65993
45.664566,23.579807,99.584305,26.662703
45.67457,23.583426,99.60399,26.665476
45.68457,23.587046,99.62367,26.66825
45.69457,23.59066,99.64336,26.67102
45.70457,23.594276,99.663055,26.673794
45.714573,23.59789,99.682724,26.676567
45.72457,23.601507,99.70241,26.679335
45.734573,23.60513,99.72209,26.682106
45.744576,23.608747,99.74179,26.68488
45.754574,23.61236,99.76146,26.68765
45.764576,23.61598,99.78116,26.690422
45.77458,23.619596,99.80084,26.693192
45.78458,23.623213,99.82051,26.69596
45.79458,23.626827,99.840195,26.698729
45.80458,23.63044,99.85986,26.701498
45.814583,23.634056,99.87955,26.704264
45.82458,23.637672,99.89922,26.707031
45.834583,23.64129,99.91891,26.7098
45.844585,23.6449,99.93857,26.712566
45.854584,23.64852,99.95824,26.715334
45.864586,23.652136,99.97792,26.718098
45.874588,23.655752,99.99759,26.720867
45.88459,23.65937,100.017296,26.723633
45.89459,23.662985,100.03695,26.726397
45.90459,23.6666,100.05663,26.729162
45.914593,23.670218,100.0763,26.731926
45.92459,23.673834,100.09597,26.734692
45.934593,23.677452,100.11564,26.737457
45.944595,23.681063,100.135315,26.74022
45.954594,23.684679,100.154976,26.74298
45.964596,23.688295,100.174644,26.745745
45.974598,23.69191,100.194305,26.748505
45.9846,23.695526,100.21399,26.751272
45.9946,23.69914,100.23363,26.754028
46.0046,23.702755,100.253296,26.75679
46.014603,23.706367,100.272964,26.759548
46.0246,23.709986,100.29263,26.762312
46.034603,23.713604,100.31229,26.765072
46.044605,23.717216,100.33196,26.767832
46.054604,23.72083,100.35162,26.77059
46.064606,23.72445,100.37129,26.773352
46.074608,23.72806,100.390945,26.776108
46.08461,23.731678,100.41062,26.778868
46.09461,23.735294,100.430275,26.781624
46.10461,23.738905,100.44991,26.78438
46.114613,23.742523,100.46959,26.787138
46.12461,23.746138,100.48925,26.789894
46.134613,23.749748,100.508896,26.79265
46.144615,23.753365,100.52858,26.79541
46.154617,23.756977,100.54822,26.798166
46.164616,23.760595,100.56787,26.800919
46.174618,23.764212,100.58754,26.803673
46.18462,23.767826,100.607185,26.806429
46.19462,23.771439,100.62682,26.809185
46.20462,23.775053,100.64648,26.811935
46.214622,23.77867,100.66614,26.81469
46.22462,23.782274,100.68579,26.817438
46.234623,23.785898,100.70545,26.820194
46.244625,23.789509,100.72509,26.822947
46.254627,23.79312,100.744736,26.825699
46.264626,23.796734,100.76439,26.828451
46.274628,23.800354,100.784035,26.831202
46.28463,23.803967,100.80367,26.833954
46.29463,23.807585,100.823326,26.836702
46.30463,23.811193,100.84297,26.839453
46.314632,23.814812,100.862625,26.842201
46.32463,23.818424,100.88226,26.844954
46.334633,23.822039,100.9019,26.847702
46.344635,23.825651,100.92155,26.850452
46.354637,23.829268,100.941185,26.853199
46.364635,23.832876,100.96084,26.855946
46.374638,23.83649,100.98045,26.85869
46.38464,23.840105,101.00011,26.86144
46.394638,23.84372,101.01974,26.864183
46.40464,23.847332,101.03936,26.86693
46.414642,23.850946,101.05903,26.869678
46.42464,23.854557,101.07866,26.872425
46.434643,23.858175,101.098305,26.875168
46.444645,23.861784,101.11792,26.877914
46.454647,23.8654,101.13758,26.880661
46.464645,23.869015,101.15721,26.8834
46.474648,23.872623,101.17684,26.886145
46.48465,23.876242,101.19646,26.88889
46.494648,23.879856,101.216095,26.891632
46.50465,23.883472,101.235756,26.894377
46.514652,23.887087,101.25537,26.89712
46.52465,23.890692,101.274994,26.89986
46.534653,23.894308,101.29462,26.902601
46.544655,23.897917,101.31425,26.905342
46.554657,23.901535,101.33388,26.908087
46.564655,23.905144,101.3535,26.910826
46.574657,23.908762,101.37314,26.913565
46.58466,23.912369,101.39276,26.916306
46.594658,23.915983,101.412384,26.919044
46.60466,23.919598,101.43201,26.921785
46.614662,23.923206,101.451645,26.924522
46.624664,23.926825,101.47126,26.927261
46.634663,23.930437,101.49088,26.929995
46.644665,23.934052,101.51051,26.932735
46.654667,23.937664,101.53013,26.935474
46.664665,23.941275,101.549736,26.938211
46.674667,23.944891,101.56937,26.940945
46.68467,23.948507,101.589005,26.943684
46.694668,23.95211,101.60861,26.946419
46.70467,23.955725,101.62823,26.949154
46.714672,23.95934,101.64785,26.95189
46.724674,23.962952,101.66745,26.954624
46.734673,23.966564,101.68707,26.957355
46.744675,23.970179,101.70669,26.96009
46.754677,23.973791,101.72631,26.962822
46.764675,23.9774,101.7459,26.965557
46.774677,23.981014,101.76553,26.968288
46.78468,23.984627,101.78515,26.971025
46.794678,23.988237,101.80475,26.973753
46.80468,23.991846,101.82436,26.976484
46.814682,23.995462,101.84397,26.979218
46.824684,23.999077,101.86359,26.98195
46.834682,24.002686,101.8832,26.98468
46.844685,24.006298,101.90281,26.98741
46.854687,24.009912,101.9224,26.99014
46.864685,24.013521,101.94202,26.992867
46.874687,24.017138,101.96159,26.995594
46.88469,24.020746,101.98123,26.998327
46.894688,24.024357,102.00081,27.001055
46.90469,24.02797,102.02044,27.003782
46.914692,24.031578,102.04004,27.006512
46.924694,24.035196,102.05964,27.009241
46.934692,24.038805,102.079254,27.011967
46.944695,24.042418,102.09884,27.014694
46.954697,24.046032,102.11844,27.01742
46.964695,24.049637,102.13805,27.020147
46.974697,24.053255,102.15764,27.022867
46.9847,24.056864,102.17724,27.025595
46.994698,24.060478,102.19683,27.028318
47.0047,24.064087,102.21644,27.031046
47.0147,24.067701,102.23603,27.033768
47.024704,24.071308,102.255615,27.036491
47.034702,24.074923,102.27522,27.039215
47.044704,24.078535,102.294815,27.041939
47.054707,24.08215,102.314415,27.044664
47.064705,24.085758,102.33399,27.047382
47.074707,24.08937,102.35359,27.05011
47.08471,24.09298,102.37318,27.052826
47.09471,24.09659,102.392784,27.055548
47.10471,24.100204,102.41235,27.058266
47.11471,24.10382,102.43195,27.060991
47.124714,24.10743,102.451546,27.063713
47.134712,24.111038,102.47114,27.066431
47.144714,24.114649,102.49072,27.06915
47.154716,24.11826,102.51031,27.071867
47.164715,24.121874,102.529884,27.074589
47.174717,24.125483,102.54948,27.077305
47.18472,24.129091,102.56907,27.080023
47.19472,24.13271,102.58866,27.082743
47.20472,24.136316,102.608215,27.085457
47.21472,24.139929,102.627815,27.088177
47.224724,24.14354,102.64739,27.09089
47.234722,24.147146,102.66697,27.09361
47.244724,24.150757,102.686554,27.096321
47.254726,24.15437,102.70612,27.099043
47.264725,24.157984,102.725716,27.101753
47.274727,24.161598,102.745285,27.104467
47.28473,24.165201,102.76487,27.107183
47.29473,24.168816,102.78443,27.109896
47.30473,24.172424,102.804016,27.112612
47.31473,24.17604,102.82359,27.115324
47.324734,24.179644,102.84316,27.118036
47.334732,24.183258,102.86273,27.12075
47.344734,24.186869,102.88232,27.123465
47.354736,24.19048,102.901886,27.126175
47.364735,24.194092,102.92145,27.128887
47.374737,24.197704,102.94103,27.131596
47.38474,24.201311,102.96059,27.134306
47.39474,24.20492,102.98015,27.137018
47.40474,24.20853,102.99973,27.139727
47.41474,24.21214,103.01929,27.142435
47.424744,24.215748,103.03887,27.145147
47.434742,24.219362,103.05843,27.147854
47.444744,24.222975,103.077995,27.150564
47.454746,24.226582,103.097565,27.15327
47.464745,24.230194,103.11712,27.15598
47.474747,24.2338,103.13669,27.158686
47.48475,24.23742,103.15626,27.161394
47.49475,24.241028,103.17582,27.1641
47.50475,24.244635,103.19537,27.166807
47.51475,24.248245,103.214935,27.169514
47.524754,24.25186,103.23452,27.172222
47.53475,24.255465,103.25404,27.174923
47.544754,24.25908,103.27363,27.17763
47.554756,24.262686,103.293175,27.180336
47.56476,24.266296,103.31273,27.183039
47.574757,24.269907,103.33228,27.185745
47.58476,24.273523,103.35185,27.188446
47.59476,24.27713,103.37139,27.191149
47.60476,24.280739,103.39094,27.193855
47.61476,24.28435,103.410515,27.196556
47.624763,24.287958,103.43007,27.19926
47.63476,24.291561,103.44962,27.201962
47.644764,24.295183,103.46916,27.204662
47.654766,24.298792,103.48871,27.20736
47.66477,24.302402,103.50827,27.210064
47.674767,24.306007,103.52782,27.212763
47.68477,24.30962,103.54736,27.215466
47.69477,24.313225,103.5669,27.218163
47.70477,24.316843,103.58648,27.220861
47.71477,24.320448,103.606,27.22356
47.724773,24.324055,103.62554,27.226261
47.73477,24.327671,103.64509,27.22896
47.744774,24.33128,103.66464,27.231657
47.754776,24.334888,103.68417,27.234354
47.76478,24.338491,103.70372,27.237053
47.774776,24.342108,103.723274,27.239748
47.78478,24.345709,103.74281,27.242449
47.79478,24.349323,103.76234,27.245142
47.80478,24.352936,103.78187,27.247835
47.81478,24.356548,103.80142,27.25053
47.824783,24.360151,103.82096,27.253227
47.83478,24.363766,103.84049,27.255919
47.844784,24.36737,103.86002,27.258615
47.854786,24.370985,103.87958,27.261312
47.864788,24.374594,103.89911,27.264006
47.874786,24.378202,103.91865,27.266697
47.88479,24.381811,103.93817,27.269388
47.89479,24.385424,103.95772,27.272083
47.90479,24.389029,103.97724,27.274778
47.91479,24.392637,103.99676,27.27747
47.924793,24.396246,104.0163,27.280157
47.934795,24.399862,104.03585,27.282854
47.944794,24.403467,104.055374,27.285536
47.954796,24.407076,104.0749,27.288233
47.964798,24.410685,104.09442,27.290922
47.974796,24.414297,104.11394,27.29361
47.9848,24.4179,104.13348,27.296299
47.9948,24.42151,104.15301,27.29899
48.0048,24.425123,104.17254,27.301678
48.0148,24.428734,104.192055,27.304367
48.024803,24.432343,104.21158,27.307056
48.034805,24.43595,104.2311,27.30974
48.044804,24.43956,104.25062,27.31243
48.054806,24.443163,104.27015,27.315113
48.064808,24.446775,104.289665,27.3178
48.074806,24.45039,104.30919,27.32049
48.08481,24.453999,104.3287,27.323175
48.09481,24.457607,104.348236,27.325861
48.10481,24.461216,104.36772,27.328545
48.11481,24.464823,104.38724,27.33123
48.124813,24.46844,104.40678,27.333914
48.134815,24.472048,104.4263,27.336596
48.144814,24.475649,104.44581,27.339285
48.154816,24.479261,104.46532,27.341965
48.164818,24.48287,104.48484,27.344648
48.174816,24.48648,104.50435,27.347332
48.18482,24.49009,104.52386,27.350016
48.19482,24.493692,104.543365,27.352697
48.20482,24.497305,104.56286,27.355381
48.21482,24.500914,104.58238,27.358057
48.224823,24.504522,104.60189,27.360739
48.234825,24.508137,104.621414,27.363422
48.244823,24.511736,104.64092,27.366098
48.254826,24.51535,104.66043,27.36878
48.264828,24.518957,104.67994,27.37146
48.274826,24.522568,104.699425,27.374138
48.28483,24.526175,104.718925,27.376818
48.29483,24.529787,104.738434,27.379498
48.30483,24.533392,104.757935,27.382174
48.31483,24.537,104.77744,27.384853
48.324833,24.540611,104.79694,27.387531
48.334835,24.544218,104.81643,27.39021
48.344833,24.547827,104.83594,27.392885
48.354836,24.551435,104.85543,27.395561
48.364838,24.555048,104.87495,27.398237
48.374836,24.558657,104.89443,27.40091
48.38484,24.562262,104.91394,27.40359
48.39484,24.56587,104.93343,27.406261
48.404842,24.569479,104.95294,27.408934
48.41484,24.573084,104.97242,27.411612
48.424843,24.576696,104.99193,27.414284
48.434845,24.580307,105.01142,27.416962
48.444843,24.583908,105.03089,27.419628
48.454845,24.587517,105.050385,27.422306
48.464848,24.591127,105.069885,27.424978
48.474846,24.59474,105.08937,27.42765
48.484848,24.598345,105.10885,27.430323
48.49485,24.601954,105.12836,27.432995
48.504852,24.605566,105.14785,27.435661
48.51485,24.609177,105.16733,27.438334
48.524853,24.612783,105.18682,27.441004
48.534855,24.616392,105.20631,27.443676
48.544853,24.62,105.2258,27.446346
48.554855,24.623604,105.24528,27.449013
48.564857,24.62722,105.264755,27.451685
48.574856,24.630823,105.284225,27.454348
48.584858,24.63443,105.30371,27.457018
48.59486,24.63804,105.323204,27.459688
48.604862,24.641645,105.34268,27.462353
48.61486,24.645258,105.36216,27.465023
48.624863,24.648867,105.381645,27.46769
48.634865,24.652472,105.40112,27.470358
48.644863,24.656078,105.4206,27.473022
48.654865,24.65969,105.44009,27.475689
48.664867,24.663298,105.45955,27.478354
48.674866,24.666908,105.47903,27.481022
48.684868,24.670513,105.498505,27.483685
48.69487,24.674122,105.517975,27.48635
48.704872,24.67773,105.53745,27.489014
48.71487,24.68134,105.55692,27.491678
48.724873,24.684944,105.57639,27.494343
48.734875,24.688557,105.59586,27.497002
48.744873,24.692165,105.61534,27.499666
48.754875,24.69577,105.6348,27.502329
48.764877,24.699377,105.65428,27.504992
48.774876,24.702988,105.67373,27.50765
48.784878,24.7066,105.69322,27.510313
48.79488,24.710205,105.71268,27.512976
48.804882,24.713812,105.732155,27.515636
48.81488,24.717419,105.75161,27.518295
48.824883,24.72103,105.77108,27.520956
48.834885,24.724632,105.790535,27.523615
48.844883,24.728247,105.81,27.526276
48.854885,24.731853,105.82946,27.528934
48.864887,24.735462,105.84893,27.531593
48.87489,24.739065,105.86838,27.53425
48.884888,24.742678,105.887856,27.536907
48.89489,24.746286,105.9073,27.53957
48.904892,24.749897,105.92677,27.542223
48.91489,24.753504,105.94622,27.54488
48.924892,24.757107,105.96566,27.547533
48.934895,24.760715,105.98514,27.550192
48.944893,24.764326,106.004585,27.552847
48.954895,24.767933,106.02404,27.555506
48.964897,24.771542,106.04349,27.558157
48.9749,24.775152,106.06294,27.560816
48.984898,24.778751,106.08239,27.563467
48.9949,24.782366,106.10185,27.566122
49.0049,24.785976,106.1213,27.568777
49.0149,24.789585,106.14075,27.57143
49.024902,24.793188,106.1602,27.574083
49.034904,24.796791,106.17964,27.576738
49.044903,24.800404,106.19909,27.579388
49.054905,24.804014,106.21854,27.58204
49.064907,24.807613,106.23797,27.584694
49.07491,24.811228,106.25744,27.587345
49.084908,24.814837,106.27687,27.589996
49.09491,24.818443,106.296326,27.592646
49.10491,24.822054,106.315765,27.595299
49.11491,24.82566,106.33521,27.597944
49.124912,24.82927,106.354645,27.600594
49.134914,24.83287,106.374084,27.603241
49.144913,24.836483,106.39353,27.605896
49.154915,24.840092,106.41296,27.608536
49.164917,24.8437,106.43242,27.61119
49.17492,24.847303,106.45185,27.613842
49.184917,24.850914,106.47129,27.616484
49.19492,24.854523,106.490715,27.619135
49.20492,24.85813,106.510155,27.62178
49.21492,24.86174,106.52958,27.624424
49.224922,24.865347,106.54901,27.627075
49.234924,24.868952,106.56848,27.629717
49.244923,24.87256,106.58788,27.632366
49.254925,24.876165,106.60732,27.635014
49.264927,24.879778,106.626755,27.637655
49.27493,24.883387,106.646194,27.640295
49.284927,24.886992,106.66561,27.642944
49.29493,24.890604,106.68506,27.645588
49.30493,24.894207,106.70447,27.648232
49.31493,24.89782,106.72389,27.650871
49.324932,24.901424,106.74331,27.653515
49.334934,24.905033,106.76276,27.65616
49.344936,24.908642,106.78218,27.658802
49.354935,24.912247,106.8016,27.661442
49.364937,24.915852,106.821,27.66408
49.37494,24.919468,106.84043,27.666723
49.384937,24.923069,106.859856,27.669369
49.39494,24.926678,106.87929,27.672009
49.40494,24.930288,106.89872,27.674648
49.41494,24.933895,106.9181,27.677284
49.424942,24.937504,106.93754,27.679924
49.434944,24.94111,106.956955,27.682568
49.444946,24.944715,106.97637,27.685204
49.454945,24.948324,106.9958,27.687841
49.464947,24.95193,107.01521,27.69048
49.47495,24.955536,107.034615,27.693113
49.484947,24.959148,107.05403,27.695755
49.49495,24.962757,107.07345,27.69839
49.50495,24.966358,107.09287,27.701029
49.51495,24.969973,107.112274,27.703665
49.524952,24.97358,107.13167,27.7063
49.534954,24.977188,107.15109,27.708939
49.544956,24.980797,107.170525,27.711573
49.554955,24.984402,107.18992,27.714205
49.564957,24.988008,107.20932,27.716843
49.57496,24.991615,107.228745,27.719475
49.584957,24.995228,107.24813,27.722109
49.59496,24.998835,107.267525,27.72474
49.60496,25.002441,107.28695,27.727377
49.61496,25.006048,107.306335,27.73001
49.62496,25.009651,107.325745,27.73264
49.634964,25.013266,107.34515,27.735275
49.644966,25.016867,107.364555,27.737906
49.654964,25.020475,107.38396,27.740538
49.664967,25.024086,107.40335,27.743166
49.67497,25.027693,107.42276,27.7458
49.684967,25.031296,107.442154,27.748432
49.69497,25.034908,107.46154,27.751062
49.70497,25.038519,107.48094,27.75369
49.71497,25.042122,107.50034,27.756319
49.72497,25.045727,107.51974,27.75895
49.734974,25.049335,107.53913,27.761576
49.744976,25.052944,107.558525,27.764206
49.754974,25.056555,107.57791,27.76683
49.764977,25.060154,107.597305,27.76946
49.77498,25.06377,107.61671,27.772089
49.784977,25.067373,107.636086,27.774715
49.79498,25.070982,107.65547,27.777344
49.80498,25.07459,107.67487,27.779972
49.814983,25.0782,107.694275,27.7826
49.82498,25.08181,107.71365,27.785223
49.834984,25.085417,107.733025,27.787846
49.844986,25.089024,107.75243,27.790468
49.854984,25.092634,107.771805,27.793098
49.864986,25.096243,107.79119,27.795725
49.87499,25.09985,107.81058,27.798342
49.884987,25.10345,107.829956,27.800966
49.89499,25.107065,107.84933,27.803593
49.90499,25.110668,107.86872,27.806217
49.914993,25.114275,107.8881,27.80884
49.92499,25.117882,107.90747,27.811457
49.934994,25.12149,107.92685,27.814081
49.944996,25.125101,107.94625,27.816708
49.954994,25.128708,107.96562,27.819326
49.964996,25.132317,107.984985,27.821945
49.975,25.135921,108.004364,27.824568
49.984997,25.139528,108.02373,27.827185
49.995,25.143133,108.04311,27.82981
50.005,25.146748,108.062485,27.832426
50.015003,25.15035,108.081856,27.835047
50.025,25.153961,108.101234,27.837667
50.035004,25.157568,108.12059,27.840282
50.045006,25.161179,108.139984,27.842903
50.055004,25.164782,108.15933,27.845524
50.065006,25.168388,108.17871,27.848139
50.07501,25.171999,108.198074,27.850752
50.085007,25.175611,108.217445,27.853373
50.09501,25.179213,108.23681,27.855991
50.10501,25.182823,108.25619,27.858606
50.115013,25.186428,108.27555,27.861223
50.12501,25.190039,108.294914,27.863838
50.135014,25.193645,108.31429,27.866455
50.145016,25.19725,108.33363,27.86907
50.155014,25.200857,108.353,27.871683
50.165016,25.204466,108.37236,27.874298
50.17502,25.208075,108.39171,27.87691
50.185017,25.211683,108.41107,27.879526
50.19502,25.21529,108.43044,27.88214
50.20502,25.218897,108.4498,27.884752
50.215023,25.222506,108.46916,27.887365
50.22502,25.226114,108.4885,27.889975
50.235023,25.22972,108.50785,27.892588
50.245026,25.233326,108.52719,27.895197
50.255024,25.236935,108.546555,27.897808
50.265026,25.240541,108.56591,27.900421
50.27503,25.244152,108.58529,27.903034
50.28503,25.24776,108.60462,27.905643
50.29503,25.25137,108.623985,27.90825
50.30503,25.254976,108.64333,27.910864
50.315033,25.258585,108.66268,27.913473
50.32503,25.262192,108.68203,27.91608
50.335033,25.2658,108.70138,27.918688
50.345036,25.269405,108.72072,27.921297
50.355034,25.273012,108.74007,27.923904
50.365036,25.276627,108.7594,27.92651
50.37504,25.280231,108.77876,27.929121
50.38504,25.283844,108.798096,27.93173
50.39504,25.287447,108.81744,27.934334
50.40504,25.291061,108.836784,27.936941
50.415043,25.294664,108.856125,27.939543
50.42504,25.298271,108.87546,27.942152
50.435043,25.301876,108.894806,27.944761
50.445045,25.305481,108.91413,27.947361
50.455044,25.30909,108.93347,27.949966
50.465046,25.312704,108.952835,27.95257
50.475048,25.316307,108.97215,27.955175
50.48505,25.319918,108.9915,27.957777
50.49505,25.323523,109.01082,27.96038
50.50505,25.327131,109.03015,27.962984
50.515053,25.33074,109.0495,27.965588
50.52505,25.33435,109.06882,27.96819
50.535053,25.33796,109.08815,27.970793
50.545055,25.341562,109.10749,27.973396
50.555054,25.345171,109.126816,27.975994
50.565056,25.34878,109.14615,27.978598
50.575058,25.352385,109.165474,27.981195
50.58506,25.355997,109.18482,27.983799
50.59506,25.359606,109.204124,27.986393
50.60506,25.36321,109.22346,27.988997
50.615063,25.366823,109.24278,27.991594
50.62506,25.370428,109.26211,27.994192
50.635063,25.374037,109.28142,27.996792
50.645065,25.377645,109.30074,27.999392
50.655064,25.381254,109.320076,28.001991
50.665066,25.384857,109.3394,28.004587
50.675068,25.388464,109.35871,28.007185
50.68507,25.39208,109.37804,28.009783
50.69507,25.395681,109.39734,28.012377
50.70507,25.39929,109.41668,28.014975
50.715073,25.4029,109.43599,28.017572
50.72507,25.406507,109.45531,28.020164
50.735073,25.410118,109.47461,28.02276
50.745075,25.413725,109.49393,28.025356
50.755077,25.417332,109.51324,28.027952
50.765076,25.42094,109.53255,28.030542
50.775078,25.42455,109.551865,28.033138
50.78508,25.42816,109.571205,28.035732
50.79508,25.431765,109.590485,28.038324
50.80508,25.435368,109.60981,28.04092
50.815083,25.438978,109.62911,28.043509
50.82508,25.442587,109.64843,28.046104
50.835083,25.446201,109.66775,28.048698
50.845085,25.449808,109.68705,28.051292
50.855087,25.453411,109.70635,28.053879
50.865086,25.45702,109.72565,28.05647
50.875088,25.46063,109.74495,28.059057
50.88509,25.464235,109.76425,28.061651
50.89509,25.467848,109.78356,28.06424
50.90509,25.471455,109.802864,28.066833
50.915092,25.475065,109.822174,28.069422
50.92509,25.478668,109.84146,28.072004
50.935093,25.48228,109.86076,28.074598
50.945095,25.48589,109.88007,28.077187
50.955097,25.489496,109.89937,28.079775
50.965096,25.493105,109.91866,28.082361
50.975098,25.496712,109.93795,28.08495
50.9851,25.50032,109.95724,28.087536
50.9951,25.503925,109.97654,28.090124
51.0051,25.507538,109.99584,28.092707
51.015102,25.511148,110.01513,28.095295
51.0251,25.514751,110.03441,28.097878
51.035103,25.518364,110.05371,28.100466
51.045105,25.521967,110.07301,28.103052
51.055107,25.525583,110.0923,28.10564
51.065105,25.529184,110.11158,28.10822
51.075108,25.532795,110.13088,28.110802
51.08511,25.536402,110.15017,28.11339
51.095108,25.54001,110.16946,28.115974
51.10511,25.543621,110.188736,28.118555
51.115112,25.547226,110.20802,28.121138
51.12511,25.550837,110.227295,28.12372
51.135113,25.554443,110.246574,28.126303
51.145115,25.558054,110.26586,28.128881
51.155117,25.561663,110.28513,28.131468
51.165115,25.56527,110.30443,28.134048
51.175117,25.568882,110.323715,28.136627
51.18512,25.572487,110.34299,28.139212
51.195118,25.5761,110.36227,28.14179
51.20512,25.579712,110.38157,28.144367
51.215122,25.583317,110.400826,28.14695
51.225124,25.586924,110.42011,28.149529
51.235123,25.59053,110.43938,28.152103
51.245125,25.59414,110.45865,28.154682
51.255127,25.597748,110.47793,28.15726
51.265125,25.601358,110.497185,28.15984
51.275127,25.604967,110.51647,28.16242
51.28513,25.608578,110.53575,28.164997
51.295128,25.612183,110.55502,28.16757
51.30513,25.615791,110.57428,28.170155
51.315132,25.6194,110.59356,28.172728
51.325134,25.623009,110.612816,28.175304
51.335133,25.626616,110.63208,28.177876
51.345135,25.63023,110.65135,28.180454
51.355137,25.633835,110.67061,28.183025
51.365135,25.637447,110.68989,28.1856
51.375137,25.641054,110.70916,28.188177
51.38514,25.644665,110.72841,28.190748
51.395138,25.64827,110.74767,28.193321
51.40514,25.651873,110.76693,28.195896
51.415142,25.655489,110.78619,28.19847
51.425144,25.6591,110.80546,28.201042
51.435143,25.662704,110.82472,28.203615
51.445145,25.666313,110.84398,28.206188
51.455147,25.669922,110.86323,28.20876
51.465145,25.673538,110.88249,28.211329
51.475147,25.67714,110.90174,28.213896
51.48515,25.68075,110.921005,28.21647
51.495148,25.684364,110.94024,28.21904
51.50515,25.68797,110.959496,28.221613
51.515152,25.691576,110.97877,28.224182
51.525154,25.695187,110.99801,28.226753
51.535152,25.698793,111.017265,28.229319
51.545155,25.702404,111.036514,28.23189
51.555157,25.706013,111.05576,28.234457
51.565155,25.709618,111.07499,28.237024
51.575157,25.713234,111.09426,28.239594
51.58516,25.716837,111.11352,28.24216
51.595158,25.720448,111.13276,28.244726
51.60516,25.724056,111.151985,28.247293
51.61516,25.727665,111.17123,28.249859
51.625164,25.731281,111.19047,28.252426
51.635162,25.734886,111.20973,28.254992
51.645164,25.738503,111.22897,28.257559
51.655167,25.742105,111.24821,28.260122
51.665165,25.745707,111.26743,28.262688
51.675167,25.749321,111.286674,28.265251
51.68517,25.752932,111.30592,28.267813
51.69517,25.75654,111.32516,28.27038
51.70517,25.760155,111.34441,28.272945
51.71517,25.763763,111.36363,28.275507
51.725174,25.767372,111.382866,28.27807
51.735172,25.77098,111.4021,28.280634
51.745174,25.774586,111.42134,28.283195
51.755177,25.7782,111.44057,28.285757
51.765175,25.781807,111.4598,28.288317
51.775177,25.78541,111.47903,28.290878
51.78518,25.789028,111.49826,28.293442
51.79518,25.792637,111.5175,28.296003
51.80518,25.796246,111.53671,28.298561
51.81518,25.799852,111.55594,28.301123
51.825184,25.803463,111.57517,28.303684
51.835182,25.807072,111.5944,28.306238
51.845184,25.810686,111.61365,28.3088
51.855186,25.814295,111.63288,28.31136
51.865185,25.817904,111.65206,28.313915
51.875187,25.821512,111.671295,28.316479
51.88519,25.825127,111.69054,28.319033
51.89519,25.828733,111.70974,28.321592
51.90519,25.832348,111.72897,28.32415
51.91519,25.83595,111.748184,28.326704
51.925194,25.83956,111.767395,28.329258
51.935192,25.843168,111.786606,28.331814
51.945194,25.846779,111.805824,28.334368
51.955196,25.850393,111.825066,28.33693
51.965195,25.854,111.84427,28.33948
51.975197,25.85761,111.86349,28.342037
51.9852,25.86122,111.88271,28.344591
51.9952,25.864828,111.90192,28.34715
52.0052,25.868437,111.92111,28.349699
52.0152,25.87205,111.940346,28.352253
52.025204,25.875662,111.95956,28.354813
52.035202,25.879265,111.97874,28.357357
52.045204,25.88288,111.997955,28.359911
52.055206,25.88649,112.01717,28.362465
52.065205,25.890097,112.03637,28.365017
52.075207,25.89371,112.05557,28.367567
52.08521,25.897314,112.07481,28.37012
52.09521,25.900927,112.094,28.372667
52.10521,25.904541,112.113205,28.375225
52.11521,25.908146,112.13241,28.377773
52.125214,25.911755,112.15161,28.380323
52.135212,25.915367,112.17081,28.38287
52.145214,25.918976,112.19,28.38542
52.155216,25.922586,112.2092,28.38797
52.16522,25.926195,112.228386,28.390518
52.175217,25.929806,112.247604,28.393068
52.18522,25.93342,112.266815,28.395617
52.19522,25.937027,112.286,28.398165
52.20522,25.940638,112.30518,28.40071
52.21522,25.944248,112.32438,28.40326
52.225224,25.947865,112.34358,28.405804
52.23522,25.951471,112.36277,28.40835
52.245224,25.955082,112.381966,28.410896
52.255226,25.958693,112.40115,28.413443
52.26523,25.9623,112.42034,28.415989
52.275227,25.965916,112.43954,28.418533
52.28523,25.96952,112.45873,28.421078
52.29523,25.97313,112.47791,28.423622
52.30523,25.976738,112.49709,28.426168
52.31523,25.98035,112.51627,28.428709
52.325233,25.983961,112.53548,28.431255
52.33523,25.987574,112.55466,28.433796
52.345234,25.991182,112.57384,28.436342
52.355236,25.994797,112.593025,28.438883
52.36524,25.998405,112.612206,28.441425
52.375237,26.002018,112.63139,28.44397
52.38524,26.005625,112.65057,28.44651
52.39524,26.009233,112.669754,28.449053
52.40524,26.01285,112.68893,28.451591
52.41524,26.016459,112.708084,28.45413
52.425243,26.020065,112.72728,28.456673
52.43524,26.023678,112.74646,28.459213
52.445244,26.027292,112.76563,28.461754
52.455246,26.030909,112.78482,28.464293
52.46525,26.034517,112.804,28.466833
52.475246,26.03812,112.82314,28.469368
52.48525,26.04173,112.84233,28.47191
52.49525,26.045345,112.861496,28.47445
52.50525,26.048956,112.88067,28.476986
52.51525,26.05257,112.89983,28.479519
52.525253,26.05618,112.919,28.482056
52.535255,26.05979,112.93818,28.484596
52.545254,26.063398,112.95735,28.487133
52.555256,26.067009,112.9765,28.489666
52.565258,26.070623,112.99567,28.492208
52.575256,26.074232,113.01483,28.494738
52.58526,26.07784,113.03398,28.497276
52.59526,26.081459,113.053154,28.499811
52.60526,26.085062,113.07233,28.502344
52.61526,26.088678,113.0915,28.504879
52.625263,26.092293,113.11066,28.507414
52.635265,26.095901,113.1298,28.509947
52.645264,26.099506,113.14896,28.512482
52.655266,26.103123,113.16811,28.515017
52.665268,26.106728,113.18727,28.517548
52.675266,26.110342,113.20643,28.52008
52.68527,26.113956,113.22557,28.52261
52.69527,26.117565,113.244736,28.525143
52.70527,26.121176,113.26389,28.527678
52.71527,26.12479,113.28304,28.530207
52.725273,26.1284,113.30221,28.532742
52.735275,26.132013,113.32136,28.535269
52.745274,26.135622,113.340515,28.537794
52.755276,26.139236,113.35966,28.540329
52.765278,26.142849,113.37882,28.542858
52.775276,26.146458,113.39795,28.545385
52.78528,26.15007,113.41711,28.547916
52.79528,26.153679,113.43625,28.550442
52.80528,26.15729,113.45539,28.55297
52.81528,26.160908,113.474525,28.5555
52.825283,26.164513,113.493675,28.558027
52.835285,26.168133,113.51283,28.560553
52.845284,26.17174,113.53195,28.563078
52.855286,26.175352,113.55111,28.565609
52.865288,26.178963,113.57027,28.568136
52.875286,26.182575,113.58936,28.570662
52.88529,26.186186,113.60852,28.57319
52.89529,26.189798,113.62766,28.575714
52.90529,26.19341,113.6468,28.578241
52.91529,26.197023,113.66595,28.580769
52.925293,26.20063,113.685074,28.583288
52.935295,26.20425,113.70421,28.585812
52.945293,26.207855,113.723335,28.588333
52.955296,26.211475,113.74246,28.590862
52.965298,26.215082,113.7616,28.59338
52.975296,26.218695,113.78073,28.595907
52.9853,26.222303,113.799866,28.598429
52.9953,26.225918,113.81898,28.600948
53.005302,26.22953,113.838135,28.603476
53.0153,26.233149,113.85725,28.605997
53.025303,26.236755,113.876366,28.608517
53.035305,26.240372,113.89549,28.61104
53.045303,26.243975,113.914604,28.61356
53.055305,26.24759,113.93373,28.61608
53.065308,26.251205,113.95287,28.618599
53.075306,26.25481,113.97198,28.621113
53.085308,26.258429,113.991104,28.623638
53.09531,26.262043,114.01023,28.626158
53.105312,26.265657,114.02936,28.628677
53.11531,26.269266,114.04846,28.631197
53.125313,26.272875,114.06759,28.63371
53.135315,26.27649,114.086716,28.63623
53.145313,26.280104,114.105804,28.63875
53.155315,26.283716,114.12494,28.64127
53.165318,26.28733,114.14405,28.643784
53.175316,26.29094,114.163155,28.646301
53.185318,26.294552,114.18228,28.648817
53.19532,26.298164,114.20139,28.651335
53.205322,26.301777,114.2205,28.65385
53.21532,26.305387,114.2396,28.65636
53.225323,26.309004,114.258705,28.65888
53.235325,26.312616,114.277824,28.661394
53.245323,26.316227,114.29695,28.66391
53.255325,26.31984,114.31605,28.666424
53.265327,26.323462,114.33515,28.668934
53.275326,26.327066,114.35425,28.671448
53.285328,26.33068,114.37335,28.673962
53.29533,26.33429,114.392456,28.676477
53.305332,26.337906,114.411575,28.678991
53.31533,26.341516,114.43069,28.681501
53.325333,26.345129,114.44976,28.684015
53.335335,26.348742,114.46886,28.686525
53.345333,26.352358,114.48797,28.689037
53.355335,26.355972,114.50707,28.691547
53.365337,26.35958,114.52615,28.694056
53.375336,26.3632,114.54525,28.696566
53.385338,26.366812,114.564354,28.699076
53.39534,26.370424,114.58345,28.701588
53.405342,26.374039,114.60253,28.704098
53.41534,26.37765,114.62163,28.70661
53.425343,26.381266,114.64074,28.709112
53.435345,26.384876,114.65982,28.711624
53.445343,26.388487,114.6789,28.71413
53.455345,26.392105,114.698,28.716639
53.465347,26.395721,114.717094,28.719145
53.47535,26.399332,114.73621,28.721655
53.485348,26.402939,114.75527,28.72416
53.49535,26.406559,114.77435,28.72667
53.505352,26.410175,114.793434,28.729177
53.51535,26.413784,114.81252,28.73168
53.525352,26.417398,114.83161,28.734188
53.535355,26.421011,114.85069,28.73669
53.545353,26.424625,114.869774,28.739197
53.555355,26.428242,114.88886,28.741703
53.565357,26.431852,114.90793,28.744205
53.57536,26.435469,114.927025,28.74671
53.585358,26.43908,114.94608,28.749216
53.59536,26.442698,114.96516,28.751715
53.605362,26.446308,114.98424,28.75422
53.61536,26.449923,115.0033,28.756723
53.625362,26.453535,115.02239,28.759226
53.635365,26.45715,115.04148,28.761728
53.645363,26.46076,115.06053,28.764227
53.655365,26.464378,115.07962,28.766733
53.665367,26.467989,115.0987,28.769238
53.67537,26.471605,115.11776,28.771738
53.685368,26.47522,115.136826,28.774237
53.69537,26.478832,115.1559,28.776737
53.70537,26.482443,115.174965,28.779236
53.71537,26.486067,115.19404,28.781736
53.725372,26.489677,115.21309,28.784237
53.735374,26.493288,115.23217,28.786736
53.745373,26.496902,115.25121,28.789236
53.755375,26.500517,115.27029,28.791733
53.765377,26.50413,115.289345,28.79423
53.77538,26.507748,115.308426,28.796732
53.785378,26.511362,115.32749,28.799229
53.79538,26.514973,115.34655,28.801723
53.80538,26.518589,115.36561,28.804222
53.81538,26.522207,115.38466,28.806713
53.825382,26.52582,115.40372,28.809214
53.835384,26.52943,115.42277,28.81171
53.845383,26.53305,115.441826,28.814207
53.855385,26.536661,115.460884,28.816698
53.865387,26.540274,115.479935,28.819197
53.87539,26.54389,115.49899,28.821692
53.885387,26.547508,115.51805,28.824186
53.89539,26.551123,115.53711,28.826687
53.90539,26.554733,115.556145,28.829172
53.91539,26.558346,115.57518,28.831669
53.925392,26.561966,115.59425,28.834164
53.935394,26.565586,115.6133,28.836653
53.945396,26.569197,115.63235,28.839151
53.955395,26.572813,115.651375,28.84164
53.965397,26.576426,115.67045,28.844135
53.9754,26.580042,115.68948,28.846626
53.985397,26.583652,115.70852,28.849115
53.9954,26.58727,115.727585,28.851608
54.0054,26.590885,115.746605,28.8541
54.0154,26.594496,115.765656,28.85659
54.025402,26.598112,115.784706,28.85908
54.035404,26.601732,115.803734,28.861568
54.045406,26.605345,115.82278,28.864061
54.055405,26.60896,115.84181,28.866549
54.065407,26.612577,115.86085,28.86904
54.07541,26.616194,115.87989,28.871525
54.085407,26.619808,115.89891,28.874014
54.09541,26.623425,115.91796,28.876503
54.10541,26.627043,115.937,28.878988
54.11541,26.630653,115.956024,28.88148
54.125412,26.634272,115.97507,28.883966
54.135414,26.637888,115.99409,28.886454
54.145416,26.641493,116.0131,28.888943
54.155415,26.645115,116.03215,28.891428
54.165417,26.648731,116.051155,28.893913
54.17542,26.65235,116.07021,28.896399
54.185417,26.655962,116.08922,28.898882
54.19542,26.659578,116.10826,28.901367
54.20542,26.663197,116.12729,28.903852
54.21542,26.666807,116.14629,28.906338
54.22542,26.670425,116.16532,28.908823
54.235424,26.674044,116.18433,28.911303
54.245426,26.677656,116.20335,28.913782
54.255424,26.68127,116.222374,28.91627
54.265427,26.684893,116.2414,28.918756
54.27543,26.68851,116.26044,28.921238
54.285427,26.692116,116.279434,28.923717
54.29543,26.69574,116.298454,28.926203
54.30543,26.69935,116.31749,28.928684
54.31543,26.702969,116.3365,28.931162
54.32543,26.706587,116.35552,28.933647
54.335434,26.7102,116.37452,28.936125
54.345436,26.713814,116.39353,28.938606
54.355434,26.717432,116.412544,28.941088
54.365437,26.721054,116.431564,28.943567
54.37544,26.724667,116.45057,28.946047
54.385437,26.728289,116.46958,28.948526
54.39544,26.731903,116.48858,28.951002
54.40544,26.73552,116.5076,28.953484
54.415443,26.739138,116.5266,28.955961
54.42544,26.742752,116.54559,28.958437
54.435444,26.746365,116.56461,28.960917
54.445446,26.749983,116.58362,28.963392
54.455444,26.7536,116.602615,28.965872
54.465446,26.757217,116.621635,28.968351
54.47545,26.760836,116.640625,28.970827
54.485447,26.764452,116.65961,28.973299
54.49545,26.768068,116.678604,28.975775
54.50545,26.771685,116.697624,28.978252
54.515453,26.775303,116.71661,28.980728
54.52545,26.778917,116.73559,28.983202
54.535454,26.78253,116.7546,28.985678
54.545456,26.786154,116.77361,28.988153
54.555454,26.789768,116.79258,28.990623
54.565456,26.793385,116.81159,28.993101
54.57546,26.797003,116.83058,28.995573
54.585457,26.800615,116.849556,28.998043
54.59546,26.804237,116.86856,29.000519
54.60546,26.807852,116.88755,29.002993
54.615463,26.811474,116.90655,29.005463
54.62546,26.81509,116.92555,29.007938
54.635464,26.818703,116.94452,29.010408
54.645466,26.822323,116.96351,29.012878
54.655464,26.82594,116.982475,29.015348
54.665466,26.829556,117.00147,29.017818
54.67547,26.833176,117.020454,29.020288
54.685467,26.836794,117.03944,29.022758
54.69547,26.840412,117.05842,29.025229
54.70547,26.844027,117.0774,29.027699
54.715473,26.847645,117.096405,29.03017
54.72547,26.851263,117.11537,29.03264
54.735474,26.85488,117.13433,29.03511
54.745476,26.858498,117.15332,29.037575
54.755474,26.862114,117.17228,29.040041
54.765476,26.865736,117.19128,29.042511
54.77548,26.86935,117.21023,29.044977
54.785477,26.872965,117.22921,29.047445
54.79548,26.87659,117.24819,29.049911
54.80548,26.880205,117.267166,29.052378
54.815483,26.883823,117.286156,29.054846
54.82548,26.88744,117.3051,29.057312
54.835484,26.891058,117.3241,29.059776
54.845486,26.894672,117.34305,29.062243
54.855484,26.898294,117.36201,29.064705
54.865486,26.901915,117.38098,29.067173
54.87549,26.905529,117.39993,29.069637
54.88549,26.909151,117.418915,29.072098
54.89549,26.912767,117.43787,29.074562
54.90549,26.916386,117.45684,29.077028
54.915493,26.920006,117.47579,29.079489
54.92549,26.923628,117.49476,29.081951
54.935493,26.927242,117.51374,29.084414
54.945496,26.930857,117.532684,29.08688
54.955494,26.934479,117.55163,29.089336
54.965496,26.938099,117.57059,29.091799
54.9755,26.94172,117.589554,29.094263
54.9855,26.945335,117.60853,29.096725
54.9955,26.948957,117.62747,29.09918
55.0055,26.952572,117.64642,29.101643
55.015503,26.956194,117.66539,29.104109
55.0255,26.959808,117.684326,29.106562
55.035503,26.963428,117.70327,29.109022
55.045506,26.967043,117.72224,29.111483
55.055504,26.970667,117.74119,29.113941
55.065506,26.974289,117.760124,29.116402
55.07551,26.9779,117.77909,29.118858
55.08551,26.981527,117.798035,29.121315
55.09551,26.985136,117.81698,29.123774
55.10551,26.988764,117.83594,29.126234
55.115513,26.992382,117.85487,29.128687
55.12551,26.995996,117.8738,29.131144
55.135513,26.999619,117.89275,29.133602
55.145515,27.003237,117.9117,29.13606
55.155514,27.006855,117.93063,29.138515
55.165516,27.01048,117.94958,29.140968
55.175518,27.014093,117.96852,29.143423
55.18552,27.017715,117.98746,29.145878
55.19552,27.021332,118.00638,29.14833
55.20552,27.024952,118.02532,29.15079
55.215523,27.028576,118.04428,29.153244
55.22552,27.032198,118.0632,29.155697
55.235523,27.035812,118.082146,29.158154
55.245525,27.03943,118.101074,29.160603
55.255524,27.04305,118.119995,29.163055
55.265526,27.046669,118.13895,29.165508
55.275528,27.050293,118.157875,29.167961
55.28553,27.053915,118.1768,29.170414
55.29553,27.057531,118.19572,29.172863
55.30553,27.06115,118.214645,29.175316
55.315533,27.064772,118.233574,29.177767
55.32553,27.06839,118.25249,29.180216
55.335533,27.072014,118.27143,29.182667
55.345535,27.075636,118.29036,29.185118
55.355537,27.079248,118.309265,29.187569
55.365536,27.08287,118.3282,29.190022
55.375538,27.086493,118.34712,29.192469
55.38554,27.090117,118.36605,29.19492
55.39554,27.093729,118.38496,29.197367
55.40554,27.097353,118.40388,29.199816
55.415543,27.100971,118.4228,29.202261
55.42554,27.104591,118.441696,29.204706
55.435543,27.108212,118.460625,29.20716
55.445545,27.111835,118.479546,29.209606
55.455547,27.11546,118.49846,29.212051
55.465546,27.119074,118.51738,29.214502
55.475548,27.122692,118.53628,29.216946
55.48555,27.126318,118.5552,29.219393
55.49555,27.129936,118.574104,29.221836
55.50555,27.133562,118.59301,29.224285
55.515553,27.13718,118.61194,29.22673
55.52555,27.140802,118.63084,29.229174
55.535553,27.14442,118.649734,29.231619
55.545555,27.148043,118.66866,29.234062
55.555557,27.151663,118.68757,29.236507
55.565556,27.155281,118.70645,29.238947
55.575558,27.158903,118.725365,29.241392
55.58556,27.162529,118.744255,29.243834
55.59556,27.166143,118.76316,29.246277
55.60556,27.169762,118.78205,29.248716
55.615562,27.173386,118.800964,29.251163
55.62556,27.177006,118.819855,29.253601
55.635563,27.180637,118.83877,29.256048
55.645565,27.184256,118.85767,29.258486
55.655567,27.187872,118.87656,29.26093
55.665565,27.191494,118.895454,29.263369
55.675568,27.195114,118.91436,29.265808
55.68557,27.19874,118.93325,29.26825
55.695568,27.202362,118.95213,29.270689
55.70557,27.205986,118.97104,29.273132
55.715572,27.209602,118.98993,29.275566
55.72557,27.213226,119.00882,29.278004
55.735573,27.216846,119.0277,29.280447
55.745575,27.220472,119.04659,29.282883
55.755577,27.224089,119.06548,29.285322
55.765575,27.227707,119.08435,29.287758
55.775578,27.231339,119.103264,29.290194
55.78558,27.234955,119.12212,29.292635
55.795578,27.23858,119.14102,29.29507
55.80558,27.2422,119.15992,29.297506
55.815582,27.245825,119.17878,29.299942
55.825584,27.249445,119.19768,29.302378
55.835583,27.253065,119.21654,29.304813
55.845585,27.256683,119.23542,29.30725
55.855587,27.260307,119.25431,29.309685
55.865585,27.263935,119.27318,29.31212
55.875587,27.267551,119.29206,29.314556
55.88559,27.27117,119.31092,29.31698
55.895588,27.274797,119.3298,29.319422
55.90559,27.278425,119.34869,29.321856
55.915592,27.282045,119.36758,29.324293
55.925594,27.285667,119.386444,29.32672
55.935593,27.289286,119.40529,29.32915
55.945595,27.292912,119.42414,29.331585
55.955597,27.296534,119.44305,29.33402
55.965595,27.30016,119.46191,29.33645
55.975597,27.303783,119.48078,29.338882
55.9856,27.307404,119.49965,29.341312
55.995598,27.311024,119.5185,29.343742
56.0056,27.314646,119.53736,29.346169
56.015602,27.318268,119.556244,29.348604
56.025604,27.321896,119.57511,29.351036
56.035603,27.325516,119.593956,29.353464
56.045605,27.329142,119.612816,29.355892
56.055607,27.332764,119.631676,29.358318
56.065605,27.336386,119.65054,29.360754
56.075607,27.34001,119.66941,29.363182
56.08561,27.343636,119.68827,29.365606
56.095608,27.347258,119.70711,29.368036
56.10561,27.350876,119.72597,29.370464
56.115612,27.3545,119.744804,29.372887
56.125614,27.358128,119.76367,29.375317
56.135612,27.36175,119.78253,29.377743
56.145615,27.365374,119.80138,29.380169
56.155617,27.368998,119.82025,29.382597
56.165615,27.372625,119.83911,29.385023
56.175617,27.376244,119.857956,29.38745
56.18562,27.37987,119.8768,29.389872
56.195618,27.383493,119.89564,29.3923
56.20562,27.387112,119.914474,29.394724
56.215622,27.390741,119.93333,29.397144
56.225624,27.394361,119.95216,29.399572
56.235622,27.397987,119.971016,29.401997
56.245625,27.401617,119.98986,29.404419
56.255627,27.405233,120.00871,29.406843
56.265625,27.408861,120.027534,29.409264
56.275627,27.412483,120.04638,29.411684
56.28563,27.416105,120.06523,29.414108
56.29563,27.419733,120.08407,29.416536
56.30563,27.423359,120.10289,29.418951
56.31563,27.42698,120.12174,29.421375
56.325634,27.430607,120.140594,29.423798
56.335632,27.434227,120.15942,29.42622
56.345634,27.437853,120.17824,29.428637
56.355637,27.441479,120.197075,29.431055
56.365635,27.445105,120.21591,29.433477
56.375637,27.448725,120.23474,29.435898
56.38564,27.452356,120.25356,29.438316
56.39564,27.455978,120.27241,29.440739
56.40564,27.459602,120.29122,29.443155
56.41564,27.46322,120.31004,29.44557
56.425644,27.466848,120.32889,29.447992
56.435642,27.470474,120.347725,29.450413
56.445644,27.474102,120.366554,29.452831
56.455647,27.477724,120.38536,29.455244
56.465645,27.481348,120.404175,29.45766
56.475647,27.484976,120.423,29.460081
56.48565,27.4886,120.44183,29.462498
56.49565,27.492228,120.46064,29.464909
56.50565,27.49585,120.47946,29.467323
56.51565,27.499472,120.49828,29.469744
56.525654,27.5031,120.51712,29.47216
56.535652,27.506727,120.53592,29.474571
56.545654,27.510353,120.55475,29.47699
56.555656,27.513977,120.573555,29.479403
56.565655,27.517603,120.59236,29.481817
56.575657,27.521227,120.611176,29.48423
56.58566,27.524849,120.62999,29.486643
56.59566,27.528477,120.6488,29.489058
56.60566,27.532108,120.66765,29.49147
56.61566,27.535734,120.686424,29.493881
56.625664,27.539356,120.705246,29.496294
56.635662,27.54298,120.724045,29.498705
56.645664,27.546608,120.74284,29.501118
56.655666,27.55023,120.76165,29.503532
56.665665,27.553862,120.780464,29.50594
56.675667,27.557484,120.79927,29.508352
56.68567,27.56111,120.81807,29.510763
56.69567,27.564737,120.83686,29.513172
56.70567,27.568361,120.85568,29.51558
56.71567,27.57199,120.87449,29.517994
56.725674,27.575617,120.893265,29.5204
56.735672,27.57924,120.91205,29.52281
56.745674,27.58287,120.93086,29.525219
56.755676,27.586496,120.949684,29.527628
56.76568,27.590118,120.96846,29.530039
56.775677,27.593746,120.98726,29.532444
56.78568,27.597376,121.00606,29.534853
56.79568,27.601004,121.02485,29.537262
56.80568,27.604626,121.04363,29.539667
56.81568,27.608257,121.06242,29.542076
56.825684,27.611881,121.08123,29.54448
56.835682,27.615503,121.100006,29.546886
56.845684,27.619135,121.11878,29.549292
56.855686,27.622759,121.13758,29.5517
56.86569,27.626385,121.15638,29.554104
56.875687,27.630016,121.17516,29.556509
56.88569,27.633642,121.193954,29.558914
56.89569,27.637272,121.21273,29.56132
56.90569,27.640896,121.23151,29.563723
56.91569,27.64452,121.25028,29.566124
56.925694,27.64815,121.269066,29.568531
56.93569,27.651777,121.28786,29.57093
56.945694,27.655405,121.30663,29.573338
56.955696,27.659025,121.32541,29.575743
56.9657,27.662659,121.344185,29.578142
56.975697,27.666286,121.362976,29.580545
56.9857,27.669912,121.38175,29.582949
56.9957,27.673542,121.400536,29.585348
57.0057,27.67717,121.41927,29.58775
57.0157,27.680794,121.43806,29.59015
57.025703,27.684422,121.45683,29.59255
57.0357,27.688051,121.47562,29.59495
57.045704,27.691683,121.494385,29.597351
57.055706,27.695305,121.51315,29.599752
57.06571,27.698944,121.53191,29.60215
57.075706,27.702562,121.55069,29.604551
57.08571,27.70619,121.56944,29.606949
57.09571,27.709818,121.58822,29.609348
57.10571,27.713446,121.606964,29.611742
57.11571,27.717073,121.62575,29.614147
57.125713,27.7207,121.64449,29.61654
57.13571,27.724335,121.663284,29.61894
57.145714,27.727962,121.68204,29.62134
57.155716,27.731585,121.7008,29.623735
57.165718,27.735216,121.71954,29.626133
57.175716,27.738844,121.738304,29.628529
57.18572,27.742474,121.757065,29.630924
57.19572,27.746101,121.775826,29.633318
57.20572,27.749733,121.79457,29.635712
57.21572,27.753357,121.81332,29.638113
57.225723,27.75699,121.83209,29.640505
57.235725,27.760624,121.85084,29.6429
57.245724,27.764246,121.86958,29.645296
57.255726,27.767874,121.888336,29.64769
57.265728,27.771502,121.9071,29.65008
57.275726,27.775133,121.92583,29.652475
57.28573,27.77876,121.94459,29.654871
57.29573,27.782389,121.96332,29.65726
57.30573,27.786016,121.98207,29.659655
57.31573,27.789646,122.000824,29.662045
57.325733,27.79328,122.01956,29.664438
57.335735,27.796907,122.0383,29.66683
57.345734,27.800537,122.05707,29.669224
57.355736,27.804161,122.0758,29.671616
57.365738,27.807796,122.09455,29.674004
57.375736,27.811422,122.11327,29.676394
57.38574,27.815048,122.132,29.678783
57.39574,27.818682,122.15075,29.681175
57.40574,27.822315,122.169495,29.683567
57.41574,27.82594,122.18823,29.685957
57.425743,27.829573,122.20696,29.688347
57.435745,27.833197,122.2257,29.690733
57.445744,27.836832,122.244415,29.693117
57.455746,27.840464,122.26316,29.695513
57.465748,27.844093,122.2819,29.697899
57.475746,27.847721,122.30062,29.700283
57.48575,27.85135,122.31937,29.702675
57.49575,27.854979,122.33809,29.705061
57.50575,27.858612,122.35683,29.707447
57.51575,27.86224,122.37554,29.709835
57.525753,27.865871,122.39428,29.712221
57.535755,27.869497,122.41299,29.71461
57.545753,27.873129,122.43171,29.71699
57.555756,27.876759,122.45043,29.719376
57.565758,27.880392,122.469185,29.721762
57.575756,27.88402,122.48788,29.724148
57.58576,27.887651,122.50661,29.726532
57.59576,27.891283,122.525314,29.72891
57.605762,27.894915,122.54404,29.731302
57.61576,27.898546,122.56275,29.733685
57.625763,27.902176,122.581474,29.73607
57.635765,27.905811,122.600204,29.738451
57.645763,27.909433,122.61889,29.740833
57.655766,27.913067,122.63763,29.74322
57.665768,27.9167,122.656334,29.745596
57.675766,27.92033,122.67503,29.747976
57.68577,27.923964,122.69378,29.75036
57.69577,27.927593,122.712456,29.752745
57.705772,27.931221,122.731186,29.755129
57.71577,27.934858,122.74989,29.757507
57.725773,27.93849,122.76861,29.75989
57.735775,27.942118,122.787315,29.762268
57.745773,27.945747,122.80601,29.764647
57.755775,27.94938,122.82472,29.767029
57.765778,27.953014,122.84343,29.769407
57.775776,27.956644,122.862114,29.771786
57.785778,27.960276,122.88082,29.774162
57.79578,27.96391,122.89953,29.776545
57.805782,27.967537,122.91824,29.778925
57.81578,27.97117,122.936905,29.781298
57.825783,27.9748,122.955605,29.783678
57.835785,27.97843,122.97431,29.786055
57.845783,27.982063,122.993034,29.788437
57.855785,27.985695,123.01172,29.790813
57.865788,27.989326,123.03041,29.793186
57.875786,27.992966,123.0491,29.795563
57.885788,27.99659,123.06779,29.79794
57.89579,28.000227,123.086494,29.800318
57.905792,28.003855,123.10519,29.80269
57.91579,28.007488,123.123856,29.805061
57.925793,28.011118,123.14255,29.80744
57.935795,28.014755,123.16124,29.809814
57.945793,28.018385,123.17992,29.81219
57.955795,28.022018,123.198616,29.814562
57.965797,28.025652,123.21729,29.816935
57.975796,28.029282,123.23597,29.819311
57.985798,28.032917,123.25467,29.821682
57.9958,28.036552,123.273346,29.824059
58.005802,28.040184,123.29204,29.826426
58.0158,28.043816,123.31071,29.828802
58.025803,28.047447,123.329384,29.831173
58.035805,28.051079,123.348076,29.833544
58.045803,28.054714,123.36677,29.835918
58.055805,28.058342,123.38542,29.838287
58.065807,28.061983,123.4041,29.840658
58.07581,28.065615,123.42279,29.84303
58.085808,28.069246,123.44144,29.845398
58.09581,28.072878,123.46013,29.84777
58.105812,28.076515,123.47881,29.850145
58.11581,28.080145,123.49746,29.852507
58.125813,28.08378,123.51612,29.854877
58.135815,28.087408,123.5348,29.85725
58.145813,28.091045,123.553474,29.859617
58.155815,28.094679,123.57214,29.861982
58.165817,28.098314,123.590805,29.864355
58.17582,28.101944,123.60948,29.86672
58.185818,28.105577,123.62813,29.869087
58.19582,28.109207,123.64679,29.871454
58.205822,28.112843,123.66545,29.873821
58.21582,28.116482,123.684105,29.87619
58.225822,28.120113,123.70278,29.878553
58.235825,28.123749,123.72146,29.880922
58.245823,28.127382,123.740105,29.883287
58.255825,28.131016,123.75875,29.885656
58.265827,28.134653,123.77741,29.88802
58.27583,28.138287,123.79607,29.890385
58.285828,28.141914,123.81473,29.892748
58.29583,28.145554,123.83339,29.895115
58.305832,28.149187,123.852036,29.897476
58.31583,28.152822,123.87068,29.89984
58.325832,28.156458,123.88933,29.902205
58.335835,28.160093,123.908005,29.90457
58.345833,28.163723,123.926636,29.906929
58.355835,28.167358,123.94528,29.909296
58.365837,28.170994,123.96395,29.911654
58.37584,28.174631,123.98258,29.914019
58.385838,28.178267,124.00123,29.91638
58.39584,28.181898,124.019875,29.918741
58.40584,28.185534,124.038506,29.9211
58.41584,28.189169,124.05715,29.92346
58.425842,28.192808,124.07581,29.925827
58.435844,28.196444,124.094444,29.928186
58.445843,28.200071,124.11306,29.930548
58.455845,28.203712,124.13174,29.932907
58.465847,28.207342,124.15037,29.935266
58.47585,28.210983,124.169014,29.937626
58.485847,28.214617,124.18763,29.939981
58.49585,28.21825,124.206276,29.94234
58.50585,28.221888,124.22491,29.944706
58.51585,28.225521,124.24355,29.947062
58.525852,28.229153,124.26217,29.949417
58.535854,28.232792,124.2808,29.951778
58.545856,28.23643,124.299446,29.954132
58.555855,28.24006,124.31808,29.95649
58.565857,28.243698,124.33668,29.958843
58.57586,28.247337,124.35532,29.961203
58.585857,28.250969,124.37394,29.96356
58.59586,28.254606,124.392586,29.965916
58.60586,28.258242,124.4112,29.968267
58.61586,28.261877,124.4298,29.970627
58.625862,28.265512,124.44845,29.97298
58.635864,28.269152,124.467064,29.975338
58.645866,28.272787,124.48571,29.97769
58.655865,28.276415,124.50432,29.980047
58.665867,28.280056,124.52292,29.982399
58.67587,28.2837,124.54155,29.98475
58.685867,28.287333,124.56018,29.987103
58.69587,28.290966,124.57878,29.989462
58.70587,28.294603,124.59741,29.991816
58.71587,28.29824,124.61601,29.994167
58.725872,28.301886,124.63461,29.996517
58.735874,28.30552,124.653244,29.99887
58.745876,28.30915,124.67186,30.001223
58.755875,28.312788,124.69047,30.003569
58.765877,28.316422,124.70908,30.005926
58.77588,28.320065,124.727684,30.008272
58.785877,28.323702,124.7463,30.010624
58.79588,28.327333,124.764885,30.012976
58.80588,28.330978,124.783516,30.01533
58.81588,28.334606,124.80211,30.017675
58.825882,28.338251,124.82071,30.020025
58.835884,28.341885,124.839325,30.022377
58.845886,28.345524,124.857925,30.024725
58.855885,28.34916,124.876526,30.027075
58.865887,28.352797,124.89511,30.029425
58.87589,28.356438,124.913734,30.031769
58.885887,28.360075,124.93232,30.034119
58.89589,28.36371,124.950935,30.036465
58.90589,28.367348,124.96952,30.038815
58.91589,28.370985,124.988106,30.041159
58.92589,28.37462,125.006714,30.043507
58.935894,28.37826,125.025314,30.045855
58.945896,28.381903,125.0439,30.048197
58.955894,28.385532,125.062485,30.050547
58.965897,28.389174,125.08109,30.052893
58.9759,28.392815,125.09968,30.055235
58.985897,28.39645,125.11823,30.057577
58.9959,28.400087,125.13683,30.059923
59.0059,28.403728,125.155464,30.062271
59.015903,28.407368,125.17401,30.064613
59.0259,28.41101,125.19261,30.06696
59.035904,28.414644,125.2112,30.069302
59.045906,28.418282,125.22979,30.071646
59.055904,28.421917,125.24836,30.073986
59.065907,28.425554,125.26693,30.076332
59.07591,28.4292,125.28554,30.078674
59.085907,28.432837,125.30409,30.081017
59.09591,28.436476,125.32266,30.083359
59.10591,28.440113,125.34127,30.085703
59.115913,28.443754,125.359825,30.088041
59.12591,28.4474,125.378395,30.090384
59.135914,28.45103,125.39697,30.092726
59.145916,28.454668,125.41556,30.095062
59.155914,28.458313,125.43413,30.097406
59.165916,28.461948,125.45269,30.099745
59.17592,28.465586,125.471275,30.102083
59.185917,28.469229,125.489845,30.104424
59.19592,28.472864,125.50841,30.106766
59.20592,28.476501,125.52698,30.109104
59.215923,28.480154,125.54555,30.111443
59.22592,28.483782,125.56411,30.11378
59.235924,28.487427,125.582695,30.116116
59.245926,28.491062,125.60124,30.118458
59.255924,28.494694,125.61978,30.120794
59.265926,28.498339,125.63837,30.12313
59.27593,28.501986,125.65693,30.12547
59.285927,28.50562,125.67548,30.127806
59.29593,28.509258,125.69406,30.130138
59.30593,28.512901,125.712616,30.13248
59.315933,28.51654,125.73116,30.134811
59.32593,28.520182,125.74973,30.137148
59.335934,28.52382,125.76829,30.139482
59.345936,28.527464,125.78685,30.141823
59.355934,28.531103,125.80539,30.144152
59.365936,28.534739,125.82395,30.146484
59.37594,28.538385,125.84249,30.148825
59.385937,28.54202,125.86105,30.151155
59.39594,28.545666,125.87961,30.15349
59.40594,28.549303,125.898155,30.155825
59.415943,28.552946,125.91671,30.158157
59.42594,28.55659,125.93526,30.160492
59.435944,28.560228,125.9538,30.162825
59.445946,28.563868,125.97234,30.16516
59.455944,28.567503,125.99088,30.167486
59.465946,28.571148,126.00943,30.169823
59.47595,28.574791,126.02797,30.172152
59.48595,28.578428,126.0465,30.174482
59.49595,28.582073,126.06504,30.176811
59.50595,28.585716,126.08357,30.179146
59.515953,28.58935,126.10213,30.181477
59.52595,28.592995,126.120674,30.1838
59.535954,28.596636,126.1392,30.186132
59.545956,28.600277,126.157745,30.188465
59.555954,28.603918,126.17628,30.190792
59.565956,28.607563,126.1948,30.193123
59.57596,28.611204,126.21336,30.195452
59.58596,28.614841,126.23187,30.197783
59.59596,28.618486,126.250404,30.200106
59.60596,28.62213,126.26894,30.202436
59.615963,28.625769,126.28746,30.204765
59.62596,28.629408,126.30599,30.207087
59.635963,28.633049,126.32452,30.20942
59.645966,28.636692,126.34303,30.211746
59.655964,28.640335,126.36159,30.214067
59.665966,28.643974,126.380104,30.216394
59.67597,28.647621,126.39862,30.218723
59.68597,28.651262,126.417145,30.221046
59.69597,28.654905,126.43568,30.223373
59.70597,28.65855,126.45419,30.225698
59.715973,28.662191,126.47272,30.228025
59.72597,28.66583,126.49122,30.230349
59.735973,28.669474,126.50975,30.232676
59.745975,28.67312,126.52826,30.234997
59.755974,28.676758,126.54679,30.23732
59.765976,28.680403,126.56531,30.239647
59.775978,28.684048,126.58382,30.24197
59.78598,28.687687,126.60233,30.244291
59.79598,28.691332,126.620834,30.246614
59.80598,28.69497,126.63934,30.248936
59.815983,28.698614,126.65786,30.25126
59.82598,28.70226,126.67638,30.25358
59.835983,28.705904,126.69487,30.255903
59.845985,28.709547,126.7134,30.258224
59.855984,28.713186,126.73189,30.260548
59.865986,28.71683,126.750404,30.262865
59.875988,28.720474,126.76888,30.265186
59.88599,28.72412,126.7874,30.267504
59.89599,28.727764,126.805885,30.269823
59.90599,28.731405,126.82442,30.272148
59.915993,28.735054,126.84291,30.274466
59.92599,28.738688,126.8614,30.276783
59.935993,28.74234,126.8799,30.2791
59.945995,28.745977,126.8984,30.281422
59.955997,28.749624,126.91691,30.283743
59.965996,28.753265,126.935394,30.286057
59.975998,28.75691,126.95388,30.288376
59.986,28.760557,126.9724,30.290693
59.996,28.7642,126.9909,30.29301
60.006,28.767849,127.00938,30.295328
60.016003,28.771492,127.02788,30.297647
60.026,28.775131,127.046364,30.299963
60.036003,28.778778,127.064865,30.302279
60.046005,28.782421,127.083336,30.30459
60.056007,28.786066,127.10182,30.306908
60.066006,28.789711,127.120316,30.309225
60.076008,28.793358,127.13879,30.31154
60.08601,28.797003,127.15729,30.313854
60.09601,28.800648,127.17576,30.31617
60.10601,28.804287,127.194244,30.318481
60.116013,28.807938,127.21273,30.320793
60.12601,28.811583,127.231224,30.323114
60.136013,28.815222,127.24968,30.325426
60.146015,28.818869,127.268166,30.327736
60.156017,28.822514,127.28664,30.330051
60.166016,28.826159,127.30509,30.332363
60.176018,28.829803,127.32358,30.334671
60.18602,28.833447,127.342064,30.336983
60.19602,28.837093,127.360535,30.339298
60.20602,28.840733,127.379005,30.34161
60.216022,28.844387,127.39749,30.34392
60.22602,28.848028,127.41596,30.346233
60.236023,28.851683,127.434425,30.348543
60.246025,28.855322,127.45291,30.350853
60.256027,28.858961,127.47137,30.353165
60.266026,28.862606,127.48984,30.355473
60.276028,28.866253,127.50828,30.35778
60.28603,28.869896,127.52675,30.360094
60.29603,28.873549,127.54522,30.3624
60.30603,28.877197,127.563705,30.364712
60.316032,28.88084,127.582146,30.36702
60.32603,28.884485,127.60063,30.369326
60.336033,28.88814,127.61907,30.371634
60.346035,28.891785,127.63754,30.373941
60.356037,28.895426,127.656,30.37625
60.366035,28.899075,127.67444,30.378553
60.376038,28.902721,127.69291,30.380861
60.38604,28.906368,127.71135,30.38317
60.396038,28.910007,127.729836,30.385479
60.40604,28.913658,127.748276,30.387783
60.416042,28.917305,127.766716,30.390085
60.426044,28.920952,127.78519,30.392393
60.436043,28.924597,127.80363,30.394701
60.446045,28.928246,127.82208,30.397005
60.456047,28.931894,127.84054,30.39931
60.466045,28.935535,127.85896,30.401613
60.476048,28.939188,127.87742,30.403917
60.48605,28.942835,127.895874,30.406221
60.496048,28.94648,127.91431,30.408525
60.50605,28.950125,127.93276,30.410831
60.516052,28.953777,127.95122,30.413134
60.526054,28.957426,127.96964,30.415436
60.536053,28.961071,127.98807,30.417738
60.546055,28.964714,128.00653,30.42004
60.556057,28.968369,128.02495,30.422342
60.566055,28.972006,128.04338,30.42464
60.576057,28.97565,128.06183,30.426943
60.58606,28.97931,128.08028,30.429243
60.596058,28.982952,128.0987,30.43155
60.60606,28.986607,128.11716,30.433847
60.616062,28.99025,128.13556,30.436144
60.626064,28.993898,128.154,30.43845
60.636063,28.997543,128.17242,30.440748
60.646065,29.001196,128.19086,30.443047
60.656067,29.004847,128.2093,30.445349
60.666065,29.008492,128.22774,30.447649
60.676067,29.012136,128.24615,30.449944
60.68607,29.015781,128.26459,30.452242
60.696068,29.019436,128.283,30.454538
60.70607,29.023087,128.3014,30.456839
60.716072,29.026741,128.31987,30.459139
60.726074,29.030384,128.3383,30.461437
60.736073,29.034027,128.3567,30.46373
60.746075,29.037674,128.37514,30.466026
60.756077,29.041328,128.39354,30.468325
60.766075,29.044973,128.41196,30.470621
60.776077,29.048628,128.4304,30.47292
60.78608,29.05227,128.4488,30.475216
60.796078,29.055922,128.46721,30.477507
60.80608,29.059572,128.48563,30.479805
60.816082,29.06322,128.50404,30.4821
60.826084,29.066872,128.52246,30.484392
60.836082,29.07052,128.54086,30.486687
60.846085,29.074171,128.55928,30.488983
60.856087,29.077812,128.57768,30.49128
60.866085,29.081465,128.59612,30.49357
60.876087,29.085117,128.6145,30.495865
60.88609,29.088766,128.6329,30.498158
60.89609,29.092419,128.65134,30.50045
60.90609,29.096062,128.66972,30.502743
60.916092,29.099716,128.68816,30.505033
60.926094,29.103363,128.70653,30.507324
60.936092,29.107012,128.72495,30.509617
60.946095,29.110659,128.74333,30.51191
60.956097,29.114317,128.76173,30.514202
60.966095,29.117964,128.78012,30.51649
60.976097,29.12162,128.79855,30.518782
60.9861,29.125263,128.81694,30.521074
60.9961,29.128912,128.83531,30.523363
61.0061,29.132565,128.85373,30.525652
61.0161,29.136219,128.87212,30.527943
61.026104,29.139868,128.89052,30.53023
61.036102,29.143513,128.90892,30.532518
61.046104,29.14717,128.9273,30.534811
61.056107,29.15082,128.94568,30.537098
61.066105,29.154467,128.96407,30.539387
61.076107,29.158115,128.98245,30.541672
61.08611,29.16177,129.00087,30.54396
61.09611,29.165422,129.01926,30.54625
61.10611,29.169073,129.03764,30.548536
61.11611,29.172722,129.056,30.550821
61.126114,29.17637,129.07439,30.553112
61.136112,29.18002,129.09277,30.555397
61.146114,29.183676,129.11118,30.557682
61.156116,29.187328,129.12953,30.559965
61.166115,29.190977,129.14793,30.562254
61.176117,29.194626,129.1663,30.564539
61.18612,29.198277,129.1847,30.566824
61.19612,29.20193,129.20303,30.56911
61.20612,29.205584,129.22144,30.571392
61.21612,29.209234,129.2398,30.573677
61.226124,29.212889,129.25818,30.57596
61.236122,29.21654,129.27657,30.578243
61.246124,29.220196,129.29494,30.58053
61.256126,29.223848,129.31331,30.582813
61.266125,29.22749,129.33167,30.585096
61.276127,29.231144,129.35004,30.58738
61.28613,29.234797,129.36841,30.58966
61.29613,29.238445,129.38678,30.591944
61.30613,29.242105,129.40514,30.594225
61.31613,29.245754,129.42351,30.596508
61.326134,29.249407,129.44188,30.598787
61.336132,29.25306,129.46024,30.60107
61.346134,29.256706,129.47859,30.603348
61.356136,29.260365,129.49696,30.60563
61.36614,29.264019,129.51532,30.607908
61.376137,29.26767,129.53368,30.610191
61.38614,29.271324,129.55205,30.612469
61.39614,29.274971,129.57039,30.61475
61.40614,29.27863,129.58875,30.61703
61.41614,29.282282,129.60713,30.619308
61.426144,29.285934,129.62546,30.621586
61.436142,29.289583,129.64381,30.623863
61.446144,29.293242,129.66217,30.62614
61.456146,29.296888,129.68051,30.628422
61.46615,29.300545,129.69887,30.630697
61.476147,29.304197,129.71721,30.632975
61.48615,29.307854,129.7356,30.635258
61.49615,29.311508,129.75392,30.637531
61.50615,29.315163,129.77226,30.639809
61.51615,29.318817,129.7906,30.642082
61.526154,29.322472,129.80898,30.64436
61.53615,29.326118,129.8273,30.646631
61.546154,29.329771,129.84566,30.648907
61.556156,29.33343,129.86398,30.651182
61.56616,29.33708,129.88232,30.653461
61.576157,29.340736,129.90067,30.655737
61.58616,29.344393,129.91904,30.658012
61.59616,29.34804,129.93735,30.660284
61.60616,29.351696,129.95569,30.662558
61.61616,29.355354,129.97401,30.664831
61.626163,29.35901,129.99236,30.667103
61.63616,29.36266,130.0107,30.669376
61.646164,29.366318,130.02904,30.67165
61.656166,29.369967,130.04735,30.673923
61.66617,29.373623,130.06569,30.676195
61.676167,29.377283,130.08403,30.678469
61.68617,29.380938,130.10236,30.680738
61.69617,29.384584,130.12067,30.683008
61.70617,29.388239,130.139,30.68528
61.71617,29.391893,130.15733,30.687555
61.726173,29.395555,130.17566,30.689823
61.73617,29.399202,130.19398,30.692091
61.746174,29.402866,130.21233,30.694366
61.756176,29.40652,130.23065,30.69663
61.76618,29.410175,130.24895,30.698902
61.776176,29.413832,130.26727,30.701176
61.78618,29.417486,130.2856,30.70344
61.79618,29.421139,130.30391,30.705713
61.80618,29.424795,130.32224,30.70798
61.81618,29.428452,130.34053,30.710245
61.826183,29.432106,130.35887,30.712515
61.836185,29.435759,130.37718,30.71478
61.846184,29.439417,130.39551,30.71705
61.856186,29.443071,130.4138,30.719316
61.866188,29.446732,130.4321,30.721586
61.876186,29.450382,130.45041,30.72385
61.88619,29.454037,130.46872,30.726116
61.89619,29.4577,130.48706,30.728388
61.90619,29.461353,130.50536,30.730654
61.91619,29.465014,130.52365,30.732914
61.926193,29.468668,130.54196,30.735182
61.936195,29.472315,130.56024,30.737442
61.946194,29.475973,130.57858,30.739714
61.956196,29.479635,130.59688,30.741976
61.966198,29.48329,130.61519,30.74424
61.976196,29.486942,130.63345,30.746502
61.9862,29.490602,130.6518,30.74877
61.9962,29.494253,130.67007,30.751028
62.0062,29.49792,130.68839,30.753296
62.0162,29.501574,130.70667,30.755558
62.026203,29.50523,130.72498,30.757822
62.036205,29.508886,130.74327,30.760086
62.046204,29.512545,130.76155,30.762344
62.056206,29.516203,130.77983,30.76461
62.066208,29.519857,130.79816,30.76687
62.076206,29.523512,130.81639,30.769129
62.08621,29.527174,130.83472,30.77139
62.09621,29.530823,130.853,30.77365
62.10621,29.534483,130.87129,30.775913
62.11621,29.538141,130.88957,30.778173
62.126213,29.5418,130.90788,30.780436
62.136215,29.545464,130.92615,30.782694
62.146214,29.54911,130.94443,30.784954
62.156216,29.552778,130.96275,30.787212
62.166218,29.556435,130.98102,30.78947
62.176216,29.560087,130.99928,30.791735
62.18622,29.563747,131.01756,30.793987
62.19622,29.567406,131.03584,30.796247
62.20622,29.57106,131.05412,30.798506
62.21622,29.574724,131.07242,30.800766
62.226223,29.578379,131.09068,30.80302
62.236225,29.582039,131.10895,30.805277
62.246223,29.585697,131.12721,30.807539
62.256226,29.589352,131.1455,30.809792
62.266228,29.593016,131.1638,30.812052
62.276226,29.596672,131.18204,30.814306
62.28623,29.600327,131.20032,30.81656
62.29623,29.603989,131.2186,30.818817
62.306232,29.60765,131.23688,30.82107
62.31623,29.611313,131.25516,30.823328
62.326233,29.614962,131.27339,30.82558
62.336235,29.618624,131.29167,30.827837
62.346233,29.622282,131.30992,30.830093
62.356236,29.625944,131.32819,30.832344
62.366238,29.6296,131.34647,30.834599
62.376236,29.633255,131.36472,30.836853
62.38624,29.636919,131.38298,30.839108
62.39624,29.64058,131.40125,30.841358
62.406242,29.64424,131.4195,30.843615
62.41624,29.6479,131.43774,30.845865
62.426243,29.651562,131.456,30.848118
62.436245,29.655218,131.47427,30.85037
62.446243,29.658876,131.4925,30.852621
62.456245,29.662537,131.51077,30.854876
62.466248,29.666193,131.52902,30.85712
62.476246,29.669857,131.54729,30.859375
62.486248,29.673517,131.56554,30.861622
62.49625,29.677174,131.58377,30.863873
62.506252,29.680836,131.60204,30.866129
62.51625,29.684492,131.62027,30.868374
62.526253,29.688156,131.6385,30.870625
62.536255,29.691814,131.65678,30.872873
62.546253,29.695475,131.675,30.875124
62.556255,29.699133,131.69324,30.877373
62.566257,29.702793,131.7115,30.879618
62.576256,29.706457,131.72975,30.881872
62.586258,29.71012,131.74799,30.884117
62.59626,29.713778,131.76622,30.886366
62.606262,29.71744,131.78444,30.888617
62.61626,29.721102,131.8027,30.89086
62.626263,29.724762,131.82094,30.893108
62.636265,29.728415,131.83917,30.895357
62.646263,29.73208,131.85742,30.8976
62.656265,29.735743,131.87566,30.899847
62.666267,29.739405,131.89388,30.902094
62.67627,29.743063,131.91212,30.904339
62.686268,29.746725,131.93034,30.906582
62.69627,29.75039,131.94856,30.90883
62.706272,29.754051,131.96681,30.911074
62.71627,29.75771,131.98505,30.913322
62.726273,29.761372,132.00327,30.915564
62.736275,29.765028,132.02148,30.917805
62.746273,29.76869,132.0397,30.920048
62.756275,29.77236,132.05794,30.922297
62.766277,29.776016,132.07614,30.924543
62.77628,29.77968,132.09439,30.926783
62.786278,29.78334,132.11261,30.929024
62.79628,29.787008,132.13083,30.931269
62.806282,29.790667,132.14903,30.933514
62.81628,29.79433,132.16725,30.935751
62.826283,29.797993,132.18544,30.937994
62.836285,29.80165,132.2037,30.940237
62.846283,29.805317,132.22192,30.942476
62.856285,29.808973,132.24011,30.94472
62.866287,29.81264,132.25833,30.946959
62.87629,29.816303,132.27655,30.9492
62.886288,29.81996,132.29475,30.951439
62.89629,29.823624,132.31294,30.953678
62.906292,29.827291,132.33116,30.955927
62.91629,29.830956,132.34938,30.95816
62.926292,29.83461,132.36757,30.960402
62.936295,29.838276,132.3858,30.962637
62.946293,29.841938,132.40399,30.964874
62.956295,29.845608,132.4222,30.96712
62.966297,29.849266,132.4404,30.969355
62.9763,29.852934,132.45862,30.97159
62.986298,29.85659,132.47682,30.97383
62.9963,29.86025,132.49501,30.976065
63.0063,29.863916,132.51321,30.978306
63.0163,29.867582,132.53142,30.98054
63.026302,29.871246,132.54962,30.982777
63.036304,29.874914,132.56781,30.985016
63.046303,29.87857,132.586,30.98725
63.056305,29.882235,132.60422,30.989487
63.066307,29.885906,132.62239,30.99172
63.07631,29.889566,132.64061,30.99396
63.086308,29.893225,132.65878,30.996193
63.09631,29.89689,132.67697,30.998432
63.10631,29.900557,132.69518,31.000666
63.11631,29.904219,132.71335,31.002895
63.126312,29.907883,132.7315,31.005133
63.136314,29.911549,132.74973,31.007366
63.146317,29.915216,132.76791,31.009598
63.156315,29.91888,132.78609,31.011827
63.166317,29.922531,132.80426,31.014063
63.17632,29.926208,132.82248,31.016302
63.186317,29.929867,132.84065,31.01853
63.19632,29.933537,132.85883,31.020761
63.20632,29.9372,132.877,31.022993
63.21632,29.940865,132.89519,31.025223
63.226322,29.94453,132.91335,31.027456
63.236324,29.948196,132.93153,31.02969
63.246326,29.951859,132.9497,31.03192
63.256325,29.955524,132.96786,31.034147
63.266327,29.95919,132.98605,31.03638
63.27633,29.962854,133.00421,31.038609
63.286327,29.966522,133.02242,31.040846
63.29633,29.970182,133.04057,31.043066
63.30633,29.973848,133.05875,31.0453
63.31633,29.977516,133.0769,31.047525
63.326332,29.981186,133.09506,31.049763
63.336334,29.984846,133.11327,31.051989
63.346336,29.988514,133.13145,31.054218
63.356335,29.99218,133.14958,31.056448
63.366337,29.995846,133.16776,31.058672
63.37634,29.999512,133.1859,31.0609
63.386337,30.00318,133.20407,31.063128
63.39634,30.006845,133.22224,31.065353
63.40634,30.010508,133.24037,31.067581
63.41634,30.014168,133.25853,31.069803
63.426342,30.017845,133.2767,31.072033
63.436344,30.021507,133.29486,31.074259
63.446346,30.025177,133.31302,31.076485
63.456345,30.02884,133.33116,31.078712
63.466347,30.032515,133.34932,31.080938
63.47635,30.036173,133.36746,31.08316
63.486347,30.039839,133.38562,31.085384
63.49635,30.043512,133.40378,31.087612
63.50635,30.04717,133.42194,31.089836
63.51635,30.050833,133.44006,31.09206
63.526352,30.054504,133.4582,31.09428
63.536354,30.058176,133.4764,31.096506
63.546356,30.061844,133.4945,31.098728
63.556355,30.065508,133.51266,31.100954
63.566357,30.069176,133.53082,31.103178
63.57636,30.07284,133.54893,31.105402
63.586357,30.076513,133.56708,31.107618
63.59636,30.080177,133.58522,31.109844
63.60636,30.083845,133.60338,31.112064
63.616364,30.087511,133.6215,31.114286
63.62636,30.091179,133.63962,31.116505
63.636364,30.094845,133.65779,31.118729
63.646366,30.09851,133.67592,31.120953
63.656364,30.102188,133.69408,31.12317
63.666367,30.105848,133.7122,31.12539
63.67637,30.109516,133.73032,31.127607
63.686367,30.113186,133.74844,31.129827
63.69637,30.116856,133.76657,31.132046
63.70637,30.120525,133.78471,31.134266
63.716373,30.124191,133.80284,31.136488
63.72637,30.12786,133.82097,31.138706
63.736374,30.131529,133.83908,31.14092
63.746376,30.135195,133.85722,31.143139
63.756374,30.13886,133.87535,31.145357
63.766376,30.142532,133.89346,31.14758
63.77638,30.14621,133.91159,31.149792
63.786377,30.149868,133.92972,31.152012
63.79638,30.153532,133.94785,31.154226
63.80638,30.157207,133.96599,31.156446
63.816383,30.160877,133.98407,31.158659
63.82638,30.164541,134.0022,31.16088
63.836384,30.168217,134.02031,31.163094
63.846386,30.17188,134.03844,31.165308
63.856384,30.17555,134.05655,31.167522
63.866386,30.179216,134.07468,31.169743
63.87639,30.18289,134.09276,31.171951
63.886387,30.186554,134.11089,31.174166
63.89639,30.190233,134.129,31.176384
63.90639,30.193892,134.1471,31.178598
63.916393,30.197563,134.1652,31.180807
63.92639,30.201239,134.1833,31.183025
63.936394,30.20491,134.20143,31.185242
63.946396,30.20858,134.21954,31.187452
63.956394,30.212248,134.23763,31.189665
63.966396,30.215914,134.25572,31.191875
63.9764,30.219585,134.27385,31.194092
63.986397,30.223257,134.29195,31.196299
63.9964,30.226929,134.31004,31.19851
64.0064,30.230595,134.32814,31.200726
64.0164,30.23427,134.34627,31.202934
64.026405,30.237932,134.36435,31.205149
64.0364,30.241606,134.38246,31.207357
64.0464,30.245275,134.40053,31.209566
64.056404,30.248941,134.41861,31.21178
64.06641,30.252615,134.4367,31.213985
64.07641,30.256289,134.45482,31.216198
64.08641,30.259962,134.47295,31.218409
64.09641,30.263634,134.49101,31.22062
64.10641,30.2673,134.50908,31.222824
64.11641,30.270971,134.52718,31.22503
64.12641,30.274641,134.54527,31.227243
64.13641,30.278316,134.56337,31.22945
64.146416,30.281982,134.58144,31.231659
64.15642,30.28566,134.59953,31.233868
64.16642,30.289326,134.61761,31.236074
64.176414,30.293001,134.6357,31.238285
64.18642,30.296667,134.65376,31.24049
64.19642,30.300344,134.67186,31.242693
64.20642,30.30401,134.68993,31.244902
64.21642,30.307692,134.70804,31.24711
64.226425,30.311357,134.72609,31.249313
64.23643,30.315031,134.7442,31.251522
64.24642,30.3187,134.76224,31.253727
64.256424,30.32237,134.78032,31.255932
64.266426,30.326042,134.7984,31.258135
64.27643,30.32972,134.81647,31.26034
64.28643,30.33339,134.83455,31.262543
64.29643,30.337067,134.8526,31.26475
64.30643,30.340727,134.87067,31.26695
64.31643,30.344404,134.88875,31.269156
64.32643,30.34807,134.9068,31.271358
64.33643,30.351746,134.92488,31.273563
64.346436,30.355427,134.94295,31.275768
64.35644,30.359104,134.96103,31.277971
64.36644,30.362772,134.9791,31.280174
64.376434,30.366442,134.99716,31.282373
64.38644,30.370115,135.01521,31.284575
64.39644,30.373789,135.03326,31.286776
64.40644,30.377459,135.0513,31.28898
64.41644,30.381136,135.06938,31.291183
64.426445,30.384808,135.08745,31.293383
64.43645,30.388475,135.1055,31.295582
64.44644,30.392155,135.12355,31.297783
64.45644,30.395826,135.14163,31.29998
64.466446,30.399496,135.15967,31.302183
64.47645,30.403175,135.17772,31.304382
64.48645,30.406847,135.19577,31.306581
64.49645,30.410515,135.21384,31.308779
64.50645,30.414192,135.23187,31.31098
64.51645,30.417862,135.24992,31.313173
64.52645,30.42154,135.26797,31.315374
64.53645,30.425215,135.28603,31.317577
64.546455,30.42889,135.30406,31.31977
64.55646,30.432564,135.32208,31.32197
64.56646,30.436234,135.34016,31.32417
64.576454,30.439909,135.35818,31.326363
64.58646,30.44358,135.37622,31.328562
64.59646,30.447256,135.39427,31.330755
64.60646,30.45093,135.41231,31.332954
64.61646,30.454609,135.43036,31.335152
64.626465,30.45828,135.44841,31.337347
64.63647,30.461956,135.46643,31.33954
64.64646,30.465628,135.48447,31.341736
64.65646,30.469309,135.50252,31.343935
64.666466,30.472984,135.52054,31.346123
64.67647,30.476656,135.53859,31.348322
64.68647,30.48033,135.5566,31.350517
64.69647,30.484013,135.57465,31.352713
64.706474,30.487682,135.59265,31.354906
64.71647,30.491356,135.6107,31.357098
64.72647,30.495031,135.62872,31.359293
64.73647,30.498703,135.64674,31.361486
64.746475,30.50238,135.66476,31.363676
64.75648,30.506054,135.68279,31.36587
64.76648,30.509731,135.70082,31.36806
64.776474,30.513401,135.71884,31.370253
64.786476,30.517082,135.73686,31.37245
64.79648,30.520752,135.7549,31.374641
64.80648,30.52443,135.77289,31.376827
64.81648,30.528107,135.79092,31.379019
64.826485,30.531782,135.80894,31.38121
64.83649,30.535467,135.82697,31.3834
64.84648,30.539131,135.84497,31.385592
64.85648,30.542812,135.86299,31.387781
64.866486,30.546492,135.88098,31.389969
64.87649,30.550167,135.899,31.392159
64.88649,30.553843,135.91704,31.394348
64.89649,30.557524,135.93506,31.39654
64.906494,30.561197,135.95308,31.398731
64.91649,30.564867,135.97104,31.40092
64.92649,30.568558,135.98906,31.403109
64.93649,30.57222,136.00706,31.405293
64.946495,30.575905,136.02509,31.407482
64.9565,30.579576,136.04308,31.409672
64.9665,30.583254,136.06108,31.411858
64.976494,30.586933,136.07907,31.414045
64.986496,30.590609,136.09708,31.41623
64.9965,30.59428,136.11508,31.418419
65.0065,30.597965,136.13307,31.420607
65.0165,30.601643,136.1511,31.422787
65.026505,30.605318,136.16908,31.424976
65.03651,30.608997,136.18707,31.42716
65.0465,30.61267,136.20508,31.429344
65.0565,30.616346,136.22307,31.431528
65.066505,30.620028,136.24106,31.433712
65.07651,30.6237,136.25905,31.435896
65.08651,30.627384,136.27707,31.438086
65.09651,30.631056,136.29506,31.44027
65.106514,30.63474,136.31303,31.44245
65.11651,30.638414,136.331,31.444635
65.12651,30.642088,136.349,31.44682
65.13651,30.64577,136.36697,31.449001
65.146515,30.649445,136.38496,31.451185
65.15652,30.653133,136.40297,31.45337
65.16652,30.656807,136.42096,31.455553
65.17652,30.660488,136.43895,31.457733
65.186516,30.664164,136.45691,31.459915
65.19652,30.667837,136.47488,31.462097
65.20652,30.671518,136.49286,31.464277
65.21652,30.675198,136.51085,31.466457
65.226524,30.678879,136.52884,31.46864
65.23653,30.682558,136.54681,31.470818
65.24652,30.68624,136.56477,31.472998
65.25652,30.689909,136.58273,31.475176
65.266525,30.693586,136.60072,31.477358
65.27653,30.69727,136.61868,31.47954
65.28653,30.700949,136.63667,31.481722
65.29653,30.704632,136.65465,31.483902
65.30653,30.708307,136.67259,31.486078
65.31653,30.711987,136.69058,31.488256
65.32653,30.715662,136.70854,31.490429
65.33653,30.719345,136.72649,31.49261
65.346535,30.72303,136.74448,31.494787
65.35654,30.726704,136.76244,31.496967
65.36654,30.730387,136.7804,31.499144
65.37654,30.734068,136.79836,31.501322
65.386536,30.737743,136.81631,31.503496
65.39654,30.741425,136.83427,31.505674
65.40654,30.745102,136.85223,31.50785
65.41654,30.748785,136.8702,31.510027
65.426544,30.752466,136.88817,31.512207
65.43655,30.756144,136.90614,31.514383
65.44655,30.759827,136.92409,31.516558
65.45654,30.763504,136.94202,31.51873
65.466545,30.767185,136.95998,31.520905
65.47655,30.770868,136.97792,31.52308
65.48655,30.774544,136.99586,31.525253
65.49655,30.778229,137.01382,31.527428
65.50655,30.781906,137.03178,31.529604
65.51655,30.785587,137.04971,31.531778
65.52655,30.789268,137.06767,31.533947
65.53655,30.792952,137.08563,31.536116
65.546555,30.796633,137.10359,31.53829
65.55656,30.800306,137.1215,31.54047
65.56656,30.803993,137.13947,31.542639
65.57656,30.807674,137.15738,31.544811
65.586555,30.811354,137.17534,31.546984
65.59656,30.815031,137.19328,31.549158
65.60656,30.818718,137.21121,31.551327
65.61656,30.822393,137.22916,31.553501
65.626564,30.826082,137.24707,31.555668
65.636566,30.829758,137.26501,31.55784
65.64657,30.833447,137.28296,31.56001
65.65656,30.83712,137.30087,31.562176
65.666565,30.840813,137.31883,31.564348
65.67657,30.844494,137.33678,31.56652
65.68657,30.84817,137.35468,31.568687
65.69657,30.851854,137.37263,31.570856
65.70657,30.855541,137.39058,31.573025
65.71657,30.859213,137.40846,31.57519
65.72657,30.862898,137.42639,31.577364
65.73657,30.86658,137.44434,31.57953
65.746574,30.870266,137.46227,31.581703
65.75658,30.873951,137.4802,31.583872
65.76658,30.87763,137.49811,31.586037
65.77658,30.881313,137.51602,31.588203
65.786575,30.884989,137.53395,31.59037
65.79658,30.888676,137.55185,31.592537
65.80658,30.892359,137.5698,31.594704
65.81658,30.896042,137.58769,31.596869
65.826584,30.899721,137.60562,31.599033
65.836586,30.903406,137.62354,31.6012
65.84659,30.907093,137.64145,31.603367
65.85658,30.910778,137.65936,31.605532
65.866585,30.914457,137.67726,31.607697
65.87659,30.918135,137.69516,31.609861
65.88659,30.921822,137.71309,31.612024
65.89659,30.925507,137.73099,31.614187
65.90659,30.929197,137.74892,31.616354
65.916595,30.932875,137.76683,31.618519
65.92659,30.936554,137.7847,31.62068
65.93659,30.940239,137.80263,31.622847
65.946594,30.94392,137.82054,31.625008
65.9566,30.947609,137.83846,31.62717
65.9666,30.951294,137.85635,31.629335
65.9766,30.954977,137.87425,31.631495
65.986595,30.958658,137.89215,31.63366
65.9966,30.962349,137.91003,31.635817
66.0066,30.966024,137.92793,31.63798
66.0166,30.969711,137.94585,31.640142
66.0266,30.973396,137.96373,31.642305
66.036606,30.977077,137.98164,31.644466
66.04661,30.980762,137.99953,31.646627
66.0566,30.984451,138.01743,31.648787
66.066605,30.988134,138.03532,31.650948
66.07661,30.99182,138.05316,31.653105
66.08661,30.995506,138.07108,31.655264
66.09661,30.99919,138.08897,31.657427
66.10661,31.002874,138.10686,31.659578
66.116615,31.006563,138.12476,31.661741
66.12661,31.010244,138.14265,31.6639
66.13661,31.01393,138.16054,31.66606
66.146614,31.01761,138.1784,31.668213
66.15662,31.021301,138.19627,31.670372
66.16662,31.024984,138.21417,31.672531
66.17662,31.028671,138.23206,31.67469
66.186615,31.03235,138.24992,31.676846
66.19662,31.036043,138.2678,31.679003
66.20662,31.039732,138.28569,31.681164
66.21662,31.043415,138.30359,31.683317
66.22662,31.0471,138.32143,31.685472
66.236626,31.050781,138.33932,31.687628
66.24663,31.054466,138.3572,31.689783
66.25662,31.058153,138.37508,31.69194
66.266624,31.061848,138.39297,31.694094
66.27663,31.065527,138.41081,31.69625
66.28663,31.069214,138.4287,31.698406
66.29663,31.0729,138.44655,31.700558
66.30663,31.076582,138.46442,31.70271
66.316635,31.080275,138.48228,31.704863
66.32663,31.08396,138.50014,31.70702
66.33663,31.087643,138.51804,31.709173
66.346634,31.091333,138.53587,31.711327
66.356636,31.095015,138.55373,31.713484
66.36664,31.098705,138.5716,31.715633
66.37664,31.102386,138.58945,31.717785
66.38664,31.10608,138.60735,31.719936
66.39664,31.109762,138.62517,31.722092
66.40664,31.113453,138.64304,31.724241
66.41664,31.117136,138.6609,31.726393
66.42664,31.120825,138.67876,31.728548
66.436646,31.124517,138.69662,31.730698
66.44665,31.128204,138.71446,31.732847
66.45664,31.131886,138.73232,31.734999
66.466644,31.135582,138.75015,31.737146
66.47665,31.139267,138.76802,31.739298
66.48665,31.14295,138.78586,31.741447
66.49665,31.146643,138.80373,31.743597
66.50665,31.15033,138.82156,31.745747
66.516655,31.15402,138.83942,31.747898
66.52665,31.1577,138.85725,31.750042
66.53665,31.16139,138.87509,31.752192
66.54665,31.165077,138.89294,31.754341
66.556656,31.168766,138.91078,31.756489
66.56666,31.172455,138.92865,31.75864
66.57666,31.17614,138.94649,31.760782
66.58666,31.179834,138.96431,31.762932
66.59666,31.18352,138.98215,31.765074
66.60666,31.18721,138.99998,31.767225
66.61666,31.190895,139.01782,31.769371
66.62666,31.194586,139.03568,31.771519
66.636665,31.19827,139.05348,31.773666
66.64667,31.201958,139.07132,31.775808
66.65666,31.205652,139.08913,31.777956
66.666664,31.209343,139.10698,31.7801
66.67667,31.21303,139.12482,31.782246
66.68667,31.216719,139.14265,31.784395
66.69667,31.220406,139.16048,31.786537
66.70667,31.2241,139.1783,31.788681
66.716675,31.22779,139.19612,31.790827
66.72667,31.231472,139.21396,31.792967
66.73667,31.23516,139.23177,31.795113
66.74667,31.238853,139.24959,31.797255
66.756676,31.242546,139.26743,31.7994
66.76668,31.24623,139.28525,31.801542
66.77668,31.249922,139.30305,31.803684
66.78668,31.253613,139.32088,31.805826
66.79668,31.257301,139.33871,31.80797
66.80668,31.260988,139.35652,31.810108
66.81668,31.26468,139.37433,31.812248
66.82668,31.26837,139.39215,31.814394
66.836685,31.272058,139.40993,31.816538
66.84669,31.275747,139.42776,31.818678
66.85669,31.279444,139.44559,31.820818
66.866684,31.283129,139.4634,31.822958
66.876686,31.286825,139.48119,31.825098
66.88669,31.290512,139.49902,31.827238
66.89669,31.294205,139.51683,31.82938
66.90669,31.297901,139.5346,31.831516
66.916695,31.301586,139.55243,31.833654
66.92669,31.30527,139.57024,31.835796
66.93669,31.308966,139.58801,31.837936
66.94669,31.312658,139.60583,31.84007
66.956696,31.316349,139.62364,31.842213
66.9667,31.32004,139.64146,31.844357
66.9767,31.323732,139.65927,31.846485
66.9867,31.32742,139.67705,31.84863
66.9967,31.331108,139.69484,31.85076
67.0067,31.334806,139.71265,31.852905
67.0167,31.33849,139.73041,31.85504
67.0267,31.342186,139.74821,31.857174
67.036705,31.345877,139.76602,31.85931
67.04671,31.349575,139.78384,31.861446
67.05671,31.353264,139.80159,31.863585
67.0667,31.35695,139.8194,31.865717
67.076706,31.36064,139.83719,31.867853
67.08671,31.36434,139.85497,31.86999
67.09671,31.36803,139.87276,31.87213
67.10671,31.371721,139.89056,31.874258
67.116714,31.375414,139.90834,31.876394
67.12671,31.379097,139.92612,31.878529
67.13671,31.382792,139.94391,31.880663
67.14671,31.386488,139.9617,31.882795
67.156715,31.390182,139.97948,31.88493
67.16672,31.393879,139.99727,31.887066
67.17672,31.397568,140.01503,31.889193
67.18672,31.401257,140.03279,31.89133
67.19672,31.404951,140.05058,31.893463
67.20672,31.408642,140.06836,31.895592
67.21672,31.41233,140.08615,31.897724
67.22672,31.416029,140.10388,31.899855
67.236725,31.419724,140.12169,31.901985
67.24673,31.423412,140.13947,31.904118
67.25673,31.427103,140.15721,31.906252
67.26672,31.430805,140.17496,31.908379
67.276726,31.434492,140.19278,31.910511
67.28673,31.438196,140.21054,31.912647
67.29673,31.441883,140.22829,31.914776
67.30673,31.445574,140.24608,31.916904
67.316734,31.449265,140.26381,31.919031
67.32674,31.452965,140.28159,31.921162
67.33673,31.456654,140.29935,31.923286
67.34673,31.460352,140.31712,31.925426
67.356735,31.464043,140.33485,31.927551
67.36674,31.467731,140.35263,31.929678
67.37674,31.47143,140.37038,31.931807
67.38674,31.475122,140.38815,31.933937
67.396736,31.478817,140.40588,31.936062
67.40674,31.48251,140.42365,31.938189
67.41674,31.486208,140.44139,31.94032
67.42674,31.489908,140.45915,31.942444
67.436745,31.493593,140.4769,31.944569
67.44675,31.497292,140.49469,31.9467
67.45675,31.500984,140.51242,31.948826
67.46674,31.50468,140.53018,31.95095
67.476746,31.50837,140.54788,31.953075
67.48675,31.51207,140.56566,31.9552
67.49675,31.515762,140.58342,31.95733
67.50675,31.519459,140.60118,31.959452
67.516754,31.523157,140.61891,31.961576
67.52676,31.526852,140.63667,31.963703
67.53675,31.530544,140.65437,31.965826
67.54675,31.53424,140.67215,31.967949
67.556755,31.537928,140.68988,31.970076
67.56676,31.541628,140.7076,31.972197
67.57676,31.545324,140.72534,31.974321
67.58676,31.549023,140.74309,31.97644
67.596756,31.552711,140.76082,31.978563
67.60676,31.556404,140.77853,31.980686
67.61676,31.560104,140.7963,31.982817
67.62676,31.5638,140.81401,31.984936
67.636765,31.567495,140.83173,31.987059
67.64677,31.571194,140.8495,31.989182
67.65677,31.574886,140.86722,31.991297
67.66676,31.578588,140.88495,31.99342
67.676765,31.582281,140.90266,31.995544
67.68677,31.585972,140.92038,31.997662
67.69677,31.589676,140.93811,31.999786
67.70677,31.593372,140.95584,32.001904
67.716774,31.597065,140.97357,32.00402
67.726776,31.600765,140.99132,32.006145
67.73677,31.604458,141.009,32.008263
67.74677,31.608154,141.0267,32.010384
67.756775,31.61185,141.04445,32.0125
67.76678,31.61555,141.06218,32.01462
67.77678,31.619244,141.07988,32.01674
67.78678,31.622944,141.09763,32.01886
67.79678,31.626644,141.11533,32.020973
67.80678,31.630337,141.13304,32.023094
67.81678,31.634027,141.15076,32.02521
67.82678,31.63774,141.16847,32.02733
67.836784,31.64143,141.18619,32.02945
67.84679,31.645128,141.20389,32.031563
67.85679,31.648827,141.2216,32.03368
67.86678,31.652517,141.23932,32.035797
67.876785,31.656214,141.257,32.037914
67.88679,31.65992,141.27473,32.040028
67.89679,31.663614,141.29242,32.042145
67.90679,31.667307,141.31012,32.044262
67.916794,31.671013,141.32782,32.046375
67.926796,31.674707,141.34555,32.048492
67.93679,31.678408,141.36322,32.050606
67.94679,31.6821,141.38094,32.052723
67.956795,31.6858,141.39867,32.05484
67.9668,31.689499,141.41634,32.056953
67.9768,31.693193,141.43402,32.05906
67.9868,31.696901,141.45172,32.061176
67.9968,31.700594,141.46944,32.063293
68.0068,31.704288,141.4871,32.0654
68.0168,31.707989,141.5048,32.067516
68.0268,31.711687,141.52249,32.06963
68.036804,31.71539,141.54019,32.07174
68.04681,31.719088,141.55789,32.073856
68.05681,31.722786,141.57555,32.075966
68.0668,31.726484,141.59325,32.078075
68.076805,31.73018,141.61095,32.08019
68.08681,31.733885,141.62863,32.0823
68.09681,31.737576,141.6463,32.084408
68.10681,31.741282,141.66397,32.08652
68.11681,31.744978,141.68169,32.08863
68.126816,31.748686,141.69939,32.090744
68.13681,31.752382,141.71706,32.092854
68.14681,31.756077,141.73473,32.094963
68.156815,31.759777,141.75238,32.097073
68.16682,31.763481,141.77008,32.09918
68.17682,31.767172,141.78775,32.101288
68.18682,31.770878,141.80545,32.103397
68.19682,31.774578,141.8231,32.105503
68.20682,31.778278,141.84077,32.10762
68.21682,31.78198,141.85844,32.109726
68.22682,31.785671,141.87611,32.111835
68.236824,31.789383,141.8938,32.11394
68.246826,31.793077,141.91147,32.116047
68.25683,31.796774,141.92914,32.118153
68.26683,31.80048,141.9468,32.120266
68.276825,31.804174,141.96445,32.122368
68.28683,31.80788,141.98212,32.12447
68.29683,31.811573,141.9998,32.12658
68.30683,31.815279,142.01744,32.12869
68.31683,31.818983,142.03513,32.13079
68.326836,31.822683,142.05276,32.1329
68.33683,31.826374,142.07042,32.135002
68.34683,31.830084,142.08807,32.137108
68.356834,31.833786,142.10574,32.139217
68.36684,31.837488,142.1234,32.141323
68.37684,31.841185,142.14107,32.143425
68.38684,31.844889,142.1587,32.14553
68.39684,31.848589,142.17638,32.147636
68.40684,31.852291,142.19403,32.149734
68.41684,31.855991,142.21167,32.15184
68.42684,31.85969,142.22932,32.153942
68.436844,31.86339,142.24698,32.156048
68.446846,31.867094,142.26462,32.15815
68.45685,31.870794,142.28226,32.160248
68.46685,31.874502,142.29991,32.16235
68.476845,31.878202,142.31757,32.164455
68.48685,31.8819,142.33519,32.166553
68.49685,31.885603,142.35284,32.16866
68.50685,31.889307,142.37048,32.170757
68.51685,31.893005,142.38812,32.17286
68.526855,31.896713,142.40579,32.174965
68.53685,31.900406,142.4234,32.17706
68.54685,31.90411,142.44104,32.17916
68.556854,31.907816,142.4587,32.181263
68.56686,31.911526,142.47633,32.18336
68.57686,31.915222,142.49394,32.185463
68.58686,31.918926,142.51161,32.18756
68.59686,31.922626,142.52922,32.189663
68.60686,31.926329,142.54686,32.191757
68.61686,31.93003,142.5645,32.193863
68.62686,31.933735,142.58212,32.195953
68.63686,31.937445,142.59976,32.19806
68.646866,31.941141,142.61737,32.200153
68.65687,31.944841,142.63501,32.202248
68.66687,31.948551,142.65262,32.20435
68.676865,31.952251,142.67026,32.206444
68.68687,31.955956,142.68788,32.208546
68.69687,31.959661,142.7055,32.21064
68.70687,31.963364,142.72311,32.21273
68.71687,31.967064,142.74074,32.214836
68.726875,31.970766,142.75838,32.216927
68.73688,31.97447,142.77599,32.21903
68.74687,31.97817,142.79362,32.221123
68.756874,31.981876,142.81122,32.223213
68.76688,31.985579,142.82884,32.22531
68.77688,31.989283,142.84644,32.22741
68.78688,31.99299,142.86406,32.2295
68.79688,31.9967,142.88168,32.231598
68.80688,32.000397,142.89926,32.233685
68.81688,32.004105,142.91687,32.235786
68.82688,32.00781,142.93448,32.23788
68.83688,32.01151,142.95212,32.23997
68.846886,32.01522,142.96973,32.242065
68.85689,32.01892,142.9873,32.244156
68.86689,32.02263,143.00493,32.246254
68.876884,32.02633,143.02252,32.248344
68.88689,32.030037,143.04013,32.250435
68.89689,32.033737,143.05774,32.252525
68.90689,32.03745,143.07536,32.25462
68.91689,32.04115,143.09294,32.256714
68.926895,32.04485,143.11053,32.2588
68.9369,32.048565,143.12813,32.260895
68.94689,32.05226,143.14572,32.262985
68.956894,32.05597,143.16331,32.265076
68.966896,32.059673,143.18092,32.267166
68.9769,32.063377,143.19852,32.269253
68.9869,32.067085,143.2161,32.271343
68.9969,32.070793,143.23372,32.273438
69.0069,32.074493,143.25127,32.275524
69.0169,32.078197,143.26888,32.27762
69.0269,32.08191,143.28648,32.2797
69.0369,32.085613,143.30406,32.28179
69.046906,32.089317,143.32164,32.283882
69.05691,32.09303,143.33925,32.28597
69.06691,32.096737,143.35683,32.28806
69.076904,32.100437,143.3744,32.290142
69.08691,32.104145,143.39198,32.292233
69.09691,32.107853,143.40956,32.29432
69.10691,32.111557,143.42714,32.29641
69.11691,32.115265,143.44472,32.298496
69.126915,32.11897,143.46233,32.300587
69.13692,32.122677,143.47987,32.302673
69.14691,32.126385,143.49745,32.304756
69.15691,32.130096,143.51503,32.306843
69.166916,32.133793,143.5326,32.30893
69.17692,32.13751,143.55016,32.311012
69.18692,32.141216,143.56776,32.3131
69.19692,32.144913,143.58533,32.315186
69.206924,32.148624,143.60289,32.31727
69.21692,32.152332,143.62044,32.31935
69.22692,32.15604,143.63803,32.321438
69.23692,32.159748,143.65558,32.32352
69.246925,32.163452,143.67314,32.325603
69.25693,32.16716,143.69073,32.327686
69.26693,32.170868,143.70828,32.329773
69.276924,32.174576,143.72585,32.331856
69.28693,32.178288,143.7434,32.33394
69.29693,32.18199,143.76096,32.33602
69.30693,32.185696,143.77853,32.338104
69.31693,32.18941,143.79611,32.340187
69.326935,32.193115,143.81366,32.342266
69.33694,32.196823,143.8312,32.344353
69.34693,32.20053,143.84877,32.346428
69.35693,32.20424,143.86633,32.34851
69.366936,32.207943,143.88388,32.350594
69.37694,32.21165,143.90144,32.352676
69.38694,32.215363,143.91898,32.354755
69.39694,32.219074,143.93652,32.35684
69.406944,32.222782,143.95409,32.358917
69.41694,32.22649,143.97162,32.360992
69.42694,32.230198,143.98915,32.36308
69.43694,32.23391,144.00671,32.365154
69.446945,32.237617,144.02426,32.367237
69.45695,32.241318,144.04181,32.369316
69.46695,32.245037,144.05934,32.37139
69.476944,32.24874,144.0769,32.373478
69.486946,32.25245,144.0944,32.375553
69.49695,32.25616,144.11197,32.37763
69.50695,32.25987,144.1295,32.379707
69.51695,32.26358,144.14703,32.381786
69.526955,32.267292,144.16457,32.38386
69.53696,32.271,144.18213,32.385937
69.54695,32.274704,144.19968,32.388016
69.55695,32.278423,144.2172,32.39009
69.566956,32.282124,144.23471,32.392166
69.57696,32.285835,144.25223,32.394245
69.58696,32.28955,144.26978,32.39632
69.59696,32.293255,144.28731,32.3984
69.606964,32.296963,144.30484,32.400475
69.61696,32.300674,144.32237,32.40255
69.62696,32.30439,144.33989,32.40462
69.63696,32.308098,144.35744,32.406696
69.646965,32.311802,144.37494,32.408775
69.65697,32.315514,144.39247,32.410847
69.66697,32.31922,144.40999,32.41292
69.67697,32.322933,144.42752,32.415
69.686966,32.326653,144.445,32.417065
69.69697,32.330357,144.46255,32.419144
69.70697,32.334064,144.48004,32.42122
69.71697,32.33778,144.49759,32.42329
69.726974,32.341496,144.5151,32.425365
69.73698,32.3452,144.53261,32.427437
69.74697,32.34891,144.55013,32.429504
69.75697,32.352615,144.56764,32.431583
69.766975,32.356335,144.58513,32.43365
69.77698,32.360043,144.60265,32.435722
69.78698,32.363758,144.62018,32.43779
69.79698,32.36747,144.63773,32.43986
69.806984,32.371178,144.65518,32.441936
69.81698,32.37488,144.67268,32.444008
69.82698,32.3786,144.69022,32.446075
69.83698,32.382313,144.7077,32.448147
69.846985,32.38603,144.72523,32.450222
69.85699,32.389736,144.7427,32.452286
69.86699,32.39345,144.76024,32.45436
69.87699,32.397163,144.77771,32.456425
69.886986,32.400875,144.79524,32.458496
69.89699,32.404583,144.81271,32.460564
69.90699,32.4083,144.83022,32.462635
69.91699,32.41201,144.8477,32.4647
69.926994,32.415718,144.86522,32.46677
69.937,32.419437,144.8827,32.468838
69.94699,32.423145,144.90018,32.470905
69.95699,32.426857,144.91768,32.47297
69.966995,32.430573,144.93518,32.47504
69.977,32.434284,144.95267,32.477104
69.987,32.437996,144.97012,32.479176
69.997,32.44171,144.98764,32.48124
70.007,32.445423,145.00513,32.483307
70.017,32.449135,145.0226,32.485374
70.027,32.452843,145.04008,32.487434
70.037,32.456566,145.05759,32.489502
70.047005,32.460274,145.07507,32.49157
70.05701,32.463978,145.09253,32.493633
70.06701,32.467705,145.11002,32.4957
70.07701,32.471413,145.12752,32.49777
70.087006,32.475117,145.14497,32.499825
70.09701,32.478836,145.16243,32.501892
70.10701,32.48255,145.17993,32.503956
70.11701,32.486267,145.19745,32.50602
70.127014,32.48998,145.2149,32.508087
70.13702,32.4937,145.23236,32.510147
70.14702,32.49741,145.24985,32.512215
70.15701,32.501114,145.26729,32.514275
70.167015,32.504833,145.28477,32.51634
70.17702,32.508545,145.30226,32.518402
70.18702,32.512264,145.3197,32.520462
70.19702,32.515976,145.33719,32.522522
70.20702,32.519688,145.35466,32.524582
70.21702,32.523403,145.37212,32.526646
70.22702,32.527122,145.38957,32.52871
70.23702,32.53083,145.40704,32.530766
70.247025,32.534546,145.4245,32.532833
70.25703,32.538265,145.44196,32.534893
70.26703,32.541977,145.45944,32.536953
70.27703,32.54569,145.47688,32.53901
70.287025,32.549404,145.49434,32.541065
70.29703,32.55312,145.51178,32.543125
70.30703,32.556835,145.52924,32.54519
70.31703,32.560555,145.54669,32.54725
70.327034,32.564266,145.56416,32.54931
70.337036,32.567986,145.58162,32.551365
70.34704,32.5717,145.59908,32.553425
70.35703,32.575417,145.61652,32.555485
70.367035,32.579124,145.63397,32.557545
70.37704,32.58284,145.65141,32.5596
70.38704,32.586563,145.66888,32.56166
70.39704,32.59028,145.6863,32.563717
70.40704,32.59399,145.70377,32.565777
70.41704,32.597706,145.72119,32.56783
70.42704,32.60143,145.73865,32.56989
70.43704,32.605145,145.75609,32.57194
70.447044,32.608852,145.77351,32.573997
70.45705,32.61257,145.79095,32.576054
70.46705,32.616287,145.80838,32.57811
70.47705,32.62,145.82582,32.580166
70.487045,32.623722,145.84328,32.582222
70.49705,32.627434,145.8607,32.584274
70.50705,32.63115,145.87814,32.58633
70.51705,32.634865,145.8956,32.588387
70.527054,32.638584,145.913,32.59044
70.537056,32.6423,145.93047,32.592495
70.54706,32.64601,145.94786,32.594547
70.55705,32.649723,145.9653,32.5966
70.567055,32.653446,145.98273,32.59865
70.57706,32.657166,146.00017,32.600704
70.58706,32.660885,146.0176,32.602764
70.59706,32.664597,146.03499,32.604813
70.60706,32.668316,146.05246,32.60687
70.617065,32.672035,146.06985,32.608925
70.62706,32.675747,146.0873,32.61097
70.63706,32.67947,146.10469,32.613026
70.647064,32.683186,146.12215,32.615078
70.65707,32.686905,146.13954,32.617126
70.66707,32.690617,146.15698,32.61918
70.67707,32.694336,146.1744,32.62123
70.687065,32.698055,146.1918,32.62328
70.69707,32.70178,146.20923,32.62533
70.70707,32.705498,146.22662,32.62738
70.71707,32.70921,146.24403,32.62943
70.72707,32.71293,146.26146,32.63148
70.737076,32.71665,146.27887,32.63353
70.74708,32.72036,146.29626,32.63558
70.75707,32.724075,146.31367,32.637627
70.767075,32.727806,146.33107,32.63968
70.77708,32.731514,146.3485,32.641724
70.78708,32.735237,146.36588,32.643772
70.79708,32.738953,146.38332,32.64582
70.80708,32.742676,146.40071,32.647873
70.817085,32.746395,146.41809,32.64992
70.82708,32.750103,146.43552,32.651966
70.83708,32.75383,146.45291,32.65401
70.847084,32.75755,146.47029,32.656063
70.857086,32.76126,146.4877,32.658108
70.86709,32.764988,146.5051,32.660156
70.87709,32.768703,146.5225,32.6622
70.887085,32.772423,146.53987,32.664246
70.89709,32.77614,146.55725,32.66629
70.90709,32.779865,146.57468,32.66834
70.91709,32.78358,146.59209,32.670383
70.92709,32.7873,146.60948,32.672432
70.937096,32.791016,146.62686,32.674477
70.9471,32.794743,146.64427,32.67652
70.95709,32.79846,146.66167,32.678562
70.967094,32.80218,146.67903,32.68061
70.9771,32.805897,146.69641,32.68265
70.9871,32.80962,146.71379,32.6847
70.9971,32.813335,146.73117,32.686737
71.0071,32.81706,146.74857,32.68878
71.017105,32.820778,146.76595,32.690826
71.0271,32.824493,146.78331,32.692867
71.0371,32.828217,146.80072,32.694916
71.047104,32.831944,146.81808,32.696953
71.057106,32.83566,146.83545,32.698997
71.06711,32.83938,146.85283,32.70104
71.07711,32.843098,146.87021,32.703083
71.08711,32.846825,146.88757,32.70512
71.09711,32.850533,146.90495,32.70716
71.10711,32.85426,146.92233,32.709206
71.11711,32.857975,146.9397,32.711243
71.12711,32.8617,146.95708,32.713284
71.137115,32.865425,146.97444,32.71533
71.14712,32.869144,146.99182,32.717365
71.15711,32.87286,147.00917,32.719402
71.167114,32.87658,147.02652,32.721443
71.17712,32.88031,147.04391,32.723488
71.18712,32.88403,147.06126,32.72553
71.19712,32.887753,147.07863,32.727562
71.20712,32.891468,147.09602,32.729607
71.217125,32.895195,147.11337,32.73164
71.22712,32.898907,147.13069,32.73368
71.23712,32.90263,147.14807,32.735718
71.24712,32.906364,147.16544,32.73776
71.257126,32.910076,147.1828,32.73979
71.26713,32.9138,147.20013,32.741833
71.27713,32.91752,147.21751,32.74387
71.28713,32.92125,147.23485,32.745907
71.29713,32.92496,147.2522,32.747948
71.30713,32.928688,147.26955,32.74998
71.31713,32.932415,147.28691,32.752014
71.32713,32.936127,147.30424,32.75405
71.337135,32.939857,147.3216,32.756092
71.34714,32.94357,147.33894,32.75812
71.35713,32.9473,147.35628,32.760162
71.367134,32.951023,147.37363,32.762196
71.37714,32.954746,147.391,32.764233
71.38714,32.95847,147.40833,32.766266
71.39714,32.96219,147.42564,32.7683
71.40714,32.965916,147.44304,32.770336
71.417145,32.969635,147.46034,32.77237
71.42714,32.97335,147.47769,32.774403
71.43714,32.97708,147.49504,32.776436
71.44714,32.980797,147.51237,32.778477
71.457146,32.984528,147.52972,32.780506
71.46715,32.98825,147.54704,32.78254
71.47715,32.99197,147.56438,32.78457
71.48715,32.995697,147.5817,32.786606
71.49715,32.99942,147.59904,32.78864
71.50715,33.00315,147.61638,32.79067
71.51715,33.006863,147.6337,32.792698
71.52715,33.01059,147.65102,32.79473
71.537155,33.014317,147.66835,32.796764
71.54716,33.018036,147.6857,32.798798
71.55716,33.02176,147.703,32.800823
71.567154,33.025486,147.72032,32.802856
71.577156,33.029213,147.73766,32.804886
71.58716,33.03293,147.75496,32.806915
71.59716,33.03665,147.77228,32.808945
71.60716,33.040375,147.7896,32.810978
71.617165,33.044106,147.80695,32.813007
71.62716,33.047825,147.82425,32.81504
71.63716,33.051548,147.84157,32.817066
71.64716,33.05528,147.85887,32.81909
71.657166,33.059,147.8762,32.82112
71.66717,33.062733,147.89354,32.82315
71.67717,33.066452,147.91083,32.82518
71.68717,33.07018,147.92813,32.827206
71.69717,33.0739,147.94543,32.829235
71.70717,33.077633,147.96274,32.831264
71.71717,33.081352,147.98006,32.833294
71.72717,33.085075,147.99738,32.835316
71.737175,33.088806,148.01468,32.83735
71.74718,33.092525,148.03198,32.83937
71.75718,33.09626,148.04929,32.841396
71.76717,33.099964,148.06657,32.843422
71.777176,33.103703,148.0839,32.84545
71.78718,33.107426,148.10118,32.847477
71.79718,33.111156,148.11848,32.849503
71.80718,33.11488,148.13577,32.85153
71.817184,33.118603,148.1531,32.853554
71.82718,33.12233,148.1704,32.85558
71.83718,33.12605,148.18768,32.8576
71.84718,33.12978,148.20497,32.859623
71.857185,33.133507,148.22226,32.861652
71.86719,33.137226,148.23958,32.863678
71.87719,33.14096,148.25685,32.8657
71.88719,33.144688,148.27414,32.86772
71.89719,33.14841,148.29143,32.869747
71.90719,33.15213,148.30872,32.87177
71.91719,33.15587,148.326,32.87379
71.92719,33.159588,148.34329,32.875816
71.937195,33.16332,148.36061,32.877842
71.9472,33.167046,148.37787,32.879864
71.9572,33.170773,148.39516,32.88188
71.96719,33.174496,148.41245,32.883904
71.977196,33.17822,148.42972,32.885925
71.9872,33.181953,148.44698,32.88795
71.9972,33.185677,148.46426,32.889973
72.0072,33.189404,148.48155,32.891987
72.017204,33.193134,148.49884,32.894012
72.02721,33.19686,148.51611,32.89603
72.0372,33.20058,148.53337,32.898052
72.0472,33.20431,148.55066,32.90007
72.057205,33.208042,148.56792,32.90209
72.06721,33.211765,148.58517,32.90411
72.07721,33.21549,148.60246,32.906128
72.08721,33.219223,148.61975,32.908154
72.097206,33.222946,148.63698,32.910168
72.10721,33.226677,148.65427,32.912186
72.11721,33.2304,148.67152,32.914204
72.12721,33.23413,148.68878,32.91622
72.137215,33.237858,148.70605,32.918243
72.14722,33.24159,148.72334,32.920258
72.15722,33.245316,148.7406,32.92228
72.16721,33.249043,148.75784,32.924297
72.177216,33.252777,148.77512,32.92631
72.18722,33.2565,148.79237,32.928326
72.19722,33.260235,148.80966,32.930344
72.20722,33.26396,148.8269,32.93236
72.217224,33.267693,148.84416,32.93438
72.22723,33.27141,148.86142,32.936398
72.23722,33.27514,148.87863,32.938408
72.24722,33.27887,148.8959,32.940422
72.257225,33.282597,148.91315,32.94244
72.26723,33.286327,148.93039,32.944458
72.27723,33.290062,148.94768,32.946472
72.28723,33.29379,148.9649,32.948486
72.297226,33.29752,148.98216,32.9505
72.30723,33.301247,148.99939,32.952515
72.31723,33.304974,149.01665,32.95453
72.32723,33.308704,149.0339,32.956543
72.337234,33.312435,149.05116,32.958557
72.34724,33.31616,149.06839,32.960564
72.35724,33.319893,149.08562,32.96258
72.36723,33.32362,149.10284,32.96459
72.377235,33.32735,149.1201,32.96661
72.38724,33.331078,149.13733,32.96862
72.39724,33.334812,149.15459,32.97063
72.40724,33.338543,149.17181,32.972645
72.417244,33.342266,149.18904,32.974655
72.427246,33.346004,149.20627,32.976665
72.43724,33.349728,149.2235,32.97868
72.44724,33.353455,149.24072,32.98069
72.457245,33.35718,149.25797,32.9827
72.46725,33.360916,149.27519,32.98471
72.47725,33.36465,149.29243,32.98672
72.48725,33.368378,149.30966,32.988735
72.49725,33.372112,149.3269,32.990746
72.50725,33.375843,149.3441,32.992752
72.51725,33.37957,149.36133,32.994762
72.52725,33.383305,149.37856,32.996773
72.537254,33.387035,149.3958,32.99878
72.54726,33.390762,149.41301,33.000786
72.55726,33.394493,149.43022,33.0028
72.56725,33.398224,149.44745,33.004807
72.577255,33.40196,149.46466,33.006813
72.58726,33.405685,149.48187,33.008823
72.59726,33.409416,149.49908,33.01083
72.60726,33.413147,149.5163,33.012836
72.61726,33.41688,149.53352,33.014847
72.627266,33.420612,149.55075,33.016853
72.63726,33.42434,149.56795,33.018856
72.64726,33.428078,149.58514,33.020866
72.657265,33.431805,149.60237,33.022877
72.66727,33.43553,149.61957,33.024883
72.67727,33.43927,149.6368,33.026882
72.68727,33.442997,149.65398,33.02889
72.69727,33.446735,149.6712,33.030895
72.70727,33.450466,149.68839,33.032898
72.71727,33.454193,149.70561,33.034904
72.72727,33.457924,149.72281,33.03692
72.737274,33.461662,149.74004,33.038914
72.74728,33.465385,149.75722,33.040924
72.75728,33.46912,149.77441,33.042923
72.76727,33.472855,149.79161,33.04493
72.777275,33.47659,149.80884,33.046936
72.78728,33.48032,149.826,33.04894
72.79728,33.48405,149.84319,33.050938
72.80728,33.487785,149.8604,33.052944
72.81728,33.491524,149.8776,33.054947
72.827286,33.495255,149.89479,33.056953
72.83728,33.49898,149.91196,33.058952
72.84728,33.50271,149.92915,33.06095
72.857285,33.506447,149.94635,33.062954
72.86729,33.510178,149.96353,33.064957
72.87729,33.513916,149.98073,33.06696
72.88729,33.51765,149.99791,33.06896
72.89729,33.521385,150.0151,33.070965
72.90729,33.525116,150.03226,33.07296
72.91729,33.528847,150.04942,33.074966
72.92729,33.53258,150.06664,33.076965
72.937294,33.536312,150.08382,33.078964
72.947296,33.540043,150.101,33.080967
72.9573,33.54379,150.1182,33.082966
72.9673,33.547516,150.13536,33.084965
72.977295,33.55125,150.15253,33.08696
72.9873,33.55498,150.16971,33.088963
72.9973,33.558712,150.18686,33.090965
73.0073,33.562454,150.20406,33.09296
73.0173,33.566185,150.22122,33.094963
73.027306,33.569923,150.2384,33.09696
73.0373,33.573658,150.25557,33.098953
73.0473,33.577385,150.27272,33.100952
73.057304,33.581116,150.28989,33.10295
73.06731,33.584854,150.30707,33.10495
73.07731,33.588593,150.32422,33.106945
73.08731,33.592327,150.3414,33.108944
73.09731,33.596058,150.35855,33.110935
73.10731,33.599792,150.37572,33.112934
73.11731,33.60353,150.39288,33.114937
73.12731,33.60727,150.41006,33.11693
73.137314,33.610996,150.42722,33.118923
73.147316,33.614735,150.44437,33.12092
73.15732,33.618465,150.46149,33.122917
73.16732,33.622196,150.47865,33.12491
73.177315,33.625935,150.49582,33.126907
73.18732,33.629673,150.51299,33.1289
73.19732,33.633408,150.53012,33.130894
73.20732,33.637142,150.54729,33.13289
73.21732,33.640873,150.56444,33.13488
73.227325,33.64462,150.5816,33.13688
73.23732,33.648346,150.59874,33.138866
73.24732,33.65208,150.61588,33.14086
73.257324,33.65582,150.63304,33.142857
73.26733,33.659557,150.65022,33.144848
73.27733,33.663292,150.66734,33.14684
73.28733,33.66703,150.68446,33.148838
73.29733,33.67077,150.7016,33.150826
73.30733,33.674503,150.71877,33.15282
73.31733,33.678238,150.73587,33.15481
73.32733,33.681973,150.753,33.1568
73.33733,33.68571,150.77017,33.1588
73.347336,33.68944,150.78731,33.16079
73.35734,33.693176,150.80444,33.162777
73.36734,33.69692,150.82158,33.16477
73.377335,33.700653,150.83871,33.16676
73.38734,33.704384,150.85587,33.16875
73.39734,33.708126,150.873,33.170742
73.40734,33.71186,150.8901,33.17273
73.41734,33.7156,150.90723,33.17472
73.427345,33.719334,150.92438,33.17671
73.43735,33.723076,150.9415,33.1787
73.44734,33.726807,150.9586,33.180687
73.457344,33.73055,150.97575,33.18268
73.46735,33.734287,150.99287,33.18467
73.47735,33.738018,151.01,33.18665
73.48735,33.74176,151.02713,33.188644
73.49735,33.745502,151.04428,33.19063
73.50735,33.749233,151.06136,33.192616
73.51735,33.75297,151.07846,33.194603
73.52735,33.756714,151.09561,33.196598
73.53735,33.76045,151.1127,33.19858
73.547356,33.764187,151.12984,33.200565
73.55736,33.767925,151.14694,33.202553
73.56736,33.771664,151.16408,33.20454
73.577354,33.7754,151.18115,33.206528
73.58736,33.779137,151.19829,33.20851
73.59736,33.78288,151.2154,33.210495
73.60736,33.786617,151.23251,33.212482
73.61736,33.790348,151.24963,33.21447
73.627365,33.79409,151.26674,33.216454
73.63737,33.79783,151.28381,33.21844
73.64736,33.801563,151.30092,33.22042
73.657364,33.8053,151.31804,33.22241
73.667366,33.809044,151.33513,33.224392
73.67737,33.81278,151.35225,33.22638
73.68737,33.816517,151.36934,33.22836
73.69737,33.82026,151.38644,33.230347
73.70737,33.824,151.40353,33.232323
73.71737,33.827732,151.42064,33.234306
73.72737,33.83147,151.43773,33.236298
73.73737,33.835205,151.45483,33.238274
73.747375,33.838955,151.47194,33.240257
73.75738,33.84269,151.48904,33.24224
73.76738,33.84643,151.50613,33.244225
73.777374,33.85017,151.5232,33.246204
73.78738,33.85391,151.54031,33.248188
73.79738,33.857647,151.55737,33.250168
73.80738,33.861385,151.5745,33.252148
73.81738,33.865124,151.59157,33.254128
73.827385,33.868862,151.60864,33.256107
73.83739,33.872604,151.62575,33.25809
73.84738,33.876347,151.6428,33.26007
73.85738,33.880085,151.65991,33.26206
73.867386,33.883823,151.677,33.26403
73.87739,33.887566,151.69406,33.266014
73.88739,33.891304,151.71114,33.267994
73.89739,33.895046,151.72823,33.269974
73.907394,33.89879,151.7453,33.271954
73.91739,33.90252,151.76239,33.27393
73.92739,33.906265,151.77946,33.2759
73.93739,33.910004,151.79651,33.277885
73.947395,33.91375,151.81361,33.279865
73.9574,33.91748,151.83067,33.28184
73.9674,33.921234,151.84775,33.28382
73.977394,33.924965,151.8648,33.285797
73.9874,33.92871,151.88188,33.287777
73.9974,33.93245,151.89896,33.28975
74.0074,33.936188,151.91602,33.29173
74.0174,33.939934,151.9331,33.29371
74.027405,33.943676,151.95018,33.29568
74.03741,33.94742,151.96724,33.29766
74.0474,33.951153,151.98428,33.299633
74.0574,33.954895,152.00136,33.30161
74.067406,33.958645,152.01842,33.30358
74.07741,33.962383,152.03546,33.305565
74.08741,33.96612,152.05255,33.307537
74.09741,33.969856,152.0696,33.309513
74.107414,33.973602,152.08669,33.31149
74.11741,33.977345,152.10367,33.313457
74.12741,33.98109,152.12076,33.315437
74.13741,33.98483,152.13783,33.31741
74.147415,33.988567,152.15486,33.31938
74.15742,33.992313,152.17194,33.321358
74.16742,33.99606,152.18898,33.323334
74.177414,33.999794,152.20601,33.325302
74.187416,34.003536,152.22307,33.32728
74.19742,34.007275,152.2401,33.32925
74.20742,34.011017,152.25713,33.33122
74.21742,34.014767,152.27419,33.33319
74.227425,34.018505,152.29124,33.335167
74.23743,34.022243,152.30829,33.33714
74.24742,34.02598,152.32532,33.339108
74.25742,34.02973,152.34238,33.341084
74.267426,34.03347,152.3594,33.343056
74.27743,34.037216,152.37645,33.345024
74.28743,34.040966,152.3935,33.346996
74.29743,34.04471,152.41052,33.348965
74.307434,34.04845,152.42757,33.350937
74.31743,34.05219,152.4446,33.352905
74.32743,34.055927,152.46162,33.354874
74.33743,34.059673,152.47867,33.35685
74.347435,34.063416,152.4957,33.358814
74.35744,34.067165,152.51274,33.360786
74.36744,34.070908,152.52977,33.36275
74.37744,34.074642,152.54678,33.364723
74.387436,34.078396,152.56381,33.36669
74.39744,34.082134,152.58083,33.36866
74.40744,34.085873,152.59785,33.370625
74.41744,34.089626,152.61488,33.372593
74.427444,34.09337,152.63193,33.374565
74.43745,34.097107,152.64893,33.37653
74.44744,34.100857,152.66594,33.378498
74.45744,34.1046,152.68297,33.380466
74.467445,34.10834,152.7,33.382435
74.47745,34.112083,152.71701,33.384403
74.48745,34.115826,152.73401,33.386364
74.49745,34.11957,152.75105,33.388325
74.507454,34.123314,152.76805,33.390293
74.51745,34.127056,152.78506,33.392265
74.52745,34.130806,152.8021,33.394234
74.53745,34.13454,152.8191,33.396194
74.547455,34.138294,152.83609,33.39816
74.55746,34.142044,152.85313,33.400124
74.56746,34.145782,152.87015,33.402092
74.57746,34.14953,152.88715,33.404057
74.587456,34.153267,152.90416,33.40602
74.59746,34.157024,152.92116,33.407986
74.60746,34.16076,152.93813,33.409946
74.61746,34.16451,152.95515,33.411907
74.627464,34.168255,152.97217,33.413876
74.63747,34.171997,152.98917,33.415836
74.64746,34.175735,153.00616,33.4178
74.65746,34.179493,153.02316,33.41977
74.667465,34.183235,153.04018,33.421726
74.67747,34.18698,153.05714,33.423687
74.68747,34.19072,153.07414,33.425644
74.69747,34.19447,153.09113,33.427612
74.70747,34.19821,153.10814,33.429573
74.71747,34.201958,153.12514,33.431538
74.72747,34.205704,153.1421,33.433495
74.73747,34.20945,153.15912,33.435463
74.747475,34.213196,153.17609,33.43742
74.75748,34.216934,153.19308,33.439377
74.76748,34.220684,153.21008,33.441338
74.77748,34.224438,153.22707,33.443302
74.787476,34.228184,153.24403,33.44526
74.79748,34.23193,153.26103,33.447216
74.80748,34.235676,153.27798,33.449184
74.81748,34.239418,153.295,33.45114
74.827484,34.24316,153.31198,33.4531
74.83749,34.246918,153.32896,33.45506
74.84749,34.250656,153.34596,33.457016
74.85748,34.254402,153.36292,33.458973
74.867485,34.25815,153.3799,33.460934
74.87749,34.261898,153.39685,33.46289
74.88749,34.265648,153.41383,33.46485
74.89749,34.2694,153.4308,33.46681
74.90749,34.27314,153.4478,33.46877
74.91749,34.276882,153.46475,33.47072
74.92749,34.280636,153.48174,33.47268
74.93749,34.284378,153.49869,33.47464
74.947495,34.288128,153.51567,33.476593
74.9575,34.29188,153.53262,33.478546
74.9675,34.295628,153.5496,33.480507
74.9775,34.299362,153.56657,33.482464
74.987495,34.30312,153.58353,33.484417
74.9975,34.306858,153.60048,33.486374
75.0075,34.310608,153.61745,33.48833
75.0175,34.31435,153.63441,33.490284
75.027504,34.318108,153.65137,33.49224
75.037506,34.321854,153.66833,33.494194
75.04751,34.325603,153.6853,33.49615
75.0575,34.32935,153.70227,33.4981
75.067505,34.33309,153.7192,33.50006
75.07751,34.336845,153.73616,33.50201
75.08751,34.340595,153.75313,33.503963
75.09751,34.344337,153.77007,33.50592
75.10751,34.34809,153.78703,33.507874
75.117516,34.351837,153.80396,33.509823
75.12751,34.355583,153.82089,33.511776
75.13751,34.359333,153.83789,33.513725
75.147514,34.363083,153.8548,33.515682
75.15752,34.366837,153.87175,33.517635
75.16752,34.37058,153.88869,33.519585
75.17752,34.374332,153.90565,33.52154
75.187515,34.378086,153.92259,33.523487
75.19752,34.38182,153.93953,33.52544
75.20752,34.38557,153.95647,33.52739
75.21752,34.38933,153.9734,33.529343
75.22752,34.393078,153.99034,33.531292
75.237526,34.396824,154.0073,33.533245
75.24753,34.400574,154.02423,33.535194
75.25752,34.40432,154.04115,33.53714
75.267525,34.408066,154.05809,33.539093
75.27753,34.41182,154.075,33.541042
75.28753,34.415565,154.09196,33.54299
75.29753,34.41932,154.10887,33.54494
75.30753,34.423073,154.12584,33.54689
75.317535,34.426823,154.14275,33.54884
75.32753,34.430565,154.15967,33.55079
75.33753,34.43431,154.17659,33.552734
75.347534,34.43807,154.19351,33.554684
75.35754,34.441814,154.21045,33.55663
75.36754,34.445568,154.22739,33.55858
75.37754,34.449318,154.24431,33.560524
75.387535,34.453064,154.26122,33.562473
75.39754,34.456814,154.27814,33.564423
75.40754,34.460567,154.29504,33.566364
75.41754,34.46431,154.31197,33.56831
75.42754,34.46807,154.32887,33.57026
75.437546,34.47182,154.34581,33.572205
75.44755,34.47557,154.36275,33.574154
75.45754,34.479317,154.37962,33.5761
75.467545,34.483067,154.39655,33.578045
75.47755,34.486824,154.41348,33.57999
75.48755,34.490574,154.43037,33.581932
75.49755,34.494324,154.44728,33.583878
75.50755,34.49808,154.46419,33.585827
75.517555,34.501827,154.48111,33.587772
75.52755,34.505577,154.49802,33.589714
75.53755,34.50933,154.5149,33.591656
75.547554,34.513077,154.5318,33.593597
75.557556,34.516827,154.54874,33.595543
75.56756,34.520576,154.56561,33.59749
75.57756,34.524334,154.58252,33.59943
75.58756,34.528088,154.59944,33.601376
75.59756,34.531826,154.61632,33.603317
75.60756,34.53558,154.63321,33.60526
75.61756,34.539337,154.65012,33.6072
75.62756,34.54309,154.66702,33.609146
75.637566,34.546844,154.6839,33.611084
75.64757,34.550594,154.7008,33.613026
75.65756,34.55434,154.7177,33.61497
75.667564,34.5581,154.73459,33.61691
75.67757,34.561844,154.75148,33.61885
75.68757,34.565598,154.76836,33.62079
75.69757,34.569355,154.78525,33.622734
75.70757,34.57311,154.80215,33.624676
75.717575,34.57686,154.81903,33.626614
75.72757,34.580612,154.83592,33.62855
75.73757,34.58436,154.8528,33.630493
75.747574,34.58811,154.86967,33.63243
75.757576,34.591866,154.88657,33.634373
75.76758,34.595623,154.90346,33.63631
75.77758,34.599365,154.92032,33.638252
75.78758,34.603123,154.93721,33.64019
75.79758,34.606873,154.95407,33.642124
75.80758,34.61063,154.97096,33.644066
75.81758,34.614372,154.98785,33.646004
75.82758,34.618137,155.00471,33.64794
75.837585,34.62189,155.02159,33.649883
75.84759,34.62565,155.03847,33.651817
75.85758,34.62939,155.05533,33.65375
75.867584,34.63314,155.07219,33.655693
75.87759,34.636898,155.08908,33.657627
75.88759,34.64065,155.10596,33.659565
75.89759,34.6444,155.12282,33.661503
75.90759,34.648163,155.13966,33.663437
75.917595,34.65192,155.15654,33.665375
75.92759,34.65567,155.17342,33.66731
75.93759,34.659416,155.19026,33.669247
75.94759,34.663174,155.20712,33.67118
75.957596,34.666927,155.22398,33.673115
75.9676,34.670685,155.24086,33.67505
75.9776,34.674442,155.25774,33.676983
75.9876,34.678196,155.27458,33.67892
75.9976,34.681942,155.29144,33.68086
76.0076,34.685696,155.30829,33.68279
76.0176,34.689457,155.32513,33.684723
76.0276,34.693207,155.34201,33.686657
76.037605,34.696964,155.35883,33.688587
76.04761,34.700714,155.3757,33.690525
76.05761,34.704475,155.39256,33.692455
76.067604,34.70823,155.40938,33.694393
76.07761,34.71198,155.42624,33.696323
76.08761,34.71573,155.44307,33.698254
76.09761,34.719486,155.45993,33.700184
76.10761,34.723248,155.4768,33.702118
76.117615,34.726997,155.49362,33.704044
76.12761,34.73075,155.51048,33.705982
76.13761,34.73451,155.52733,33.70791
76.14761,34.738262,155.54414,33.709843
76.157616,34.74203,155.561,33.711777
76.16762,34.745777,155.57787,33.713707
76.17762,34.74953,155.59468,33.715637
76.18762,34.75329,155.61151,33.717567
76.19762,34.75705,155.62836,33.719498
76.20762,34.7608,155.64516,33.721428
76.21762,34.764553,155.66202,33.72336
76.22762,34.768307,155.67886,33.725285
76.237625,34.772068,155.69568,33.72722
76.24763,34.77582,155.71252,33.729145
76.25763,34.779575,155.72934,33.731075
76.267624,34.78333,155.74615,33.733
76.277626,34.78709,155.76297,33.73493
76.28763,34.790844,155.77983,33.73686
76.29763,34.794598,155.79665,33.73879
76.30763,34.79835,155.81346,33.74071
76.317635,34.80211,155.8303,33.742645
76.32763,34.805862,155.8471,33.74457
76.33763,34.809624,155.86394,33.746494
76.34763,34.813377,155.88074,33.74842
76.357635,34.81714,155.89758,33.75035
76.36764,34.820892,155.9144,33.752277
76.37764,34.824642,155.9312,33.754204
76.38764,34.828407,155.94803,33.756134
76.39764,34.832153,155.96481,33.758053
76.40764,34.83592,155.98164,33.759987
76.41764,34.839672,155.99846,33.76191
76.42764,34.843437,156.01527,33.763836
76.437645,34.847195,156.03212,33.76576
76.44765,34.85094,156.04887,33.76768
76.45765,34.854702,156.06569,33.769604
76.46764,34.858456,156.08249,33.771534
76.477646,34.86222,156.09933,33.773457
76.48765,34.86598,156.11612,33.77538
76.49765,34.86973,156.13293,33.7773
76.50765,34.873486,156.14972,33.77923
76.517654,34.877247,156.16655,33.781155
76.52766,34.88101,156.18333,33.783073
76.53765,34.884766,156.20013,33.784996
76.54765,34.888515,156.21692,33.786922
76.557655,34.892273,156.23372,33.78884
76.56766,34.896034,156.25055,33.790768
76.57766,34.899784,156.26732,33.79269
76.58766,34.903557,156.28412,33.79461
76.59766,34.907303,156.30087,33.79653
76.60766,34.911064,156.3177,33.79845
76.61766,34.91483,156.33449,33.800377
76.62766,34.91858,156.35127,33.80229
76.637665,34.92234,156.36809,33.804214
76.64767,34.9261,156.38486,33.806133
76.65767,34.92986,156.40164,33.808056
76.66766,34.933617,156.41846,33.809975
76.677666,34.937374,156.43523,33.811897
76.68767,34.941135,156.45198,33.813816
76.69767,34.944897,156.4688,33.81574
76.70767,34.948654,156.48557,33.817654
76.717674,34.952408,156.50233,33.81958
76.72768,34.956173,156.5191,33.8215
76.73767,34.959923,156.53589,33.82341
76.74767,34.963684,156.55266,33.82533
76.757675,34.96745,156.56946,33.82725
76.76768,34.971207,156.58624,33.82917
76.77768,34.974964,156.60301,33.831085
76.78768,34.97872,156.61977,33.833004
76.797676,34.982483,156.63654,33.834923
76.80768,34.986233,156.65329,33.836838
76.81768,34.989998,156.67007,33.83875
76.82768,34.99376,156.68686,33.84067
76.837685,34.997517,156.70363,33.842594
76.84769,35.001274,156.72038,33.844505
76.85769,35.00503,156.73717,33.846424
76.86768,35.008797,156.7539,33.84834
76.877686,35.01256,156.77069,33.85025
76.88769,35.016315,156.78745,33.852173
76.89769,35.02008,156.80421,33.854084
76.90769,35.023838,156.82097,33.856
76.917694,35.0276,156.83772,33.857918
76.9277,35.03136,156.85452,33.859833
76.93769,35.035122,156.87125,33.861748
76.94769,35.03888,156.888,33.863655
76.957695,35.042637,156.90472,33.86557
76.9677,35.0464,156.92152,33.86749
76.9777,35.050167,156.93828,33.869404
76.9877,35.05392,156.95505,33.871315
76.9977,35.05767,156.97177,33.87323
77.0077,35.06144,156.98851,33.87514
77.0177,35.065197,157.00526,33.877056
77.0277,35.068966,157.02202,33.878967
77.037704,35.07272,157.03874,33.880882
77.04771,35.076485,157.0555,33.882793
77.05771,35.080242,157.07224,33.884705
77.0677,35.084,157.08897,33.886616
77.077705,35.08776,157.1057,33.888527
77.08771,35.091522,157.12247,33.890438
77.09771,35.095295,157.13919,33.892353
77.10771,35.099052,157.15598,33.894264
77.117714,35.10281,157.17268,33.89617
77.127716,35.10657,157.18942,33.89809
77.13771,35.11033,157.20618,33.899994
77.14771,35.11409,157.22289,33.9019
77.157715,35.117855,157.23965,33.90382
77.16772,35.121624,157.25636,33.905727
77.17772,35.12538,157.27312,33.907635
77.18772,35.12915,157.28984,33.909546
77.19772,35.132908,157.30656,33.911453
77.20772,35.136673,157.32327,33.913364
77.21772,35.140427,157.34001,33.915268
77.22772,35.144188,157.35674,33.917183
77.237724,35.14795,157.37347,33.91909
77.24773,35.15172,157.3902,33.920998
77.25773,35.15547,157.4069,33.922905
77.26772,35.159237,157.42363,33.92481
77.277725,35.163,157.44034,33.92672
77.28773,35.166767,157.45709,33.92863
77.29773,35.170532,157.47382,33.93054
77.30773,35.174286,157.4905,33.93244
77.31773,35.178047,157.50722,33.93435
77.327736,35.181812,157.52396,33.936256
77.33773,35.185566,157.54065,33.93816
77.34773,35.18934,157.55739,33.940067
77.357735,35.193104,157.57408,33.941975
77.36774,35.19686,157.5908,33.94388
77.37774,35.200626,157.60748,33.94578
77.38774,35.20439,157.62422,33.94769
77.39774,35.20816,157.64095,33.9496
77.40774,35.211914,157.65761,33.951504
77.41774,35.21567,157.67432,33.953403
77.42774,35.219448,157.69104,33.95531
77.437744,35.22321,157.70776,33.957214
77.44775,35.226967,157.72446,33.959114
77.45775,35.23073,157.74113,33.96102
77.46775,35.234497,157.75784,33.962925
77.477745,35.238262,157.77455,33.964832
77.48775,35.242027,157.79124,33.966732
77.49775,35.24579,157.80795,33.968636
77.50775,35.24955,157.82462,33.970535
77.51775,35.253323,157.84135,33.972443
77.527756,35.257076,157.85805,33.974346
77.53775,35.260838,157.8747,33.976246
77.54775,35.264606,157.89142,33.978146
77.557755,35.26837,157.9081,33.98005
77.56776,35.272137,157.92482,33.981953
77.57776,35.275898,157.94148,33.98385
77.58776,35.279655,157.95818,33.985752
77.59776,35.283432,157.97487,33.98765
77.60776,35.28719,157.99155,33.989555
77.61776,35.290955,158.00822,33.99145
77.62776,35.29472,158.0249,33.993355
77.637764,35.298485,158.04158,33.995255
77.647766,35.302242,158.05829,33.997158
77.65777,35.306004,158.07497,33.999054
77.66777,35.309788,158.09164,34.000957
77.677765,35.31354,158.1083,34.002853
77.68777,35.317307,158.125,34.00475
77.69777,35.321075,158.1417,34.006653
77.70777,35.324844,158.15834,34.008553
77.71777,35.328598,158.17503,34.010452
77.727776,35.33237,158.19171,34.01235
77.73777,35.336136,158.20837,34.014248
77.74777,35.3399,158.22507,34.016144
77.757774,35.343666,158.24173,34.018044
77.76778,35.34743,158.25839,34.019943
77.77778,35.351196,158.27507,34.021835
77.78778,35.35496,158.29172,34.02373
77.79778,35.358727,158.3084,34.025627
77.80778,35.36249,158.32504,34.02753
77.81778,35.366257,158.34174,34.029423
77.82778,35.37002,158.35837,34.031315
77.83778,35.373787,158.37503,34.033215
77.847786,35.377563,158.39172,34.03511
77.85779,35.38132,158.40837,34.03701
77.86779,35.385086,158.42503,34.038906
77.877785,35.388855,158.44165,34.040802
77.88779,35.392616,158.45833,34.042694
77.89779,35.39639,158.47499,34.044586
77.90779,35.400143,158.49162,34.046482
77.91779,35.40392,158.5083,34.048378
77.927795,35.40769,158.52496,34.050274
77.9378,35.411457,158.54158,34.052166
77.94779,35.41522,158.55823,34.054058
77.957794,35.41898,158.57489,34.055954
77.9678,35.42275,158.59152,34.057846
77.9778,35.42652,158.60818,34.059742
77.9878,35.430283,158.62482,34.061634
77.9978,35.434055,158.6415,34.063526
78.0078,35.437824,158.65811,34.06542
78.0178,35.44158,158.67476,34.06731
78.0278,35.44535,158.6914,34.069202
78.0378,35.44912,158.70807,34.071095
78.047806,35.45289,158.72467,34.072987
78.05781,35.456657,158.74132,34.074875
78.06781,35.460423,158.75797,34.076767
78.077805,35.464184,158.7746,34.078655
78.08781,35.467953,158.79121,34.08055
78.09781,35.47172,158.80786,34.08244
78.10781,35.475494,158.82451,34.08433
78.11781,35.479256,158.84113,34.086224
78.127815,35.483025,158.85776,34.08811
78.13782,35.48679,158.87439,34.09
78.14781,35.490555,158.89098,34.09189
78.157814,35.49433,158.90762,34.09378
78.167816,35.498104,158.9243,34.095673
78.17782,35.501865,158.94089,34.09756
78.18782,35.505627,158.95752,34.09945
78.19782,35.509407,158.97415,34.101337
78.20782,35.51317,158.99072,34.10322
78.21782,35.516933,159.00737,34.105114
78.22782,35.52071,159.024,34.107006
78.23782,35.524475,159.04063,34.10889
78.247826,35.528236,159.05727,34.11078
78.25783,35.532005,159.07385,34.112663
78.26783,35.535778,159.09048,34.114555
78.277824,35.539547,159.10709,34.11644
78.28783,35.543312,159.12369,34.118324
78.29783,35.54709,159.1403,34.120216
78.30783,35.550854,159.15692,34.122097
78.31783,35.554623,159.17352,34.12399
78.327835,35.55839,159.19014,34.12587
78.33784,35.562157,159.20674,34.127758
78.34783,35.565926,159.22337,34.129642
78.357834,35.5697,159.23994,34.131527
78.367836,35.573463,159.25658,34.133408
78.37784,35.577244,159.27316,34.135296
78.38784,35.581005,159.28976,34.137184
78.39784,35.584778,159.3064,34.13907
78.407845,35.588535,159.32295,34.14095
78.41784,35.592316,159.33957,34.142838
78.42784,35.596077,159.35617,34.14472
78.43784,35.59985,159.37276,34.146603
78.447845,35.60362,159.38937,34.148487
78.45785,35.607395,159.40596,34.15037
78.46785,35.611164,159.42258,34.152256
78.477844,35.614933,159.43913,34.154137
78.48785,35.6187,159.45573,34.15602
78.49785,35.622475,159.47234,34.1579
78.50785,35.626244,159.48894,34.159786
78.51785,35.63001,159.5055,34.161667
78.527855,35.63379,159.52213,34.163555
78.53786,35.63755,159.53871,34.165432
78.54785,35.64132,159.55528,34.167313
78.55785,35.645084,159.57187,34.169197
78.567856,35.648853,159.58847,34.171074
78.57786,35.652634,159.60503,34.172955
78.58786,35.6564,159.62158,34.174835
78.59786,35.66017,159.63818,34.176723
78.607864,35.663944,159.65477,34.1786
78.61786,35.667713,159.67133,34.18048
78.62786,35.67148,159.68791,34.182358
78.63786,35.675255,159.7045,34.18424
78.647865,35.679024,159.72107,34.18612
78.65787,35.682793,159.73766,34.188
78.66787,35.686565,159.75421,34.189877
78.677864,35.690334,159.77078,34.191757
78.68787,35.694115,159.78735,34.19363
78.69787,35.697872,159.80391,34.19551
78.70787,35.701653,159.82053,34.19739
78.71787,35.705425,159.83708,34.199265
78.727875,35.709198,159.85365,34.20115
78.73788,35.71297,159.87021,34.203026
78.74787,35.716743,159.88676,34.2049
78.75787,35.720505,159.90332,34.20678
78.767876,35.72427,159.9199,34.208656
78.77788,35.728058,159.93646,34.21053
78.78788,35.731823,159.95302,34.21241
78.79788,35.735588,159.96957,34.214287
78.807884,35.73937,159.98613,34.216164
78.81788,35.74314,160.0027,34.218037
78.82788,35.74691,160.01923,34.219913
78.83788,35.75068,160.03578,34.22179
78.847885,35.75445,160.05235,34.223667
78.85789,35.75823,160.06891,34.22554
78.86789,35.761997,160.08545,34.227413
78.87789,35.765766,160.102,34.22929
78.887886,35.76954,160.11855,34.231163
78.89789,35.77331,160.13512,34.233044
78.90789,35.77709,160.15166,34.234913
78.91789,35.78086,160.1682,34.236786
78.927895,35.78463,160.18475,34.23866
78.9379,35.788403,160.20131,34.240536
78.94789,35.792175,160.21783,34.242405
78.95789,35.79595,160.23436,34.244278
78.967896,35.79973,160.2509,34.24615
78.9779,35.80349,160.26741,34.248028
78.9879,35.807266,160.284,34.2499
78.9979,35.81104,160.3005,34.251774
79.007904,35.814816,160.3171,34.253647
79.0179,35.81858,160.33359,34.255516
79.0279,35.822365,160.35014,34.25739
79.0379,35.826134,160.36667,34.25926
79.047905,35.82991,160.38322,34.26113
79.05791,35.833687,160.39972,34.263004
79.06791,35.837456,160.41626,34.264874
79.07791,35.841225,160.4328,34.266747
79.087906,35.845,160.44931,34.268612
79.09791,35.848774,160.46585,34.27049
79.10791,35.852547,160.48235,34.272354
79.11791,35.856316,160.4989,34.274227
79.127914,35.860096,160.51544,34.276096
79.13792,35.86386,160.53195,34.277966
79.14791,35.86764,160.54846,34.27984
79.15791,35.871414,160.56499,34.2817
79.167915,35.875187,160.58153,34.283573
79.17792,35.878967,160.59805,34.28545
79.18792,35.882736,160.61456,34.287308
79.19792,35.8865,160.63104,34.289177
79.207924,35.890285,160.64757,34.291046
79.21792,35.89406,160.6641,34.29291
79.22792,35.89783,160.68059,34.294785
79.23792,35.901608,160.69711,34.29665
79.247925,35.905388,160.71367,34.298515
79.25793,35.909157,160.73016,34.30039
79.26793,35.912937,160.74666,34.302254
79.27793,35.916706,160.76315,34.304115
79.287926,35.92048,160.77966,34.30599
79.29793,35.924255,160.79617,34.307854
79.30793,35.928036,160.81268,34.309715
79.31793,35.931805,160.82918,34.311584
79.327934,35.935577,160.8457,34.313446
79.33794,35.939358,160.8622,34.315315
79.34794,35.943127,160.8787,34.317184
79.35793,35.946907,160.89517,34.319042
79.367935,35.950676,160.9117,34.32091
79.37794,35.95446,160.92819,34.32278
79.38794,35.958233,160.94467,34.32464
79.39794,35.96201,160.9612,34.326504
79.40794,35.965782,160.97766,34.32837
79.41794,35.96955,160.99414,34.33023
79.42794,35.97333,161.01067,34.332096
79.43794,35.977108,161.02713,34.333958
79.447945,35.98089,161.04362,34.335827
79.45795,35.98467,161.06012,34.337685
79.46795,35.988438,161.07663,34.33955
79.47795,35.99221,161.0931,34.34141
79.487946,35.995983,161.10956,34.343273
79.49795,35.999767,161.12604,34.345135
79.50795,36.003536,161.14256,34.347
79.51795,36.007317,161.15903,34.348858
79.527954,36.011093,161.17552,34.350723
79.53796,36.014866,161.19203,34.352585
79.54796,36.018642,161.20848,34.354446
79.55795,36.022423,161.22495,34.356308
79.567955,36.0262,161.24144,34.358166
79.57796,36.029972,161.2579,34.360027
79.58796,36.03375,161.27437,34.361893
79.59796,36.03753,161.29086,34.363747
79.60796,36.041298,161.30736,34.36561
79.61796,36.04508,161.32379,34.36747
79.62796,36.048855,161.34027,34.369328
79.63796,36.05263,161.35675,34.37119
79.647964,36.0564,161.37318,34.37305
79.65797,36.06018,161.38966,34.374905
79.66797,36.063965,161.40614,34.376766
79.67797,36.06773,161.4226,34.378624
79.687965,36.071518,161.43907,34.38048
79.69797,36.07529,161.45555,34.382347
79.70797,36.079063,161.47195,34.3842
79.71797,36.082848,161.48846,34.38606
79.727974,36.086628,161.50493,34.387917
79.737976,36.0904,161.5214,34.389774
79.74798,36.09418,161.53786,34.391636
79.75797,36.09796,161.55429,34.393482
79.767975,36.10173,161.57072,34.395344
79.77798,36.1055,161.5872,34.397198
79.78798,36.109287,161.60365,34.39906
79.79798,36.113075,161.62013,34.400917
79.80798,36.11684,161.63657,34.40277
79.817986,36.12062,161.65302,34.404633
79.82798,36.124397,161.66946,34.40648
79.83798,36.128185,161.68591,34.408337
79.847984,36.131954,161.70236,34.41019
79.85799,36.135735,161.71878,34.412045
79.86799,36.13951,161.73526,34.413902
79.87799,36.143288,161.7517,34.41576
79.887985,36.147068,161.76814,34.417614
79.89799,36.15085,161.78458,34.419468
79.90799,36.15462,161.80101,34.42132
79.91799,36.158398,161.81747,34.423176
79.92799,36.162174,161.83391,34.42503
79.937996,36.16596,161.85034,34.42688
79.948,36.16974,161.86676,34.428738
79.95799,36.17352,161.88322,34.430588
79.967995,36.17729,161.89964,34.43244
79.978,36.181072,161.91606,34.43429
79.988,36.184853,161.93251,34.43615
79.998,36.188633,161.94897,34.438
80.008,36.19241,161.96538,34.439854
80.018005,36.196194,161.98178,34.441704
80.028,36.19997,161.99823,34.44355
80.038,36.203743,162.01465,34.445404
80.048004,36.20752,162.03107,34.447258
80.05801,36.211308,162.04749,34.449112
80.06801,36.21509,162.06393,34.450962
80.07801,36.21887,162.08038,34.452816
80.088005,36.22264,162.09679,34.454662
80.09801,36.226425,162.1132,34.456512
80.10801,36.230198,162.12961,34.458363
80.11801,36.233982,162.14601,34.460213
80.12801,36.237762,162.16245,34.46206
80.138016,36.24154,162.17886,34.463913
80.14802,36.245316,162.19527,34.46576
80.15801,36.249104,162.2117,34.467613
80.168015,36.252876,162.2281,34.46946
80.17802,36.256657,162.24452,34.471306
80.18802,36.26044,162.26093,34.47316
80.19802,36.26422,162.27734,34.475006
80.20802,36.267998,162.29375,34.476852
80.218025,36.271782,162.31015,34.478706
80.22802,36.27556,162.32657,34.48055
80.23802,36.279335,162.34297,34.4824
80.248024,36.283115,162.35936,34.48424
80.258026,36.2869,162.3758,34.48609
80.26803,36.29068,162.39218,34.48794
80.27803,36.29447,162.40858,34.489788
80.28803,36.29824,162.425,34.491634
80.29803,36.302025,162.44136,34.493477
80.30803,36.305798,162.45776,34.495323
80.31803,36.309586,162.47415,34.49717
80.32803,36.313362,162.49059,34.499012
80.338036,36.31714,162.50699,34.500862
80.34804,36.320923,162.52338,34.502705
80.35803,36.324703,162.53972,34.504555
80.368034,36.32849,162.55617,34.5064
80.37804,36.332275,162.57254,34.508244
80.38804,36.33605,162.58891,34.510086
80.39804,36.339832,162.60533,34.511932
80.40804,36.343605,162.62169,34.513775
80.418045,36.347393,162.63809,34.515617
80.42804,36.351177,162.6545,34.517464
80.43804,36.354954,162.67084,34.519306
80.448044,36.35874,162.68723,34.521152
80.458046,36.362514,162.70361,34.52299
80.46805,36.366295,162.72,34.524837
80.47805,36.37009,162.73639,34.526676
80.48805,36.37386,162.75276,34.528522
80.49805,36.377644,162.76912,34.530365
80.50805,36.381424,162.78552,34.532204
80.51805,36.385216,162.80188,34.53405
80.52805,36.388992,162.81827,34.535892
80.538055,36.39277,162.83466,34.53774
80.54806,36.39655,162.85103,34.539577
80.55805,36.400333,162.86737,34.54141
80.568054,36.404114,162.88374,34.543255
80.57806,36.4079,162.90012,34.545097
80.58806,36.411674,162.9165,34.546936
80.59806,36.415466,162.93288,34.548782
80.60806,36.419247,162.94923,34.55062
80.618065,36.423027,162.9656,34.55246
80.62806,36.42681,162.98196,34.554302
80.63806,36.430595,162.99832,34.556137
80.64806,36.434376,163.0147,34.557976
80.658066,36.438156,163.03104,34.559814
80.66807,36.441944,163.04744,34.561657
80.67807,36.445724,163.06377,34.56349
80.68807,36.449505,163.08014,34.56534
80.69807,36.45329,163.09647,34.567165
80.70807,36.457073,163.11284,34.56901
80.71807,36.460857,163.1292,34.57085
80.72807,36.464634,163.14554,34.572685
80.738075,36.468422,163.1619,34.574524
80.74808,36.4722,163.17824,34.576363
80.75808,36.47598,163.1946,34.578197
80.768074,36.479763,163.21094,34.580036
80.778076,36.48355,163.2273,34.581875
80.78808,36.48733,163.24364,34.58371
80.79808,36.491123,163.26,34.58555
80.80808,36.494904,163.2763,34.58738
80.818085,36.498688,163.2927,34.589222
80.82808,36.50247,163.30899,34.591053
80.83808,36.50626,163.32536,34.59289
80.84808,36.510048,163.3417,34.594727
80.858086,36.513817,163.35803,34.59656
80.86809,36.517605,163.3744,34.598396
80.87809,36.52139,163.3907,34.60023
80.88809,36.52517,163.40703,34.602066
80.89809,36.528957,163.42337,34.603905
80.90809,36.532745,163.43971,34.605736
80.91809,36.536526,163.45602,34.607567
80.92809,36.540318,163.4724,34.6094
80.938095,36.5441,163.48871,34.611237
80.9481,36.54788,163.50505,34.613068
80.9581,36.551666,163.52138,34.614906
80.968094,36.555443,163.53769,34.616734
80.978096,36.559235,163.55402,34.618572
80.9881,36.56301,163.57034,34.6204
80.9981,36.5668,163.58669,34.62223
81.0081,36.57058,163.60298,34.62407
81.018105,36.57437,163.61932,34.625904
81.0281,36.578144,163.63565,34.62773
81.0381,36.58194,163.65195,34.629562
81.0481,36.585716,163.66827,34.631393
81.058105,36.589504,163.6846,34.633224
81.06811,36.593292,163.70091,34.63506
81.07811,36.59708,163.71725,34.636887
81.08811,36.60086,163.73357,34.638718
81.09811,36.604645,163.74985,34.640553
81.10811,36.608433,163.76619,34.642384
81.11811,36.612217,163.78249,34.64421
81.12811,36.616,163.7988,34.64604
81.138115,36.619785,163.81511,34.64787
81.14812,36.62358,163.8314,34.6497
81.15812,36.627357,163.8477,34.65153
81.16811,36.63115,163.86403,34.65336
81.178116,36.634926,163.88034,34.655186
81.18812,36.638714,163.89664,34.657013
81.19812,36.6425,163.91295,34.658848
81.20812,36.646286,163.92924,34.66067
81.218124,36.650078,163.94556,34.662502
81.22813,36.653854,163.96185,34.66433
81.23812,36.657646,163.97815,34.666153
81.24812,36.661423,163.99442,34.66798
81.258125,36.665215,164.01073,34.66981
81.26813,36.669006,164.02702,34.67164
81.27813,36.672783,164.04335,34.673466
81.28813,36.67657,164.05962,34.67529
81.29813,36.680355,164.07591,34.67712
81.30813,36.68414,164.0922,34.678944
81.31813,36.687927,164.10847,34.68077
81.32813,36.691723,164.12479,34.682602
81.338135,36.695503,164.14108,34.684425
81.34814,36.699303,164.15738,34.68625
81.35814,36.70308,164.17365,34.688076
81.36813,36.706863,164.18993,34.689903
81.378136,36.710655,164.20622,34.691727
81.38814,36.714428,164.22249,34.693554
81.39814,36.718227,164.2388,34.695377
81.40814,36.72201,164.25505,34.697205
81.418144,36.7258,164.27135,34.69903
81.42815,36.729588,164.28763,34.700848
81.43814,36.73337,164.30392,34.702675
81.44814,36.737156,164.32018,34.7045
81.458145,36.740948,164.33647,34.70632
81.46815,36.744736,164.35274,34.70814
81.47815,36.74852,164.36899,34.709965
81.48815,36.752308,164.38527,34.71179
81.498146,36.75609,164.40155,34.713615
81.50815,36.759888,164.41782,34.71544
81.51815,36.763664,164.43407,34.71726
81.52815,36.767456,164.45036,34.719078
81.538155,36.771244,164.46663,34.7209
81.54816,36.775036,164.4829,34.72272
81.55816,36.778824,164.49916,34.724545
81.56815,36.782604,164.51541,34.726368
81.578156,36.786396,164.53168,34.728188
81.58816,36.790184,164.54793,34.73001
81.59816,36.793976,164.5642,34.731827
81.60816,36.79776,164.58044,34.73365
81.618164,36.801548,164.59674,34.735477
81.62817,36.80533,164.61298,34.737293
81.63816,36.809116,164.62921,34.73911
81.64816,36.81291,164.64551,34.740932
81.658165,36.816704,164.66171,34.742752
81.66817,36.820488,164.67801,34.74457
81.67817,36.824272,164.69426,34.74639
81.68817,36.828068,164.7105,34.74821
81.69817,36.83185,164.72675,34.750027
81.70817,36.835636,164.743,34.751846
81.71817,36.839424,164.75925,34.753662
81.72817,36.843212,164.77548,34.75548
81.738174,36.847008,164.79173,34.7573
81.74818,36.850796,164.80798,34.75912
81.75818,36.854588,164.82425,34.76094
81.76817,36.858368,164.84045,34.762753
81.778175,36.862156,164.8567,34.76457
81.78818,36.865948,164.87296,34.766388
81.79818,36.86973,164.88916,34.768204
81.80818,36.87353,164.90543,34.770023
81.818184,36.877316,164.92166,34.77184
81.828186,36.88111,164.9379,34.77366
81.83818,36.88489,164.95413,34.775475
81.84818,36.88868,164.97035,34.777287
81.858185,36.892467,164.98662,34.7791
81.86819,36.896255,165.0028,34.78092
81.87819,36.90005,165.01906,34.782734
81.88819,36.90383,165.0353,34.78455
81.89819,36.90764,165.05154,34.786366
81.90819,36.911415,165.06773,34.78818
81.91819,36.915207,165.08397,34.78999
81.92819,36.919,165.1002,34.79181
81.938194,36.922787,165.11642,34.79362
81.9482,36.926575,165.13266,34.79544
81.9582,36.93037,165.14888,34.79725
81.96819,36.93415,165.16507,34.799065
81.978195,36.937946,165.1813,34.800877
81.9882,36.941734,165.19751,34.80269
81.9982,36.945526,165.21375,34.80451
82.0082,36.94932,165.22995,34.806316
82.0182,36.95311,165.24617,34.80813
82.028206,36.956894,165.26237,34.80994
82.0382,36.96068,165.27861,34.811752
82.0482,36.964478,165.29482,34.813564
82.058205,36.968266,165.31102,34.815376
82.06821,36.972057,165.32726,34.81719
82.07821,36.975845,165.34344,34.819
82.08821,36.97964,165.35966,34.820812
82.09821,36.983437,165.3759,34.822624
82.10821,36.987217,165.39206,34.824436
82.11821,36.99101,165.40826,34.826244
82.12821,36.994797,165.42447,34.82806
82.138214,36.998592,165.44067,34.82987
82.14822,37.002377,165.45688,34.831673
82.15822,37.006172,165.47308,34.833485
82.16822,37.009964,165.48929,34.835297
82.178215,37.01376,165.5055,34.837105
82.18822,37.01755,165.52167,34.83891
82.19822,37.02133,165.53787,34.84072
82.20822,37.025127,165.55408,34.84253
82.21822,37.02892,165.57025,34.844345
82.228226,37.032707,165.58646,34.84615
82.23822,37.036495,165.60263,34.847958
82.24822,37.040295,165.61884,34.849766
82.258224,37.044086,165.63504,34.85157
82.26823,37.04787,165.6512,34.853382
82.27823,37.051666,165.6674,34.855186
82.28823,37.055458,165.68358,34.856995
82.29823,37.05925,165.69975,34.858807
82.30823,37.06304,165.71596,34.860615
82.31823,37.06683,165.73215,34.86242
82.32823,37.070625,165.74832,34.864223
82.338234,37.074413,165.76451,34.86603
82.348236,37.07821,165.78069,34.867836
82.35824,37.082,165.79689,34.86964
82.36824,37.085793,165.81308,34.871452
82.378235,37.089577,165.82921,34.873253
82.38824,37.093376,165.84541,34.87506
82.39824,37.097168,165.86159,34.876865
82.40824,37.10096,165.87776,34.878674
82.41824,37.10475,165.89394,34.880474
82.428246,37.108543,165.9101,34.88228
82.43824,37.11233,165.92627,34.884083
82.44824,37.116135,165.94243,34.885887
82.458244,37.119926,165.95859,34.88769
82.46825,37.12371,165.97476,34.889503
82.47825,37.127506,165.99095,34.8913
82.48825,37.1313,166.0071,34.89311
82.49825,37.135094,166.02327,34.89491
82.50825,37.13888,166.03943,34.89671
82.51825,37.14267,166.05559,34.898514
82.52825,37.14647,166.07175,34.900314
82.53825,37.150265,166.0879,34.902122
82.548256,37.154053,166.10406,34.90392
82.55826,37.15785,166.12025,34.905727
82.56826,37.16164,166.13638,34.907528
82.578255,37.16543,166.15256,34.909332
82.58826,37.169228,166.1687,34.911133
82.59826,37.17302,166.18486,34.91293
82.60826,37.17681,166.20102,34.914734
82.61826,37.18061,166.21718,34.916534
82.628265,37.18439,166.23334,34.91834
82.63827,37.18819,166.24947,34.92014
82.64826,37.191986,166.26561,34.92194
82.658264,37.195786,166.28177,34.923737
82.66827,37.199574,166.29791,34.925537
82.67827,37.20337,166.31404,34.927338
82.68827,37.20716,166.3302,34.929142
82.69827,37.210953,166.34633,34.93094
82.70827,37.21475,166.36246,34.932735
82.71827,37.218536,166.37863,34.934532
82.72827,37.222332,166.39476,34.936333
82.73827,37.226135,166.4109,34.93813
82.748276,37.22992,166.42702,34.93993
82.75828,37.23372,166.44318,34.94173
82.76828,37.237514,166.45934,34.943527
82.778275,37.241295,166.47543,34.945324
82.78828,37.2451,166.49156,34.947124
82.79828,37.24889,166.50769,34.94892
82.80828,37.252686,166.52385,34.95072
82.81828,37.256477,166.53995,34.952515
82.828285,37.260273,166.55609,34.95431
82.83829,37.264076,166.57225,34.95611
82.84828,37.267864,166.58835,34.95791
82.858284,37.271656,166.60446,34.9597
82.868286,37.27545,166.6206,34.961502
82.87829,37.279255,166.63672,34.963295
82.88829,37.283047,166.65285,34.965088
82.89829,37.28684,166.66899,34.96689
82.90829,37.29063,166.6851,34.968678
82.91829,37.294422,166.7012,34.970478
82.92829,37.29822,166.71735,34.972275
82.93829,37.302017,166.73344,34.974068
82.948296,37.305813,166.74957,34.97586
82.9583,37.309605,166.76569,34.977657
82.9683,37.313396,166.78181,34.97945
82.978294,37.3172,166.79791,34.981247
82.9883,37.320984,166.81401,34.98304
82.9983,37.324783,166.83011,34.984833
83.0083,37.328583,166.84625,34.98663
83.0183,37.332375,166.86237,34.988422
83.028305,37.33617,166.87846,34.990215
83.03831,37.339966,166.89456,34.992004
83.0483,37.343758,166.91069,34.9938
83.058304,37.34756,166.92677,34.99559
83.068306,37.351357,166.9429,34.997383
83.07831,37.355145,166.95897,34.999172
83.08831,37.35894,166.97507,35.00097
83.09831,37.36274,166.99115,35.002758
83.108315,37.366535,167.00728,35.00455
83.11831,37.370327,167.02338,35.006348
83.12831,37.374126,167.03947,35.008133
83.13831,37.37793,167.05557,35.009926
83.148315,37.381718,167.07167,35.011715
83.15832,37.385513,167.08778,35.013508
83.16832,37.389317,167.1039,35.0153
83.178314,37.393105,167.11995,35.01709
83.18832,37.396904,167.13605,35.01888
83.19832,37.400696,167.15213,35.02067
83.20832,37.404495,167.16823,35.02246
83.21832,37.4083,167.18431,35.02425
83.228325,37.412094,167.2004,35.02604
83.23833,37.415886,167.21648,35.027832
83.24832,37.41968,167.23257,35.029613
83.25832,37.423477,167.24864,35.031403
83.268326,37.427277,167.26471,35.03319
83.27833,37.43107,167.28082,35.034985
83.28833,37.43487,167.29689,35.036766
83.29833,37.438667,167.31297,35.03856
83.308334,37.442463,167.32906,35.040348
83.31833,37.446255,167.34512,35.042133
83.32833,37.450058,167.36118,35.043922
83.33833,37.45385,167.37726,35.045708
83.348335,37.457653,167.39334,35.047497
83.35834,37.46144,167.40942,35.049282
83.36834,37.46524,167.42549,35.051067
83.378334,37.469032,167.44154,35.052856
83.388336,37.472836,167.45763,35.05464
83.39834,37.476635,167.4737,35.056427
83.40834,37.480427,167.48975,35.058216
83.41834,37.48423,167.50583,35.060005
83.428345,37.488026,167.5219,35.061783
83.43835,37.491833,167.538,35.06357
83.44834,37.495617,167.55402,35.065353
83.45834,37.499424,167.5701,35.067142
83.468346,37.503216,167.58615,35.068924
83.47835,37.50701,167.6022,35.070713
83.48835,37.510807,167.6183,35.0725
83.49835,37.514618,167.63432,35.07428
83.508354,37.518406,167.65038,35.07606
83.51835,37.522205,167.66643,35.077847
83.52835,37.525997,167.6825,35.07963
83.53835,37.5298,167.69853,35.081413
83.548355,37.5336,167.71458,35.0832
83.55836,37.537403,167.73065,35.08498
83.56836,37.541195,167.74669,35.08676
83.57836,37.544994,167.76276,35.088547
83.588356,37.548794,167.77878,35.09033
83.59836,37.552593,167.79485,35.092117
83.60836,37.55639,167.8109,35.09389
83.61836,37.560192,167.82693,35.095673
83.628365,37.563988,167.84297,35.09746
83.63837,37.567787,167.85902,35.09924
83.64836,37.571575,167.87505,35.101017
83.65836,37.57538,167.8911,35.102802
83.668365,37.579178,167.90712,35.10458
83.67837,37.582973,167.92317,35.10636
83.68837,37.586773,167.93921,35.108147
83.69837,37.590576,167.95526,35.10992
83.708374,37.594376,167.97131,35.11171
83.71837,37.598167,167.98735,35.11349
83.72837,37.601967,168.00334,35.11527
83.73837,37.60577,168.0194,35.117046
83.748375,37.60957,168.03543,35.118824
83.75838,37.613373,168.05144,35.120605
83.76838,37.61717,168.06749,35.122383
83.77838,37.620964,168.08351,35.12417
83.788376,37.62476,168.09952,35.12594
83.79838,37.628563,168.11554,35.127716
83.80838,37.63236,168.13158,35.129498
83.81838,37.63616,168.1476,35.131275
83.828384,37.639965,168.16362,35.133057
83.83839,37.643764,168.17963,35.134834
83.84838,37.647552,168.19565,35.136612
83.85838,37.651363,168.21172,35.13839
83.868385,37.65516,168.2277,35.140163
83.87839,37.65896,168.24371,35.14194
83.88839,37.662758,168.25977,35.14372
83.89839,37.66656,168.27577,35.145496
83.908394,37.670364,168.29178,35.14727
83.91839,37.67415,168.30775,35.149044
83.92839,37.677948,168.3238,35.15082
83.93839,37.681755,168.3398,35.1526
83.948395,37.685562,168.3558,35.154377
83.9584,37.689354,168.37183,35.15615
83.9684,37.693157,168.38785,35.15793
83.9784,37.69696,168.40384,35.1597
83.988396,37.70076,168.41985,35.16148
83.9984,37.704556,168.4358,35.163246
84.0084,37.708355,168.45186,35.165024
84.0184,37.71216,168.46785,35.1668
84.028404,37.71596,168.48387,35.16858
84.03841,37.719757,168.49986,35.17035
84.04841,37.723564,168.51587,35.172123
84.0584,37.72736,168.53183,35.173893
84.068405,37.731167,168.54784,35.175667
84.07841,37.734962,168.56383,35.17744
84.08841,37.738754,168.57986,35.17922
84.09841,37.742565,168.59586,35.18099
84.10841,37.74636,168.61183,35.182762
84.11841,37.75016,168.62779,35.184536
84.12841,37.753963,168.6438,35.186306
84.13841,37.757763,168.65979,35.188076
84.148415,37.761566,168.67577,35.18985
84.15842,37.76537,168.69177,35.191624
84.16842,37.76917,168.70776,35.193394
84.17842,37.772972,168.72375,35.195164
84.188416,37.776768,168.73973,35.196934
84.19842,37.78057,168.75572,35.198708
84.20842,37.784374,168.7717,35.200478
84.21842,37.788177,168.78767,35.20225
84.228424,37.79197,168.80365,35.204018
84.23843,37.79578,168.81963,35.20579
84.24843,37.799572,168.83562,35.207558
84.25842,37.80338,168.85161,35.209328
84.268425,37.807175,168.86755,35.211098
84.27843,37.810986,168.88358,35.212868
84.28843,37.814785,168.89949,35.214638
84.29843,37.81858,168.91548,35.216408
84.30843,37.82239,168.93147,35.218178
84.31843,37.826183,168.94739,35.219944
84.32843,37.829994,168.96338,35.221714
84.33843,37.833786,168.97935,35.223484
84.348434,37.837593,168.99533,35.225254
84.35844,37.8414,169.01128,35.227016
84.36844,37.845196,169.0273,35.228783
84.37844,37.849003,169.04324,35.230553
84.388435,37.852802,169.05917,35.23232
84.39844,37.8566,169.07512,35.23409
84.40844,37.860405,169.09111,35.23586
84.41844,37.864204,169.10703,35.23762
84.428444,37.86801,169.12303,35.239388
84.438446,37.871815,169.13896,35.241154
84.44845,37.875618,169.15497,35.242924
84.45844,37.879417,169.17088,35.244686
84.468445,37.883213,169.18683,35.246452
84.47845,37.887024,169.20279,35.24822
84.48845,37.890835,169.21875,35.24999
84.49845,37.894627,169.23471,35.251755
84.50845,37.89843,169.25069,35.253517
84.518456,37.902233,169.26663,35.255283
84.52845,37.906033,169.28255,35.257042
84.53845,37.909847,169.29852,35.258812
84.548454,37.91364,169.31444,35.260574
84.55846,37.91745,169.33037,35.26234
84.56846,37.92125,169.34633,35.264103
84.57846,37.92505,169.36227,35.26587
84.588455,37.92885,169.3782,35.26763
84.59846,37.93265,169.39415,35.269398
84.60846,37.93646,169.4101,35.27116
84.61846,37.94026,169.42604,35.27292
84.62846,37.944065,169.44197,35.27468
84.638466,37.947872,169.45792,35.27645
84.64847,37.951675,169.47382,35.278206
84.65846,37.955475,169.48978,35.27997
84.668465,37.95928,169.5057,35.28173
84.67847,37.96309,169.52165,35.283497
84.68847,37.966885,169.5376,35.28526
84.69847,37.970688,169.55347,35.28702
84.70847,37.974495,169.56944,35.28878
84.718475,37.978302,169.58536,35.29054
84.72847,37.982105,169.60126,35.2923
84.73847,37.985897,169.6172,35.294064
84.748474,37.989708,169.63316,35.295826
84.75848,37.99352,169.64903,35.297585
84.76848,37.997314,169.66498,35.299347
84.77848,38.00112,169.68091,35.301105
84.788475,38.004925,169.69682,35.302868
84.79848,38.008728,169.71274,35.304626
84.80848,38.012535,169.72864,35.30639
84.81848,38.01634,169.74457,35.308144
84.82848,38.02013,169.76048,35.309902
84.838486,38.02394,169.77641,35.31166
84.84849,38.02775,169.79231,35.313423
84.85848,38.031544,169.8082,35.315178
84.868484,38.035355,169.82416,35.31694
84.87849,38.039158,169.84004,35.318695
84.88849,38.042973,169.85596,35.320454
84.89849,38.046772,169.87187,35.322212
84.90849,38.05058,169.88777,35.323975
84.918495,38.05438,169.90366,35.32573
84.92849,38.058186,169.91957,35.327484
84.93849,38.06199,169.93549,35.32924
84.948494,38.065784,169.9514,35.331
84.958496,38.069603,169.96727,35.332752
84.9685,38.073402,169.98318,35.33451
84.9785,38.07721,169.99913,35.33627
84.9885,38.081017,170.01501,35.338028
84.9985,38.084812,170.03087,35.33978
85.0085,38.088623,170.04677,35.341537
85.0185,38.092426,170.06268,35.343296
85.0285,38.096233,170.07857,35.345047
85.038506,38.100037,170.09447,35.3468
85.04851,38.103844,170.11038,35.34856
85.0585,38.107643,170.12627,35.35031
85.068504,38.111454,170.14217,35.352066
85.07851,38.115257,170.15802,35.35382
85.08851,38.119064,170.17395,35.355576
85.09851,38.12286,170.18979,35.357327
85.10851,38.126675,170.20569,35.35908
85.118515,38.13048,170.22159,35.360844
85.12851,38.13428,170.23744,35.36259
85.13851,38.138084,170.25333,35.364346
85.14851,38.141895,170.26923,35.366093
85.158516,38.145706,170.28511,35.36785
85.16852,38.14951,170.301,35.369602
85.17852,38.153313,170.31685,35.371353
85.18852,38.157124,170.33273,35.37311
85.19852,38.160923,170.34862,35.37486
85.20852,38.164726,170.36449,35.37661
85.21852,38.168537,170.38037,35.378365
85.22852,38.17234,170.39622,35.380116
85.238525,38.17615,170.41212,35.38187
85.24853,38.179962,170.428,35.38362
85.25853,38.183765,170.44386,35.385376
85.268524,38.187565,170.4597,35.387123
85.27853,38.191376,170.47559,35.388874
85.28853,38.19518,170.49144,35.39062
85.29853,38.19899,170.50732,35.392372
85.30853,38.20279,170.5232,35.394127
85.318535,38.206596,170.53908,35.395878
85.32853,38.2104,170.55492,35.397625
85.33853,38.214214,170.57077,35.399376
85.34853,38.218018,170.58661,35.401123
85.358536,38.221825,170.6025,35.402874
85.36854,38.22563,170.61836,35.40462
85.37854,38.229435,170.6342,35.406372
85.38854,38.233246,170.65007,35.408127
85.39854,38.23704,170.66592,35.40987
85.40854,38.240852,170.68175,35.411613
85.41854,38.244663,170.69763,35.41337
85.42854,38.248466,170.71349,35.415115
85.438545,38.252277,170.72934,35.416862
85.44855,38.256084,170.7452,35.41861
85.45855,38.259895,170.76105,35.420357
85.468544,38.2637,170.77687,35.422104
85.478546,38.26751,170.79272,35.423847
85.48855,38.271317,170.80856,35.4256
85.49855,38.27512,170.82442,35.427345
85.50855,38.278934,170.84024,35.429092
85.518555,38.282734,170.85611,35.43084
85.52855,38.28654,170.87192,35.432587
85.53855,38.290348,170.88779,35.43433
85.54855,38.294155,170.90363,35.436077
85.558556,38.29796,170.91945,35.43782
85.56856,38.301773,170.9353,35.439568
85.57856,38.30558,170.95114,35.441315
85.58856,38.309395,170.96698,35.443058
85.59856,38.31319,170.98279,35.4448
85.60856,38.317,170.99863,35.44655
85.61856,38.3208,171.01445,35.448296
85.62856,38.32462,171.03027,35.450035
85.638565,38.328426,171.04613,35.451786
85.64857,38.332237,171.06195,35.453526
85.65857,38.336037,171.07779,35.45527
85.668564,38.339848,171.09357,35.457005
85.678566,38.343662,171.10942,35.458755
85.68857,38.347466,171.12524,35.4605
85.69857,38.351273,171.14107,35.46224
85.70857,38.355083,171.1569,35.46398
85.718575,38.358887,171.17274,35.46573
85.72858,38.362698,171.18854,35.467472
85.73857,38.366505,171.20433,35.469208
85.74857,38.370308,171.22017,35.470955
85.758575,38.374123,171.236,35.472694
85.76858,38.377937,171.25183,35.474434
85.77858,38.381737,171.26762,35.47618
85.78858,38.385548,171.28342,35.47792
85.79858,38.389355,171.29922,35.47966
85.80858,38.39316,171.31505,35.481403
85.81858,38.396976,171.33089,35.483147
85.82858,38.400784,171.34668,35.484886
85.838585,38.404594,171.36247,35.48662
85.84859,38.408398,171.37827,35.488365
85.85859,38.41221,171.39412,35.49011
85.86858,38.41602,171.40991,35.491844
85.878586,38.419827,171.4257,35.493584
85.88859,38.423637,171.4415,35.495323
85.89859,38.427444,171.4573,35.497066
85.90859,38.431255,171.4731,35.498806
85.918594,38.435062,171.4889,35.500546
85.9286,38.43887,171.5047,35.50228
85.93859,38.44267,171.5205,35.50402
85.94859,38.446487,171.5363,35.505756
85.958595,38.450294,171.5521,35.5075
85.9686,38.45411,171.56792,35.509235
85.9786,38.457916,171.58368,35.51097
85.9886,38.461727,171.59947,35.512703
85.9986,38.46553,171.61525,35.514446
86.0086,38.46934,171.63106,35.516186
86.0186,38.473152,171.64684,35.517925
86.0286,38.476955,171.66263,35.519657
86.038605,38.480774,171.67842,35.521397
86.04861,38.48458,171.69418,35.523132
86.05861,38.48839,171.71,35.524868
86.0686,38.492207,171.72577,35.526608
86.078606,38.496002,171.74156,35.528347
86.08861,38.49982,171.75732,35.53008
86.09861,38.50363,171.77312,35.531815
86.10861,38.507442,171.78888,35.53355
86.118614,38.511253,171.80467,35.535286
86.12862,38.515068,171.82043,35.537018
86.13861,38.518867,171.83623,35.538754
86.14861,38.522682,171.85202,35.54049
86.158615,38.526497,171.86777,35.542217
86.16862,38.530308,171.88356,35.543957
86.17862,38.534122,171.89932,35.545692
86.18862,38.53792,171.91508,35.547424
86.19862,38.541733,171.93085,35.549156
86.20862,38.54554,171.94662,35.550896
86.21862,38.549355,171.96239,35.552628
86.22862,38.553165,171.97815,35.554363
86.238625,38.55697,171.99394,35.55609
86.24863,38.560783,172.00969,35.557827
86.25863,38.564598,172.02545,35.559563
86.26862,38.56841,172.04121,35.561295
86.278625,38.572216,172.05699,35.563023
86.28863,38.57603,172.07274,35.564754
86.29863,38.579838,172.0885,35.56649
86.30863,38.58365,172.10423,35.568214
86.318634,38.587463,172.12,35.56995
86.328636,38.59127,172.13577,35.571682
86.33863,38.595074,172.15154,35.573414
86.34863,38.598892,172.16731,35.57515
86.358635,38.602707,172.18304,35.576878
86.36864,38.606518,172.19878,35.578606
86.37864,38.610325,172.21454,35.58034
86.38864,38.61414,172.2303,35.58207
86.39864,38.617943,172.24603,35.583797
86.40864,38.62175,172.26178,35.585533
86.41864,38.625572,172.27754,35.587257
86.42864,38.629375,172.29327,35.588985
86.438644,38.63319,172.30902,35.590717
86.44865,38.637005,172.32475,35.592445
86.45865,38.64082,172.3405,35.59418
86.46864,38.64462,172.35623,35.595905
86.478645,38.648438,172.37201,35.597633
86.48865,38.65225,172.3877,35.599358
86.49865,38.656055,172.40344,35.60109
86.50865,38.659874,172.4192,35.602818
86.518654,38.663685,172.43492,35.60455
86.528656,38.667496,172.45067,35.606274
86.53865,38.671303,172.46638,35.607998
86.54865,38.675117,172.48212,35.60973
86.558655,38.678932,172.4979,35.611454
86.56866,38.682743,172.51361,35.613182
86.57866,38.68655,172.52936,35.61491
86.58866,38.690365,172.54503,35.61664
86.59866,38.69418,172.56078,35.618366
86.60866,38.69799,172.57648,35.620094
86.61866,38.701805,172.59224,35.62182
86.62866,38.705612,172.60796,35.62354
86.638664,38.709423,172.62366,35.62527
86.64867,38.713238,172.63942,35.62699
86.65867,38.71705,172.65512,35.628723
86.66867,38.72087,172.67084,35.630444
86.678665,38.72467,172.68654,35.63217
86.68867,38.72849,172.70224,35.633896
86.69867,38.732304,172.71799,35.63562
86.70867,38.73612,172.7337,35.637344
86.71867,38.739925,172.74939,35.639072
86.728676,38.74374,172.76512,35.640793
86.73867,38.74755,172.78084,35.642513
86.74867,38.75137,172.79654,35.644238
86.758675,38.75517,172.81224,35.645966
86.76868,38.75899,172.82796,35.647686
86.77868,38.762802,172.84369,35.649414
86.78868,38.766617,172.85936,35.65113
86.79868,38.770428,172.8751,35.652855
86.80868,38.77424,172.89081,35.654575
86.81868,38.77805,172.90648,35.6563
86.82868,38.781868,172.92221,35.658024
86.838684,38.78568,172.93793,35.659748
86.84869,38.78949,172.9536,35.661465
86.85869,38.793304,172.96931,35.66319
86.86869,38.797115,172.98502,35.66491
86.878685,38.80093,173.00069,35.666634
86.88869,38.804745,173.0164,35.668354
86.89869,38.808556,173.03209,35.670074
86.90869,38.812366,173.04779,35.671795
86.91869,38.81618,173.06346,35.67352
86.928696,38.82,173.07916,35.67524
86.93869,38.82381,173.09485,35.67696
86.94869,38.827614,173.11052,35.678677
86.958694,38.831432,173.12625,35.680397
86.9687,38.835247,173.1419,35.682125
86.9787,38.839058,173.15761,35.683838
86.9887,38.842876,173.1733,35.685555
86.9987,38.846695,173.18898,35.687275
87.0087,38.8505,173.20464,35.688995
87.0187,38.854317,173.22035,35.690716
87.0287,38.85813,173.23602,35.692432
87.038704,38.861942,173.25171,35.69415
87.048706,38.865757,173.26741,35.695866
87.05871,38.869568,173.28305,35.697586
87.06871,38.873386,173.29874,35.699306
87.078705,38.877197,173.31442,35.701027
87.08871,38.88101,173.33006,35.702736
87.09871,38.884823,173.34576,35.704464
87.10871,38.88865,173.36143,35.70618
87.11871,38.89246,173.37714,35.707893
87.128716,38.89627,173.39279,35.709614
87.13872,38.900093,173.40848,35.71133
87.14871,38.903893,173.4241,35.71304
87.158714,38.907715,173.43977,35.714764
87.16872,38.911522,173.45544,35.716476
87.17872,38.915344,173.4711,35.718193
87.18872,38.919155,173.48677,35.71991
87.19872,38.922974,173.50241,35.721626
87.20872,38.926785,173.5181,35.723343
87.21872,38.9306,173.53375,35.725056
87.22872,38.934418,173.5494,35.72677
87.23872,38.93823,173.5651,35.728485
87.248726,38.942043,173.58075,35.730198
87.25873,38.945858,173.59642,35.731915
87.26873,38.949673,173.61205,35.733627
87.278725,38.953487,173.6277,35.735344
87.28873,38.957306,173.64336,35.737057
87.29873,38.961117,173.65901,35.73877
87.30873,38.964935,173.67467,35.740486
87.31873,38.968746,173.69034,35.742195
87.328735,38.972565,173.70596,35.74391
87.33874,38.97638,173.72162,35.74563
87.34873,38.98019,173.73724,35.747337
87.358734,38.984,173.7529,35.74905
87.36874,38.987823,173.76854,35.750763
87.37874,38.991634,173.7842,35.752476
87.38874,38.995453,173.79985,35.754185
87.39874,38.999268,173.81549,35.7559
87.40874,39.003082,173.83113,35.757614
87.41874,39.006897,173.84676,35.759323
87.42874,39.010708,173.8624,35.761036
87.43874,39.014526,173.87802,35.76274
87.448746,39.01835,173.89368,35.764458
87.45875,39.022156,173.90932,35.766167
87.46875,39.025974,173.92496,35.76788
87.478745,39.029793,173.94057,35.76959
87.48875,39.033604,173.9562,35.7713
87.49875,39.037422,173.97185,35.773006
87.50875,39.041237,173.98747,35.77472
87.51875,39.04505,174.0031,35.77643
87.528755,39.04887,174.0187,35.778137
87.53876,39.05269,174.03435,35.77985
87.54875,39.0565,174.04996,35.78156
87.558754,39.06031,174.06561,35.783264
87.568756,39.064137,174.0812,35.784977
87.57876,39.06795,174.09685,35.786686
87.58876,39.071766,174.11247,35.788395
87.59876,39.075584,174.1281,35.790104
87.608765,39.079395,174.1437,35.79181
87.61876,39.08321,174.1593,35.793518
87.62876,39.08703,174.17496,35.795223
87.63876,39.090843,174.19057,35.796936
87.648766,39.094654,174.20618,35.798637
87.65877,39.09848,174.22182,35.800354
87.66877,39.102295,174.23744,35.80206
87.678764,39.106117,174.25304,35.80376
87.68877,39.10992,174.26862,35.80547
87.69877,39.113743,174.28426,35.80718
87.70877,39.117554,174.29984,35.808887
87.71877,39.121372,174.31546,35.81059
87.728775,39.125195,174.33107,35.812294
87.73878,39.129013,174.34666,35.814
87.74877,39.132828,174.36227,35.81571
87.75877,39.136646,174.37787,35.81741
87.768776,39.140457,174.39346,35.819115
87.77878,39.144276,174.40912,35.820824
87.78878,39.14809,174.42467,35.822525
87.79878,39.15191,174.44029,35.824234
87.808784,39.155727,174.45589,35.82593
87.81878,39.159542,174.4715,35.82764
87.82878,39.163353,174.48706,35.829346
87.83878,39.167175,174.50267,35.83105
87.848785,39.170994,174.51826,35.832752
87.85879,39.17481,174.53386,35.834457
87.86879,39.178627,174.54944,35.836163
87.878784,39.182438,174.565,35.83786
87.88879,39.186264,174.58063,35.83957
87.89879,39.19008,174.5962,35.84127
87.90879,39.19389,174.6118,35.84297
87.91879,39.197716,174.62743,35.844677
87.928795,39.201534,174.64296,35.846386
87.9388,39.20535,174.65857,35.848083
87.94879,39.209167,174.67413,35.84978
87.95879,39.21297,174.68974,35.851482
87.968796,39.216797,174.7053,35.853188
87.9788,39.22062,174.72092,35.85489
87.9888,39.224434,174.73645,35.856586
87.9988,39.228256,174.75204,35.85829
88.008804,39.232075,174.76764,35.859997
88.0188,39.23588,174.7832,35.861694
88.0288,39.239708,174.79878,35.8634
88.0388,39.243523,174.81435,35.865093
88.048805,39.247345,174.82993,35.866795
88.05881,39.251156,174.84549,35.868496
88.06881,39.25498,174.86107,35.870197
88.07881,39.258793,174.87665,35.871895
88.088806,39.262608,174.8922,35.873592
88.09881,39.266426,174.90776,35.875294
88.10881,39.270245,174.92332,35.87699
88.11881,39.274067,174.93889,35.87869
88.128815,39.27789,174.95447,35.880394
88.13882,39.2817,174.97003,35.882084
88.14881,39.285522,174.98557,35.88379
88.15881,39.28934,175.00114,35.885487
88.168816,39.29315,175.01671,35.88718
88.17882,39.296974,175.03227,35.888885
88.18882,39.300797,175.04784,35.890583
88.19882,39.304615,175.0634,35.89228
88.208824,39.308434,175.07895,35.89398
88.21882,39.31225,175.09448,35.895676
88.22882,39.316067,175.11008,35.897373
88.23882,39.31989,175.1256,35.89907
88.248825,39.3237,175.14116,35.90077
88.25883,39.327522,175.1567,35.902462
88.26883,39.33135,175.17226,35.904156
88.27883,39.335163,175.18782,35.905857
88.288826,39.33897,175.20335,35.907547
88.29883,39.342793,175.21889,35.90924
88.30883,39.34661,175.23444,35.91094
88.31883,39.350433,175.24998,35.912636
88.328835,39.354256,175.26553,35.914333
88.33884,39.358074,175.28105,35.916027
88.34883,39.361885,175.29657,35.917717
88.35883,39.365704,175.31215,35.919415
88.368835,39.369522,175.32765,35.92111
88.37884,39.373344,175.34322,35.92281
88.38884,39.37717,175.35875,35.924503
88.39884,39.38099,175.3743,35.926197
88.408844,39.3848,175.3898,35.92789
88.41884,39.388626,175.40538,35.929585
88.42884,39.39245,175.42091,35.93128
88.43884,39.39626,175.43645,35.93297
88.448845,39.400085,175.45195,35.93467
88.45885,39.4039,175.46745,35.936356
88.46885,39.407722,175.48303,35.938046
88.47885,39.411537,175.49852,35.939743
88.488846,39.41535,175.51405,35.941433
88.49885,39.41918,175.52959,35.943123
88.50885,39.423004,175.5451,35.94482
88.51885,39.426815,175.56061,35.94651
88.528854,39.43063,175.57614,35.948196
88.53886,39.434456,175.59167,35.949894
88.54886,39.43827,175.60721,35.951584
88.55885,39.442097,175.62273,35.95328
88.568855,39.44591,175.63821,35.954964
88.57886,39.449734,175.65373,35.956654
88.58886,39.453552,175.66924,35.958347
88.59886,39.457375,175.68478,35.96004
88.608864,39.461193,175.70027,35.96173
88.61886,39.465008,175.71577,35.963417
88.62886,39.468838,175.73132,35.965107
88.63886,39.472656,175.74684,35.966793
88.648865,39.47647,175.76234,35.96849
88.65887,39.4803,175.77783,35.97018
88.66887,39.48412,175.79335,35.971863
88.67887,39.48794,175.80887,35.97356
88.688866,39.49175,175.82436,35.975246
88.69887,39.49557,175.83986,35.976936
88.70887,39.499393,175.85535,35.978622
88.71887,39.503216,175.87091,35.980312
88.728874,39.507042,175.88637,35.982
88.73888,39.510853,175.90186,35.98369
88.74888,39.514675,175.91739,35.98538
88.75887,39.5185,175.93286,35.987064
88.768875,39.522312,175.94838,35.988754
88.77888,39.52614,175.96385,35.99044
88.78888,39.529953,175.97935,35.992126
88.79888,39.533775,175.99486,35.993816
88.80888,39.537598,176.01033,35.9955
88.81888,39.541412,176.0258,35.99719
88.82888,39.54524,176.0413,35.99887
88.83888,39.549057,176.05678,36.000557
88.848885,39.552887,176.07228,36.002243
88.85889,39.556698,176.08777,36.00393
88.86889,39.560528,176.10324,36.00562
88.87889,39.564346,176.11876,36.00731
88.888885,39.56816,176.13423,36.00899
88.89889,39.57199,176.1497,36.01067
88.90889,39.5758,176.16519,36.012356
88.91889,39.57963,176.1807,36.01404
88.928894,39.58345,176.19615,36.01573
88.938896,39.58727,176.21165,36.017414
88.9489,39.59109,176.22711,36.019096
88.95889,39.594913,176.2426,36.02078
88.968895,39.598732,176.25806,36.022465
88.9789,39.60255,176.27353,36.024147
88.9889,39.606373,176.28902,36.02583
88.9989,39.6102,176.30447,36.02751
89.0089,39.614014,176.31998,36.029198
89.018906,39.617836,176.33543,36.03088
89.0289,39.621662,176.35089,36.032566
89.0389,39.62548,176.36635,36.03425
89.048904,39.6293,176.38182,36.03593
89.05891,39.63312,176.39728,36.03761
89.06891,39.636936,176.41275,36.03929
89.07891,39.640762,176.4282,36.040974
89.088905,39.644585,176.44368,36.042656
89.09891,39.648403,176.45912,36.044334
89.10891,39.65223,176.47462,36.04602
89.11891,39.65605,176.49005,36.047707
89.128914,39.65987,176.5055,36.049385
89.138916,39.663696,176.52098,36.051067
89.14892,39.66752,176.5364,36.052742
89.15891,39.67134,176.55186,36.054424
89.168915,39.675156,176.56732,36.056103
89.17892,39.67898,176.58278,36.057785
89.18892,39.68281,176.59822,36.059467
89.19892,39.686623,176.61371,36.06115
89.20892,39.69045,176.62914,36.062828
89.218925,39.69428,176.64459,36.06451
89.22892,39.698086,176.66002,36.06619
89.23892,39.701912,176.67549,36.067863
89.248924,39.705734,176.6909,36.06955
89.25893,39.709564,176.70638,36.071224
89.26893,39.713375,176.72182,36.072903
89.27893,39.717205,176.73726,36.074585
89.288925,39.72102,176.75269,36.076256
89.29893,39.72485,176.76811,36.077934
89.30893,39.728672,176.78357,36.079613
89.31893,39.732487,176.79901,36.081295
89.32893,39.73632,176.81445,36.08297
89.338936,39.740135,176.82985,36.08465
89.34894,39.743954,176.84532,36.086327
89.35893,39.747776,176.86075,36.088005
89.368935,39.751606,176.87619,36.08968
89.37894,39.75543,176.89162,36.09135
89.38894,39.75925,176.90703,36.09303
89.39894,39.763073,176.9225,36.094707
89.40894,39.766895,176.93791,36.096386
89.418945,39.77072,176.95332,36.09806
89.42894,39.77454,176.96872,36.09974
89.43894,39.77836,176.98415,36.101414
89.448944,39.782185,176.99959,36.103092
89.45895,39.786,177.01505,36.104763
89.46895,39.78983,177.03046,36.106445
89.47895,39.793648,177.04587,36.108116
89.48895,39.79748,177.06128,36.109787
89.49895,39.801296,177.07669,36.111465
89.50895,39.805122,177.0921,36.11314
89.51895,39.80895,177.10754,36.11481
89.52895,39.812767,177.12297,36.116486
89.538956,39.816586,177.13838,36.11816
89.54896,39.82041,177.15378,36.11983
89.55895,39.824238,177.16917,36.121506
89.568954,39.828064,177.18459,36.123184
89.57896,39.83188,177.20001,36.12486
89.58896,39.83571,177.21542,36.126526
89.59896,39.83954,177.23083,36.1282
89.60896,39.84335,177.24625,36.12987
89.618965,39.84717,177.26166,36.131546
89.62896,39.851,177.27704,36.133217
89.63896,39.854828,177.29245,36.13489
89.648964,39.858646,177.30785,36.13656
89.658966,39.86247,177.32324,36.13823
89.66897,39.866295,177.33867,36.139908
89.67897,39.870117,177.35408,36.14157
89.68897,39.873943,177.36946,36.14325
89.69897,39.87777,177.38484,36.14492
89.70897,39.88159,177.4003,36.1466
89.71897,39.885403,177.41563,36.14826
89.72897,39.88924,177.43103,36.149937
89.738976,39.893063,177.44643,36.1516
89.74898,39.896885,177.4618,36.153267
89.75897,39.9007,177.4772,36.154945
89.768974,39.904533,177.49257,36.156612
89.77898,39.90835,177.50798,36.158283
89.78898,39.91218,177.5234,36.159954
89.79898,39.916,177.53879,36.16162
89.80898,39.919823,177.55414,36.163292
89.818985,39.923653,177.56952,36.164955
89.82898,39.927475,177.58492,36.16663
89.83898,39.9313,177.6003,36.1683
89.84898,39.935123,177.6157,36.169964
89.858986,39.938946,177.63106,36.17163
89.86899,39.942764,177.64644,36.1733
89.87899,39.946594,177.6618,36.174965
89.88899,39.950413,177.67719,36.17664
89.89899,39.954243,177.69255,36.178303
89.90899,39.958073,177.70795,36.179974
89.91899,39.961887,177.72333,36.18164
89.92899,39.965714,177.73868,36.183304
89.938995,39.969543,177.75409,36.18497
89.949,39.973366,177.76944,36.18664
89.959,39.97719,177.78479,36.18831
89.968994,39.98101,177.80016,36.189972
89.979,39.98484,177.81557,36.191643
89.989,39.988667,177.83092,36.193306
89.999,39.99249,177.84628,36.19497
90.009,39.996315,177.86165,36.19664
90.019005,40.00014,177.87701,36.198303
90.029,40.00396,177.89236,36.19997
90.039,40.00779,177.90773,36.201633
90.049,40.011612,177.92311,36.2033
90.059006,40.015438,177.93843,36.204964
90.06901,40.019264,177.9538,36.206623
90.07901,40.023087,177.9692,36.208298
90.08901,40.026913,177.98454,36.209957
90.09901,40.030735,177.99986,36.21162
90.10901,40.034565,178.01524,36.213287
90.11901,40.038383,178.0306,36.214947
90.12901,40.042213,178.04594,36.216618
90.139015,40.04604,178.06128,36.21827
90.14902,40.049866,178.07663,36.219936
90.15902,40.05369,178.09198,36.221603
90.169014,40.057514,178.10733,36.223267
90.179016,40.061337,178.12267,36.224926
90.18902,40.065163,178.13802,36.22659
90.19902,40.06898,178.15337,36.22825
90.20902,40.072815,178.16873,36.229916
90.219025,40.076637,178.18407,36.23158
90.22902,40.08046,178.19939,36.233234
90.23902,40.084286,178.21474,36.2349
90.24902,40.08811,178.2301,36.23656
90.259026,40.091938,178.24542,36.238228
90.26903,40.095768,178.26074,36.239887
90.27903,40.09959,178.2761,36.241547
90.28903,40.10342,178.2914,36.243202
90.29903,40.10724,178.30676,36.24487
90.30903,40.11107,178.32211,36.24653
90.31903,40.1149,178.3374,36.248184
90.32903,40.118713,178.35274,36.249847
90.339035,40.122547,178.36809,36.251507
90.34904,40.12637,178.38342,36.253166
90.35904,40.130196,178.39873,36.25483
90.36903,40.134018,178.41403,36.256485
90.379036,40.13784,178.42938,36.25815
90.38904,40.141663,178.4447,36.259804
90.39904,40.145493,178.46002,36.26146
90.40904,40.14932,178.47534,36.263123
90.419044,40.153145,178.49066,36.264782
90.42905,40.156975,178.506,36.26644
90.43904,40.1608,178.52129,36.268097
90.44904,40.16463,178.53662,36.269753
90.459045,40.168453,178.55194,36.27141
90.46905,40.172283,178.56728,36.27307
90.47905,40.176105,178.58258,36.274734
90.48905,40.179928,178.59789,36.276386
90.49905,40.183754,178.61322,36.278046
90.50905,40.18759,178.62851,36.279697
90.51905,40.191406,178.64381,36.28136
90.52905,40.195236,178.65913,36.283016
90.539055,40.199062,178.67444,36.28467
90.54906,40.202892,178.68976,36.28633
90.55906,40.206722,178.7051,36.287987
90.56905,40.21054,178.72035,36.28964
90.579056,40.214367,178.73566,36.29129
90.58906,40.218193,178.75095,36.29295
90.59906,40.22203,178.7663,36.29461
90.60906,40.225853,178.78157,36.29626
90.619064,40.229675,178.79688,36.297913
90.62907,40.233505,178.8122,36.299572
90.63906,40.237328,178.82745,36.301228
90.64906,40.241158,178.84276,36.302876
90.659065,40.244984,178.85805,36.30454
90.66907,40.248814,178.87337,36.30619
90.67907,40.25264,178.88864,36.307842
90.68907,40.256462,178.90395,36.309498
90.699066,40.26029,178.91922,36.31115
90.70907,40.26411,178.9345,36.312805
90.71907,40.26794,178.94981,36.31446
90.72907,40.271767,178.96509,36.31611
90.739075,40.2756,178.98038,36.317764
90.74908,40.27943,178.99568,36.319416
90.75908,40.283253,179.01097,36.321075
90.76907,40.287086,179.02623,36.32272
90.779076,40.29091,179.04153,36.32438
90.78908,40.29474,179.0568,36.326023
90.79908,40.298557,179.07207,36.327675
90.80908,40.302387,179.08736,36.329334
90.819084,40.306213,179.10266,36.330986
90.82909,40.310047,179.11792,36.332638
90.83908,40.31386,179.1332,36.334286
90.84908,40.3177,179.14847,36.335934
90.859085,40.32152,179.16373,36.337585
90.86909,40.325344,179.17903,36.339237
90.87909,40.329178,179.19429,36.34089
90.88909,40.333,179.20958,36.34254
90.89909,40.336838,179.22482,36.344193
90.90909,40.340664,179.24013,36.34584
90.91909,40.344486,179.25536,36.34749
90.92909,40.348316,179.27063,36.349136
90.939095,40.352142,179.28593,36.35079
90.9491,40.35597,179.30116,36.35244
90.9591,40.3598,179.31644,36.354088
90.96909,40.36362,179.33167,36.35574
90.979095,40.36745,179.34694,36.357384
90.9891,40.37128,179.36223,36.359028
90.9991,40.375107,179.37747,36.360683
91.0091,40.378933,179.39275,36.36233
91.019104,40.382763,179.408,36.363983
91.029106,40.386593,179.42325,36.36563
91.0391,40.390423,179.43852,36.367275
91.0491,40.394253,179.45377,36.368923
91.059105,40.398067,179.46901,36.37057
91.06911,40.401897,179.48425,36.372215
91.07911,40.405735,179.49951,36.373863
91.08911,40.409557,179.51479,36.375507
91.09911,40.413387,179.53003,36.37716
91.10911,40.417213,179.54527,36.37881
91.11911,40.421043,179.56052,36.38045
91.12911,40.424866,179.57574,36.3821
91.139114,40.428703,179.59099,36.383743
91.14912,40.43253,179.60625,36.385387
91.15912,40.43636,179.6215,36.38703
91.16911,40.44018,179.63673,36.38868
91.179115,40.44401,179.65196,36.390327
91.18912,40.44784,179.66719,36.391968
91.19912,40.451664,179.68245,36.39362
91.20912,40.455494,179.69766,36.395267
91.219124,40.45932,179.71292,36.396908
91.229126,40.463154,179.7282,36.398552
91.23912,40.466976,179.74336,36.400196
91.24912,40.470814,179.75862,36.40184
91.259125,40.47464,179.77386,36.403484
91.26913,40.47847,179.78911,36.40513
91.27913,40.4823,179.80432,36.406773
91.28913,40.486126,179.81955,36.408417
91.29913,40.489952,179.83476,36.410057
91.30913,40.49378,179.85,36.4117
91.31913,40.497612,179.86522,36.413345
91.32913,40.50144,179.88046,36.41499
91.339134,40.505276,179.89569,36.41663
91.34914,40.50909,179.9109,36.418278
91.35914,40.512928,179.92612,36.419914
91.36914,40.516766,179.94135,36.421555
91.379135,40.520576,179.95654,36.4232
91.38914,40.524406,179.97177,36.424843
91.39914,40.528233,179.987,36.426483
91.40914,40.532066,180.00221,36.428123
91.41914,40.53589,180.01743,36.429768
91.429146,40.539734,180.03264,36.431408
91.43914,40.543552,180.04784,36.43305
91.44914,40.547386,180.06305,36.43469
91.459145,40.551212,180.07828,36.43633
91.46915,40.555042,180.09348,36.43797
91.47915,40.558872,180.10867,36.43961
91.48915,40.5627,180.12389,36.441254
91.49915,40.566532,180.13911,36.44289
91.50915,40.57036,180.15431,36.444527
91.51915,40.574184,180.16951,36.446163
91.52915,40.57802,180.18472,36.44781
91.539154,40.58185,180.19992,36.449448
91.54916,40.585682,180.21512,36.451088
91.55916,40.58951,180.23035,36.452724
91.56916,40.593334,180.24551,36.45437
91.579155,40.597164,180.26074,36.456005
91.58916,40.600998,180.27596,36.45764
91.59916,40.604813,180.2911,36.45928
91.60916,40.60865,180.3063,36.46092
91.61916,40.612473,180.32152,36.462555
91.629166,40.61631,180.3367,36.46419
91.63916,40.620144,180.35188,36.46583
91.64916,40.62397,180.36708,36.46747
91.659164,40.627804,180.38226,36.469105
91.66917,40.631634,180.39745,36.47074
91.67917,40.635456,180.41263,36.47238
91.68917,40.63929,180.42786,36.474014
91.69917,40.643124,180.44304,36.47566
91.70917,40.646946,180.45816,36.477287
91.71917,40.65078,180.47337,36.478928
91.72917,40.654606,180.48857,36.480564
91.739174,40.658436,180.50375,36.4822
91.749176,40.662273,180.51894,36.483833
91.75918,40.6661,180.53412,36.48547
91.76918,40.66993,180.5493,36.487106
91.779175,40.673756,180.56445,36.48874
91.78918,40.677586,180.5796,36.490376
91.79918,40.681423,180.59482,36.492012
91.80918,40.68525,180.61,36.493645
91.81918,40.68908,180.62517,36.495274
91.829185,40.692913,180.64035,36.496914
91.83919,40.696735,180.6555,36.498547
91.84918,40.70057,180.67068,36.50018
91.859184,40.7044,180.68584,36.50182
91.86919,40.70823,180.70102,36.503452
91.87919,40.71206,180.71617,36.50508
91.88919,40.715885,180.73134,36.506718
91.89919,40.71972,180.74654,36.50835
91.90919,40.72354,180.76164,36.50998
91.91919,40.72738,180.77682,36.511616
91.92919,40.731216,180.792,36.513245
91.93919,40.73504,180.80713,36.514877
91.949196,40.738865,180.82231,36.516514
91.9592,40.742695,180.83746,36.518143
91.9692,40.746525,180.85262,36.51977
91.979195,40.75036,180.86778,36.521408
91.9892,40.75419,180.88293,36.523037
91.9992,40.75802,180.89809,36.52467
92.0092,40.761856,180.91324,36.526302
92.0192,40.765682,180.92839,36.52793
92.029205,40.769516,180.94354,36.529568
92.03921,40.77335,180.95872,36.531193
92.0492,40.777164,180.97385,36.53282
92.059204,40.781006,180.989,36.534454
92.06921,40.784832,181.00414,36.536087
92.07921,40.788666,181.01929,36.53772
92.08921,40.792492,181.03441,36.539345
92.09921,40.79633,181.04953,36.540974
92.10921,40.80015,181.06471,36.542603
92.11921,40.80399,181.07986,36.544235
92.12921,40.80782,181.09499,36.54586
92.13921,40.811646,181.11014,36.54749
92.149216,40.81548,181.12529,36.54912
92.15922,40.81931,181.14041,36.55075
92.16922,40.82314,181.15556,36.55238
92.179214,40.826977,181.17067,36.554005
92.18922,40.830807,181.18584,36.555634
92.19922,40.83464,181.20099,36.55726
92.20922,40.838474,181.21606,36.55889
92.21922,40.842297,181.2312,36.560516
92.229225,40.846134,181.24632,36.562145
92.23923,40.849957,181.26147,36.563766
92.24922,40.85379,181.2766,36.5654
92.259224,40.857616,181.29172,36.567028
92.269226,40.86145,181.30682,36.56865
92.27923,40.865284,181.32195,36.57028
92.28923,40.869114,181.3371,36.57191
92.29923,40.872955,181.35222,36.573536
92.309235,40.87678,181.36731,36.575157
92.31923,40.88061,181.38245,36.576786
92.32923,40.884445,181.39758,36.578415
92.33923,40.888275,181.41267,36.580036
92.349236,40.8921,181.4278,36.581665
92.35924,40.89594,181.44292,36.583286
92.36924,40.89977,181.45804,36.584915
92.379234,40.9036,181.47313,36.58654
92.38924,40.90743,181.48825,36.588165
92.39924,40.91127,181.50337,36.589787
92.40924,40.915096,181.51848,36.591408
92.41924,40.91893,181.5336,36.593037
92.429245,40.92276,181.54872,36.594666
92.43925,40.926594,181.56383,36.59629
92.44924,40.930416,181.57893,36.597908
92.45924,40.93426,181.59402,36.599533
92.469246,40.93809,181.60915,36.601154
92.47925,40.94192,181.62422,36.602776
92.48925,40.94575,181.63933,36.6044
92.49925,40.94958,181.65445,36.60602
92.509254,40.953403,181.66957,36.60765
92.51925,40.95723,181.68462,36.609264
92.52925,40.96108,181.69974,36.610897
92.53925,40.96491,181.71481,36.61251
92.549255,40.968735,181.72993,36.61414
92.55926,40.97257,181.74504,36.615757
92.56926,40.976406,181.76012,36.617382
92.579254,40.980225,181.7752,36.619
92.58926,40.984066,181.79027,36.620625
92.59926,40.987904,181.80539,36.622242
92.60926,40.991726,181.82047,36.623863
92.61926,40.995564,181.83557,36.62549
92.629265,40.999393,181.85065,36.62711
92.63927,41.00323,181.86574,36.628727
92.64926,41.00706,181.88083,36.63035
92.65926,41.01089,181.8959,36.63197
92.669266,41.01472,181.91098,36.633587
92.67927,41.018555,181.92607,36.63521
92.68927,41.02239,181.94116,36.63683
92.69927,41.026226,181.95622,36.638443
92.709274,41.030056,181.97131,36.64007
92.71927,41.03388,181.98639,36.64168
92.72927,41.03772,182.00148,36.643307
92.73927,41.041553,182.01653,36.644924
92.749275,41.045383,182.03162,36.64654
92.75928,41.049225,182.04669,36.648163
92.76928,41.053055,182.06177,36.64978
92.77928,41.056877,182.07681,36.651398
92.789276,41.060707,182.09192,36.65302
92.79928,41.06454,182.10695,36.654636
92.80928,41.068375,182.12204,36.65625
92.81928,41.072212,182.13713,36.657864
92.829285,41.07605,182.15219,36.65949
92.83929,41.079872,182.16725,36.661106
92.84928,41.083702,182.18228,36.662716
92.85928,41.087543,182.19739,36.664337
92.869286,41.091377,182.21245,36.665955
92.87929,41.095215,182.22751,36.667572
92.88929,41.099037,182.24254,36.66919
92.89929,41.102875,182.2576,36.670803
92.909294,41.106697,182.27266,36.67242
92.91929,41.110535,182.28773,36.674034
92.92929,41.114365,182.3028,36.675655
92.93929,41.118206,182.31784,36.67727
92.949295,41.122036,182.33289,36.678886
92.9593,41.125862,182.34793,36.680496
92.9693,41.129704,182.36299,36.682114
92.9793,41.13353,182.37804,36.683727
92.989296,41.137363,182.3931,36.68534
92.9993,41.141197,182.40813,36.686954
93.0093,41.14504,182.4232,36.68857
93.0193,41.14887,182.43823,36.690186
93.029305,41.152702,182.4533,36.6918
93.03931,41.156532,182.46834,36.693413
93.0493,41.160362,182.48338,36.695026
93.0593,41.164196,182.49838,36.696636
93.069305,41.168026,182.51346,36.698254
93.07931,41.17187,182.52849,36.699867
93.08931,41.1757,182.54353,36.70148
93.09931,41.179535,182.55856,36.703094
93.109314,41.183372,182.5736,36.70471
93.11931,41.18719,182.58862,36.706318
93.12931,41.191025,182.60367,36.707928
93.13931,41.194866,182.6187,36.70954
93.149315,41.1987,182.63373,36.71115
93.15932,41.20253,182.64877,36.712765
93.16932,41.20636,182.6638,36.714382
93.17932,41.2102,182.67882,36.71599
93.189316,41.214027,182.69386,36.7176
93.19932,41.21786,182.70888,36.71921
93.20932,41.2217,182.7239,36.72082
93.21932,41.22553,182.73894,36.722435
93.229324,41.229362,182.75394,36.724045
93.23933,41.233196,182.76898,36.725655
93.24933,41.237034,182.784,36.727264
93.25932,41.24086,182.79903,36.728874
93.269325,41.2447,182.81406,36.730484
93.27933,41.248535,182.82909,36.732098
93.28933,41.252365,182.84406,36.733704
93.29933,41.2562,182.85909,36.735313
93.30933,41.26004,182.87413,36.736923
93.31933,41.263866,182.8891,36.738525
93.32933,41.267704,182.90413,36.74014
93.33933,41.271534,182.91914,36.741745
93.349335,41.275368,182.93414,36.74336
93.35934,41.279205,182.94917,36.744965
93.36934,41.28304,182.96419,36.746582
93.37934,41.286873,182.97919,36.748184
93.389336,41.290703,182.9942,36.749794
93.39934,41.29454,183.00919,36.751404
93.40934,41.298374,183.0242,36.753006
93.41934,41.302208,183.03922,36.754616
93.429344,41.30604,183.05423,36.756226
93.43935,41.30987,183.06924,36.757835
93.44935,41.313713,183.08423,36.759438
93.45934,41.317547,183.0992,36.76104
93.469345,41.321373,183.11423,36.76265
93.47935,41.325207,183.1292,36.764256
93.48935,41.32905,183.1442,36.76586
93.49935,41.332886,183.15921,36.767467
93.50935,41.33671,183.17418,36.769073
93.51935,41.34054,183.18916,36.77068
93.52935,41.344383,183.20416,36.77228
93.53935,41.348213,183.2192,36.77389
93.549355,41.35205,183.23418,36.775494
93.55936,41.355873,183.24915,36.7771
93.56936,41.359726,183.26414,36.778706
93.57936,41.363556,183.27913,36.780308
93.589355,41.367382,183.29411,36.781914
93.59936,41.37123,183.3091,36.78352
93.60936,41.375057,183.32408,36.785122
93.61936,41.378887,183.33908,36.78673
93.629364,41.382725,183.35406,36.788334
93.639366,41.386566,183.36905,36.789936
93.64937,41.390396,183.384,36.791542
93.65936,41.394226,183.39899,36.793144
93.669365,41.398064,183.41399,36.794746
93.67937,41.401905,183.42894,36.79635
93.68937,41.405735,183.44391,36.79796
93.69937,41.40956,183.45886,36.799553
93.70937,41.4134,183.47388,36.80116
93.719376,41.417244,183.48882,36.80276
93.72937,41.42107,183.50381,36.804363
93.73937,41.424904,183.5188,36.805965
93.749374,41.428734,183.53375,36.80757
93.75938,41.43258,183.54872,36.80917
93.76938,41.43641,183.56367,36.810776
93.77938,41.44024,183.57863,36.812374
93.789375,41.444073,183.59361,36.813976
93.79938,41.44791,183.6086,36.815575
93.80938,41.451748,183.62355,36.817173
93.81938,41.45559,183.63852,36.81878
93.829384,41.45942,183.65347,36.820377
93.839386,41.463253,183.66841,36.821976
93.84939,41.467094,183.6834,36.823578
93.85938,41.470917,183.69835,36.82518
93.869385,41.474762,183.71329,36.826782
93.87939,41.478596,183.72824,36.828377
93.88939,41.482426,183.74321,36.829975
93.89939,41.486263,183.75815,36.831577
93.90939,41.4901,183.77313,36.833176
93.919395,41.493935,183.78807,36.834778
93.92939,41.49777,183.80302,36.836376
93.93939,41.501602,183.81796,36.837975
93.949394,41.50544,183.83292,36.83957
93.9594,41.50927,183.84789,36.84117
93.9694,41.5131,183.86281,36.842766
93.9794,41.51694,183.87778,36.844364
93.989395,41.520775,183.8927,36.845966
93.9994,41.524612,183.90764,36.84756
94.0094,41.528454,183.92259,36.849163
94.0194,41.532276,183.9375,36.850758
94.0294,41.53612,183.95248,36.852356
94.039406,41.53995,183.96739,36.853947
94.04941,41.54379,183.98235,36.85555
94.0594,41.54762,183.99725,36.857143
94.069405,41.55146,184.01218,36.858738
94.07941,41.555294,184.02715,36.860336
94.08941,41.559128,184.04207,36.861935
94.09941,41.562965,184.057,36.863537
94.10941,41.566814,184.07198,36.865128
94.119415,41.570644,184.08687,36.866726
94.12941,41.574474,184.10178,36.868313
94.13941,41.578304,184.11673,36.869915
94.149414,41.58215,184.13165,36.87151
94.15942,41.58598,184.14656,36.873104
94.16942,41.589817,184.16151,36.8747
94.17942,41.593647,184.1764,36.876297
94.18942,41.59749,184.19136,36.877888
94.19942,41.601322,184.20628,36.879486
94.20942,41.605156,184.2212,36.881084
94.21942,41.608997,184.23611,36.882675
94.22942,41.61283,184.25102,36.884266
94.239426,41.616673,184.26593,36.88586
94.24943,41.620502,184.28087,36.887455
94.25942,41.624336,184.29576,36.889046
94.269424,41.62817,184.31068,36.890636
94.27943,41.632,184.32562,36.892235
94.28943,41.635845,184.34052,36.893826
94.29943,41.63968,184.35542,36.89542
94.30943,41.64352,184.37035,36.89701
94.319435,41.647346,184.38524,36.8986
94.32943,41.651184,184.40013,36.900196
94.33943,41.655018,184.41507,36.901787
94.349434,41.658863,184.42995,36.90338
94.359436,41.66269,184.44487,36.904972
94.36944,41.66653,184.4598,36.906563
94.37944,41.670372,184.47467,36.908157
94.38944,41.67421,184.48961,36.909748
94.39944,41.67804,184.50447,36.911343
94.40944,41.681877,184.5194,36.912933
94.41944,41.685707,184.53432,36.914524
94.42944,41.68955,184.54918,36.916115
94.439445,41.693382,184.56409,36.9177
94.44945,41.697224,184.57896,36.919296
94.45944,41.701054,184.59386,36.920883
94.469444,41.70489,184.60875,36.922474
94.47945,41.708725,184.62366,36.92406
94.48945,41.712563,184.63858,36.925655
94.49945,41.716408,184.65344,36.927246
94.50945,41.720238,184.66832,36.92883
94.519455,41.72406,184.68321,36.93042
94.52945,41.72791,184.69809,36.93201
94.53945,41.73174,184.71298,36.9336
94.54945,41.735577,184.72787,36.935184
94.559456,41.739414,184.74277,36.93678
94.56946,41.74325,184.75764,36.938362
94.57946,41.74709,184.77254,36.93995
94.58946,41.75093,184.78743,36.941544
94.59946,41.75476,184.8023,36.943127
94.60946,41.7586,184.81717,36.944717
94.61946,41.762432,184.83205,36.946304
94.62946,41.766273,184.84691,36.947887
94.639465,41.770115,184.86182,36.949482
94.64947,41.773945,184.87668,36.95106
94.65947,41.77778,184.89156,36.95265
94.669464,41.781616,184.9064,36.954243
94.67947,41.785458,184.9213,36.95583
94.68947,41.789288,184.93617,36.957413
94.69947,41.79313,184.95103,36.958996
94.70947,41.796967,184.96593,36.960583
94.719475,41.800797,184.98077,36.96217
94.72947,41.804638,184.99564,36.963757
94.73947,41.808468,185.01047,36.96534
94.74947,41.812317,185.02536,36.96693
94.759476,41.81615,185.04024,36.968513
94.76948,41.819984,185.05508,36.970097
94.77948,41.823826,185.06995,36.97168
94.78948,41.82766,185.0848,36.973267
94.79948,41.831493,185.09969,36.974857
94.80948,41.835335,185.11453,36.97644
94.81948,41.839172,185.12938,36.97802
94.82948,41.84301,185.14426,36.979603
94.839485,41.846844,185.15909,36.981186
94.84949,41.850685,185.17393,36.982773
94.85949,41.854523,185.1888,36.984356
94.869484,41.858353,185.20366,36.98594
94.879486,41.862194,185.2185,36.987522
94.88949,41.866024,185.23334,36.98911
94.89949,41.86986,185.24817,36.99069
94.90949,41.873707,185.26306,36.992275
94.919495,41.877533,185.2779,36.993855
94.92949,41.88137,185.29274,36.995434
94.93949,41.885212,185.30757,36.997025
94.94949,41.88905,185.3224,36.998604
94.959496,41.892887,185.33725,37.000183
94.9695,41.89672,185.35211,37.001762
94.9795,41.900555,185.36694,37.003345
94.9895,41.9044,185.38177,37.00493
94.9995,41.90824,185.39664,37.006508
95.0095,41.91207,185.41145,37.008087
95.0195,41.91591,185.42632,37.009674
95.0295,41.91974,185.44112,37.011253
95.039505,41.92358,185.45595,37.012833
95.04951,41.927418,185.4708,37.014416
95.05951,41.931263,185.48566,37.015995
95.0695,41.935093,185.50044,37.017574
95.079506,41.938934,185.51529,37.019157
95.08951,41.94277,185.53009,37.020733
95.09951,41.94661,185.54495,37.022316
95.10951,41.950447,185.55977,37.0239
95.119514,41.95428,185.57458,37.025475
95.12952,41.95812,185.58942,37.027054
95.13951,41.961952,185.60423,37.028633
95.14951,41.965786,185.61905,37.03021
95.159515,41.969627,185.6339,37.03179
95.16952,41.973473,185.6487,37.03337
95.17952,41.977303,185.66353,37.034946
95.18952,41.98114,185.67836,37.036526
95.19952,41.984974,185.69316,37.0381
95.20952,41.988815,185.70796,37.039677
95.21952,41.992657,185.72278,37.04126
95.22952,41.996494,185.73761,37.042835
95.239525,42.000324,185.75243,37.044415
95.24953,42.00417,185.76723,37.04599
95.25953,42.008007,185.78207,37.04757
95.26952,42.011845,185.79686,37.04915
95.279526,42.01568,185.81166,37.05072
95.28953,42.019512,185.82648,37.052296
95.29953,42.023354,185.84125,37.053875
95.30953,42.0272,185.85608,37.055454
95.319534,42.031036,185.87091,37.05703
95.32954,42.03487,185.8857,37.058605
95.33953,42.0387,185.90048,37.060177
95.34953,42.042545,185.91527,37.061752
95.359535,42.046383,185.9301,37.06333
95.36954,42.05022,185.94487,37.064903
95.37954,42.05405,185.95969,37.06648
95.38954,42.057896,185.97447,37.068054
95.39954,42.06173,185.98927,37.06963
95.40954,42.06556,186.00406,37.0712
95.41954,42.069405,186.01886,37.072777
95.42954,42.07325,186.03363,37.074356
95.439545,42.077087,186.04843,37.075928
95.44955,42.080925,186.06323,37.077503
95.45955,42.084755,186.07803,37.07908
95.46954,42.08859,186.09282,37.080647
95.479546,42.092438,186.1076,37.08222
95.48955,42.096268,186.1224,37.083794
95.49955,42.100113,186.1372,37.08537
95.50955,42.10395,186.15198,37.08694
95.519554,42.107796,186.16675,37.088512
95.52956,42.111626,186.18153,37.09009
95.53955,42.115467,186.19633,37.091656
95.54955,42.119305,186.21109,37.09323
95.559555,42.12313,186.22585,37.094803
95.56956,42.12698,186.24063,37.09638
95.57956,42.13082,186.25539,37.09795
95.58956,42.13465,186.2702,37.09952
95.59956,42.138485,186.28496,37.10109
95.60956,42.14232,186.29971,37.10266
95.61956,42.146164,186.31453,37.10423
95.62956,42.149994,186.32927,37.105804
95.639565,42.153847,186.34404,37.107376
95.64957,42.157673,186.35883,37.108948
95.65957,42.161514,186.37361,37.11052
95.66956,42.165363,186.38837,37.112095
95.679565,42.169193,186.40312,37.113663
95.68957,42.17304,186.4179,37.11523
95.69957,42.176872,186.43266,37.1168
95.70957,42.180714,186.44743,37.118366
95.719574,42.18455,186.4622,37.119938
95.729576,42.1884,186.47697,37.12151
95.73957,42.19223,186.49171,37.123074
95.74957,42.19606,186.50645,37.12464
95.759575,42.199913,186.52122,37.126213
95.76958,42.203747,186.53603,37.127785
95.77958,42.207584,186.55075,37.129356
95.78958,42.211414,186.5655,37.13092
95.79958,42.21526,186.58025,37.132484
95.80958,42.219093,186.59502,37.13406
95.81958,42.222927,186.60976,37.135624
95.82958,42.22677,186.62448,37.13719
95.839584,42.230614,186.63928,37.13876
95.84959,42.234447,186.65402,37.140324
95.85959,42.23829,186.66876,37.1419
95.86959,42.242123,186.68352,37.14346
95.879585,42.245975,186.69827,37.145027
95.88959,42.2498,186.71298,37.14659
95.89959,42.253647,186.72772,37.148163
95.90959,42.25748,186.7425,37.149727
95.91959,42.261326,186.75722,37.151295
95.929596,42.265163,186.77194,37.15286
95.93959,42.268993,186.78668,37.154427
95.94959,42.272835,186.80144,37.155994
95.959595,42.27667,186.8162,37.15756
95.9696,42.280514,186.83093,37.159126
95.9796,42.284348,186.84566,37.160694
95.9896,42.288193,186.8604,37.162254
95.9996,42.292027,186.8751,37.163822
96.0096,42.295864,186.88985,37.165386
96.0196,42.29971,186.90459,37.16695
96.0296,42.30355,186.91933,37.168518
96.039604,42.30739,186.93407,37.17008
96.04961,42.311226,186.94875,37.171642
96.05961,42.31506,186.9635,37.173206
96.06961,42.318897,186.97823,37.17477
96.079605,42.32273,186.99292,37.17633
96.08961,42.326576,187.00763,37.1779
96.09961,42.33041,187.02237,37.17946
96.10961,42.33425,187.0371,37.181023
96.11961,42.338093,187.05182,37.182587
96.129616,42.341934,187.06656,37.18415
96.13961,42.345768,187.08127,37.18572
96.14961,42.349598,187.09596,37.18727
96.159615,42.353447,187.1107,37.188843
96.16962,42.357277,187.12538,37.190403
96.17962,42.361126,187.1401,37.19196
96.18962,42.364967,187.15483,37.19352
96.19962,42.36881,187.16956,37.195087
96.20962,42.372643,187.18423,37.196648
96.21962,42.376476,187.19896,37.19821
96.22962,42.380318,187.21368,37.19977
96.239624,42.384163,187.22841,37.20134
96.249626,42.388,187.2431,37.202892
96.25963,42.391834,187.25781,37.204456
96.26963,42.395676,187.27252,37.206017
96.279625,42.399513,187.28723,37.207577
96.28963,42.403362,187.30193,37.20914
96.29963,42.407196,187.31662,37.210697
96.30963,42.411045,187.33131,37.212257
96.31963,42.414875,187.34602,37.213814
96.329636,42.418716,187.3607,37.21537
96.33964,42.42256,187.37544,37.216938
96.34963,42.426388,187.3901,37.218494
96.359634,42.430233,187.40479,37.22005
96.36964,42.434067,187.41948,37.22161
96.37964,42.437912,187.43419,37.22317
96.38964,42.44175,187.4489,37.22473
96.39964,42.44559,187.46358,37.226288
96.40964,42.44942,187.47826,37.227848
96.41964,42.45327,187.49294,37.22941
96.42964,42.45711,187.50763,37.230965
96.439644,42.46095,187.52235,37.23252
96.449646,42.46479,187.53702,37.23408
96.45965,42.468628,187.5517,37.235634
96.46965,42.472466,187.5664,37.237198
96.479645,42.476295,187.58105,37.23875
96.48965,42.480145,187.5957,37.240307
96.49965,42.483982,187.61043,37.241867
96.50965,42.487823,187.62512,37.243423
96.51965,42.491665,187.6398,37.24498
96.529655,42.495502,187.65448,37.246536
96.53966,42.49934,187.66914,37.248093
96.54965,42.50318,187.68382,37.249653
96.559654,42.507015,187.6985,37.251205
96.56966,42.510857,187.71315,37.25276
96.57966,42.514706,187.72783,37.254314
96.58966,42.518536,187.74251,37.255875
96.59966,42.522373,187.7572,37.257427
96.60966,42.526215,187.77184,37.258984
96.61966,42.530052,187.7865,37.260536
96.62966,42.533894,187.8012,37.262096
96.63966,42.537727,187.81584,37.26365
96.649666,42.541573,187.83049,37.2652
96.65967,42.54542,187.84518,37.266754
96.66967,42.549255,187.85983,37.268307
96.679665,42.553085,187.8745,37.269863
96.68967,42.55693,187.88918,37.271416
96.69967,42.56077,187.90382,37.272972
96.70967,42.564617,187.91849,37.274525
96.71967,42.56845,187.93315,37.276077
96.729675,42.57229,187.94781,37.27763
96.73968,42.576134,187.96246,37.27919
96.74967,42.57996,187.9771,37.28074
96.759674,42.583805,187.99176,37.28229
96.76968,42.58765,188.0064,37.28384
96.77968,42.591488,188.02107,37.285393
96.78968,42.595333,188.03572,37.286945
96.79968,42.599167,188.05037,37.2885
96.809685,42.603012,188.065,37.29005
96.81968,42.606846,188.07965,37.291607
96.82968,42.610687,188.0943,37.29315
96.83968,42.614525,188.10898,37.294712
96.849686,42.618366,188.12361,37.296257
96.85969,42.622204,188.13821,37.297813
96.86969,42.626045,188.15286,37.29936
96.879684,42.62988,188.16753,37.300907
96.88969,42.633724,188.18214,37.302464
96.89969,42.637566,188.19682,37.304016
96.90969,42.641403,188.21146,37.305565
96.91969,42.645245,188.22609,37.307114
96.929695,42.64909,188.24074,37.30867
96.9397,42.65293,188.25533,37.310215
96.94969,42.65676,188.26994,37.311764
96.959694,42.660606,188.28464,37.313313
96.969696,42.66445,188.29922,37.314865
96.9797,42.66828,188.31387,37.31641
96.9897,42.672127,188.32852,37.317966
96.9997,42.675964,188.34314,37.31951
97.009705,42.679806,188.35777,37.321064
97.0197,42.68365,188.37236,37.322613
97.0297,42.68749,188.38702,37.324158
97.0397,42.69132,188.40166,37.325703
97.049706,42.695168,188.41624,37.32725
97.05971,42.699017,188.43088,37.328808
97.06971,42.702847,188.4455,37.33035
97.079704,42.706688,188.46013,37.331894
97.08971,42.71053,188.47475,37.33345
97.09971,42.714367,188.48936,37.334995
97.10971,42.71821,188.50398,37.33654
97.11971,42.722046,188.51859,37.338085
97.129715,42.725887,188.53319,37.33963
97.13972,42.729733,188.54784,37.34118
97.14971,42.733574,188.56245,37.342728
97.15971,42.73741,188.57707,37.344276
97.169716,42.74124,188.59164,37.345818
97.17972,42.745083,188.60626,37.347363
97.18972,42.748936,188.62086,37.34891
97.19972,42.752766,188.63547,37.350456
97.209724,42.756615,188.65009,37.352
97.21972,42.760452,188.66472,37.353554
97.22972,42.764282,188.67928,37.355095
97.23972,42.768127,188.69391,37.356636
97.249725,42.771973,188.7085,37.35818
97.25973,42.775803,188.7231,37.359734
97.26973,42.77965,188.7377,37.361275
97.27973,42.7835,188.75232,37.362823
97.28973,42.787327,188.76689,37.36436
97.29973,42.79117,188.7815,37.36591
97.30973,42.795013,188.7961,37.367455
97.31973,42.79885,188.81068,37.36899
97.329735,42.80269,188.82529,37.37054
97.33974,42.80653,188.83989,37.37208
97.34973,42.81037,188.85448,37.373623
97.35973,42.81421,188.86906,37.375164
97.369736,42.818058,188.88367,37.37671
97.37974,42.821896,188.89824,37.37825
97.38974,42.825733,188.91283,37.379795
97.39974,42.829582,188.92741,37.381336
97.409744,42.833416,188.94202,37.382885
97.41974,42.83726,188.95659,37.384426
97.42974,42.841095,188.97116,37.385967
97.43974,42.844936,188.98575,37.387505
97.449745,42.848774,189.00034,37.389053
97.45975,42.852623,189.01491,37.390587
97.46975,42.856453,189.0295,37.392136
97.47975,42.860294,189.0441,37.393673
97.489746,42.864132,189.05862,37.395214
97.49975,42.867977,189.07323,37.39675
97.50975,42.87182,189.08781,37.3983
97.51975,42.875664,189.10239,37.39984
97.529755,42.879505,189.11694,37.40138
97.53976,42.883335,189.13152,37.402924
97.54975,42.887184,189.1461,37.40446
97.55975,42.89102,189.16066,37.406
97.569756,42.89486,189.17525,37.40754
97.57976,42.8987,189.1898,37.409077
97.58976,42.902546,189.20438,37.410618
97.59976,42.906387,189.21893,37.41216
97.609764,42.91023,189.2335,37.413696
97.61976,42.914066,189.24806,37.415234
97.62976,42.917908,189.26262,37.41677
97.63976,42.921753,189.27719,37.418316
97.649765,42.92559,189.29176,37.419853
97.65977,42.92943,189.30634,37.421394
97.66977,42.93327,189.32088,37.42293
97.67977,42.937115,189.33543,37.424465
97.689766,42.94094,189.34995,37.426003
97.69977,42.94479,189.36453,37.42754
97.70977,42.94864,189.3791,37.429085
97.71977,42.952473,189.39365,37.430622
97.729774,42.956326,189.4082,37.432156
97.73978,42.960148,189.42274,37.43369
97.74978,42.964005,189.43732,37.43523
97.75977,42.96784,189.45184,37.436764
97.769775,42.971676,189.46637,37.438305
97.77978,42.97553,189.48094,37.439842
97.78978,42.979362,189.49548,37.44138
97.79978,42.983196,189.51004,37.442913
97.809784,42.98705,189.52461,37.44445
97.81978,42.990887,189.53912,37.445988
97.82978,42.994724,189.55368,37.447525
97.83978,42.99856,189.56819,37.44906
97.849785,43.002403,189.58275,37.450596
97.85979,43.00624,189.59729,37.45213
97.86979,43.010082,189.61183,37.453663
97.87979,43.013927,189.62636,37.455196
97.889786,43.017773,189.64091,37.45673
97.89979,43.021614,189.65543,37.458267
97.90979,43.025448,189.66994,37.4598
97.91979,43.02928,189.68451,37.461334
97.929794,43.033134,189.699,37.462868
97.9398,43.036976,189.71355,37.46441
97.9498,43.040817,189.7281,37.46594
97.95979,43.04465,189.7426,37.46747
97.969795,43.04849,189.75716,37.469
97.9798,43.052334,189.7717,37.47054
97.9898,43.056175,189.78618,37.472073
97.9998,43.060013,189.80072,37.47361
98.0098,43.063858,189.81523,37.47514
98.0198,43.06769,189.82976,37.476673
98.0298,43.071533,189.84427,37.478207
98.0398,43.075382,189.8588,37.479733
98.049805,43.079216,189.87334,37.481266
98.05981,43.08306,189.88785,37.4828
98.06981,43.08691,189.90236,37.484333
98.07981,43.09075,189.91689,37.485863
98.089806,43.09459,189.9314,37.487396
98.09981,43.09843,189.94589,37.488926
98.10981,43.102276,189.96042,37.49046
98.11981,43.106113,189.97495,37.491993
98.129814,43.10996,189.98946,37.493523
98.13982,43.113796,190.00394,37.495056
98.14982,43.117638,190.01846,37.496582
98.15981,43.12147,190.03297,37.49811
98.169815,43.12532,190.04747,37.49964
98.17982,43.129158,190.06198,37.50118
98.18982,43.133007,190.07648,37.502705
98.19982,43.136837,190.091,37.504234
98.20982,43.140682,190.1055,37.505768
98.219826,43.144524,190.12,37.507294
98.22982,43.148365,190.13448,37.508823
98.23982,43.15221,190.14897,37.510353
98.249825,43.156055,190.16351,37.511887
98.25983,43.159885,190.17798,37.513412
98.26983,43.163727,190.19246,37.51494
98.27983,43.167572,190.20697,37.51647
98.289825,43.171413,190.22147,37.517998
98.29983,43.175247,190.23596,37.519524
98.30983,43.17909,190.25044,37.52105
98.31983,43.18293,190.26494,37.522583
98.329834,43.18678,190.27946,37.524113
98.339836,43.190628,190.29393,37.525642
98.34984,43.194454,190.30844,37.527164
98.35983,43.198303,190.3229,37.528687
98.369835,43.202145,190.33737,37.530216
98.37984,43.205982,190.35187,37.53175
98.38984,43.209827,190.36638,37.53327
98.39984,43.21367,190.38084,37.5348
98.40984,43.217518,190.39532,37.53633
98.419846,43.221336,190.4098,37.53785
98.42984,43.22518,190.42426,37.539375
98.43984,43.229027,190.43875,37.54091
98.449844,43.232864,190.45325,37.54243
98.45985,43.23671,190.46771,37.543957
98.46985,43.24056,190.4822,37.545486
98.47985,43.244385,190.49667,37.547012
98.489845,43.248234,190.51112,37.54854
98.49985,43.252075,190.5256,37.55006
98.50985,43.255913,190.54008,37.551586
98.51985,43.259754,190.55452,37.55311
98.529854,43.263607,190.569,37.55463
98.539856,43.26745,190.58351,37.556156
98.54986,43.271282,190.59799,37.55769
98.55985,43.275127,190.61241,37.559208
98.569855,43.278973,190.62688,37.56073
98.57986,43.28281,190.64134,37.562256
98.58986,43.28665,190.6558,37.56378
98.59986,43.2905,190.67029,37.565304
98.60986,43.29434,190.68475,37.56683
98.619865,43.298176,190.6992,37.56835
98.62986,43.302017,190.71367,37.56987
98.63986,43.305862,190.72812,37.571396
98.649864,43.309692,190.74257,37.572918
98.65987,43.31355,190.75702,37.574444
98.66987,43.317387,190.77148,37.575966
98.67987,43.321228,190.78593,37.577484
98.68987,43.325066,190.80042,37.579006
98.69987,43.3289,190.8148,37.580524
98.70987,43.33275,190.82925,37.582054
98.71987,43.336594,190.84377,37.583576
98.72987,43.340435,190.85818,37.5851
98.739876,43.34428,190.87263,37.586617
98.74988,43.348114,190.8871,37.588142
98.75987,43.35195,190.90152,37.589657
98.769875,43.355804,190.91595,37.59118
98.77988,43.35964,190.93042,37.5927
98.78988,43.363487,190.94484,37.594223
98.79988,43.367313,190.95927,37.595745
98.80988,43.37115,190.97374,37.597263
98.819885,43.37501,190.98819,37.59878
98.82988,43.37884,191.00262,37.600304
98.83988,43.38269,191.01706,37.60182
98.849884,43.386528,191.03148,37.603344
98.859886,43.390377,191.04591,37.604866
98.86989,43.39421,191.06036,37.60638
98.87989,43.398067,191.07477,37.607903
98.88989,43.401897,191.08923,37.60942
98.89989,43.40573,191.10362,37.610935
98.90989,43.409588,191.11807,37.612457
98.91989,43.413425,191.1325,37.613976
98.92989,43.417267,191.14694,37.615494
98.939896,43.421104,191.16136,37.617016
98.9499,43.424946,191.17581,37.618534
98.95989,43.428783,191.19022,37.620052
98.969894,43.432625,191.20462,37.62157
98.9799,43.436466,191.21904,37.623085
98.9899,43.440315,191.23346,37.624603
98.9999,43.444153,191.24791,37.62612
99.0099,43.447994,191.26231,37.62764
99.019905,43.45184,191.27675,37.629154
99.0299,43.455677,191.29115,37.630672
99.0399,43.459522,191.30556,37.63219
99.049904,43.46336,191.31996,37.633705
99.059906,43.467205,191.3344,37.635223
99.06991,43.47105,191.3488,37.636738
99.07991,43.474884,191.36325,37.638256
99.08991,43.47874,191.37764,37.639774
99.09991,43.48257,191.39201,37.641285
99.10991,43.48641,191.40645,37.642803
99.11991,43.490253,191.42087,37.644318
99.12991,43.494095,191.43527,37.645836
99.139915,43.497936,191.44966,37.647346
99.14992,43.50178,191.46407,37.64886
99.15992,43.505627,191.47847,37.65038
99.169914,43.509468,191.49289,37.651894
99.17992,43.513306,191.5073,37.653408
99.18992,43.51715,191.5217,37.654926
99.19992,43.52099,191.5361,37.656437
99.20992,43.52483,191.5505,37.65795
99.219925,43.528683,191.56491,37.659466
99.22992,43.532513,191.57925,37.660976
99.23992,43.536358,191.59369,37.66249
99.24992,43.5402,191.60806,37.66401
99.259926,43.544037,191.62247,37.66552
99.26993,43.54788,191.63686,37.667034
99.27993,43.551723,191.65125,37.668545
99.28993,43.555565,191.66563,37.67006
99.29993,43.559402,191.68002,37.671574
99.30993,43.563255,191.69441,37.673084
99.31993,43.56709,191.7088,37.6746
99.32993,43.57093,191.72319,37.676105
99.339935,43.57478,191.73758,37.677624
99.34994,43.578625,191.75198,37.679134
99.35994,43.582455,191.76637,37.68065
99.369934,43.586296,191.78072,37.68215
99.37994,43.59014,191.79509,37.68367
99.38994,43.593983,191.80951,37.685177
99.39994,43.597828,191.82387,37.68669
99.40994,43.601665,191.83823,37.688198
99.419945,43.605515,191.85262,37.68971
99.42994,43.609344,191.86697,37.691223
99.43994,43.613186,191.88136,37.692734
99.44994,43.61704,191.89574,37.694244
99.459946,43.62088,191.91011,37.69575
99.46995,43.624718,191.92448,37.69726
99.47995,43.628563,191.93887,37.698776
99.48995,43.632397,191.95322,37.700287
99.49995,43.636246,191.96759,37.701794
99.50995,43.640087,191.98195,37.703304
99.51995,43.64392,191.99632,37.70481
99.52995,43.64777,192.01068,37.70632
99.539955,43.65161,192.02507,37.707832
99.54996,43.65545,192.03944,37.709343
99.55996,43.659294,192.05377,37.71085
99.569954,43.66314,192.06812,37.712357
99.579956,43.66698,192.0825,37.713867
99.58996,43.670822,192.09685,37.715374
99.59996,43.67466,192.11122,37.716877
99.60996,43.67851,192.12561,37.71839
99.619965,43.682358,192.13995,37.7199
99.62997,43.686188,192.1543,37.721405
99.63996,43.690033,192.16864,37.722916
99.64996,43.69387,192.183,37.72442
99.659966,43.697716,192.19737,37.725933
99.66997,43.701565,192.21173,37.727432
99.67997,43.705395,192.22603,37.728943
99.68997,43.70924,192.2404,37.730446
99.69997,43.713085,192.25476,37.73196
99.70997,43.716923,192.26909,37.733463
99.71997,43.720764,192.28342,37.734966
99.72997,43.724613,192.2978,37.736473
99.739975,43.72845,192.31213,37.73798
99.74998,43.732292,192.32648,37.739487
99.75998,43.736137,192.34084,37.74099
99.76997,43.73997,192.35513,37.7425
99.779976,43.74382,192.36949,37.744003
99.78998,43.74766,192.38385,37.745506
99.79998,43.751503,192.39816,37.74701
99.80998,43.75534,192.41249,37.748516
99.819984,43.759182,192.42686,37.75002
99.82999,43.763027,192.44116,37.751526
99.83998,43.766872,192.4555,37.753033
99.84998,43.770706,192.46983,37.75453
99.859985,43.774548,192.48416,37.756035
99.86999,43.7784,192.4985,37.75754
99.87999,43.782238,192.51285,37.759045
99.88999,43.786076,192.52718,37.76055
99.89999,43.789917,192.54147,37.76205
99.90999,43.793766,192.55583,37.763557
99.91999,43.797604,192.57013,37.765057
99.92999,43.80145,192.58447,37.766563
99.939995,43.805294,192.59879,37.768063
99.95,43.80913,192.6131,37.76957
99.96,43.812973,192.62744,37.771072
99.96999,43.816807,192.64174,37.77257
99.979996,43.820663,192.65607,37.774075
99.99,43.8245,192.6704,37.775578
100.0,43.828342,192.68472,37.77708
